Activity,Profile_Age,Source_Year,n,estimate,cv_approx,annual_pass
Basketball,0-4,2016,76,1600.0,0.241466979262959,True
Basketball,5-9,2016,841,23700.0,0.1456374602441242,True
Basketball,10-14,2016,4914,141200.0,0.10332964376077292,True
Basketball,15-19,2016,4875,162100.0,0.09542910043273309,True
Basketball,20-24,2016,1623,62100.0,0.09362070642704386,True
Basketball,25-29,2016,929,35000.0,0.11109661115469381,True
Basketball,30-34,2016,539,20800.0,0.08965417574832073,True
Basketball,35-39,2016,350,12800.0,0.0972363186675539,True
Basketball,40-44,2016,213,8100.0,0.12724704760415398,True
Basketball,45-49,2016,141,4800.0,0.1344188532263539,True
Basketball,50-54,2016,95,4300.0,0.21354672405827704,True
Basketball,55-59,2016,62,2000.0,0.193028621705792,True
Basketball,60-64,2016,28,,0.2690023019144627,False
Basketball,65-69,2016,13,,0.3325761466477927,False
Basketball,70-74,2016,6,,0.4547149371179114,False
Basketball,75-79,2016,7,,0.4487841917853511,False
Basketball,80+,2016,6,,0.4543397648253177,False
Exercise/fitness,0-4,2016,193,5400.0,0.1979704230847292,True
Exercise/fitness,5-9,2016,402,13100.0,0.2483511747825055,True
Exercise/fitness,10-14,2016,788,30100.0,0.166564063559865,True
Exercise/fitness,15-19,2016,906,37400.0,0.1150792150279373,True
Exercise/fitness,20-24,2016,1003,36200.0,0.16182753347694004,True
Exercise/fitness,25-29,2016,927,34200.0,0.15477289645593958,True
Exercise/fitness,30-34,2016,841,34500.0,0.15188343587829403,True
Exercise/fitness,35-39,2016,728,27700.0,0.14547363291144225,True
Exercise/fitness,40-44,2016,537,23300.0,0.13516905723439104,True
Exercise/fitness,45-49,2016,542,24300.0,0.11315126839641106,True
Exercise/fitness,50-54,2016,548,25000.0,0.12604328724141867,True
Exercise/fitness,55-59,2016,470,19800.0,0.15721645017294214,True
Exercise/fitness,60-64,2016,379,17000.0,0.14991693351469448,True
Exercise/fitness,65-69,2016,392,18900.0,0.20408690184388292,True
Exercise/fitness,70-74,2016,268,14400.0,0.20871993578138276,True
Exercise/fitness,75-79,2016,194,10200.0,0.21278109310084614,True
Exercise/fitness,80+,2016,252,13200.0,0.19508474195089506,True
Football,0-4,2016,60,1200.0,0.2407642196363785,True
Football,5-9,2016,1324,32700.0,0.13103898166084785,True
Football,10-14,2016,5478,158500.0,0.11005726199194298,True
Football,15-19,2016,3568,126800.0,0.10727176071132388,True
Football,20-24,2016,546,21900.0,0.10178454981345574,True
Football,25-29,2016,332,13000.0,0.11683563955885816,True
Football,30-34,2016,205,7600.0,0.11343085567189032,True
Football,35-39,2016,112,5500.0,0.14255240077437217,True
Football,40-44,2016,60,2500.0,0.1828385420183488,True
Football,45-49,2016,37,1500.0,0.19214888530319338,True
Football,50-54,2016,38,1500.0,0.14737837136288054,True
Football,55-59,2016,21,,0.3121638043908838,False
Football,60-64,2016,15,,0.35788670056484173,False
Football,65-69,2016,6,,0.45836122080445246,False
Football,70-74,2016,6,,0.45248751275747645,False
Football,75-79,2016,0,,,False
Football,80+,2016,1,,1.0000000000000007,False
Soccer,0-4,2016,82,1300.0,0.2932525400235186,True
Soccer,5-9,2016,924,25800.0,0.21714535836553905,True
Soccer,10-14,2016,3005,77700.0,0.17275156284800197,True
Soccer,15-19,2016,2133,65200.0,0.14981513303328114,True
Soccer,20-24,2016,534,20400.0,0.14579723417184431,True
Soccer,25-29,2016,300,10500.0,0.1930256458439226,True
Soccer,30-34,2016,242,8300.0,0.1775000178705341,True
Soccer,35-39,2016,156,6300.0,0.25058882162022567,True
Soccer,40-44,2016,104,4100.0,0.18782785197208862,True
Soccer,45-49,2016,79,2800.0,0.30542632758175303,True
Soccer,50-54,2016,42,,0.39415833254604815,False
Soccer,55-59,2016,22,,0.34576501562576983,False
Soccer,60-64,2016,12,,0.5223660782387094,False
Soccer,65-69,2016,3,,0.6587982043569802,False
Soccer,70-74,2016,3,,0.5498309007072074,False
Soccer,75-79,2016,2,,0.8658165298208201,False
Soccer,80+,2016,2,,0.7107833910761336,False
Swimming/diving,0-4,2016,563,19700.0,0.27451657902615917,True
Swimming/diving,5-9,2016,1185,45300.0,0.20567106198000365,True
Swimming/diving,10-14,2016,1033,42200.0,0.20721259134596187,True
Swimming/diving,15-19,2016,503,23400.0,0.17266190271820317,True
Swimming/diving,20-24,2016,214,11600.0,0.15396030545776593,True
Swimming/diving,25-29,2016,195,10600.0,0.17179649196460892,True
Swimming/diving,30-34,2016,185,10100.0,0.1634008149527652,True
Swimming/diving,35-39,2016,159,9100.0,0.1796249942444735,True
Swimming/diving,40-44,2016,134,7400.0,0.1703249079049391,True
Swimming/diving,45-49,2016,102,5200.0,0.1730201679772314,True
Swimming/diving,50-54,2016,122,6100.0,0.22341831470193604,True
Swimming/diving,55-59,2016,77,4400.0,0.20444207655635577,True
Swimming/diving,60-64,2016,79,4200.0,0.2509733222645945,True
Swimming/diving,65-69,2016,73,4200.0,0.30149077770018023,True
Swimming/diving,70-74,2016,36,,0.4478946619316784,False
Swimming/diving,75-79,2016,40,,0.4269658563076441,False
Swimming/diving,80+,2016,50,,0.41781013629301134,False
Baseball/softball,0-4,2016,128,4300.0,0.14292004694586746,True
Baseball/softball,5-9,2016,650,22100.0,0.13436422506364495,True
Baseball/softball,10-14,2016,1821,63900.0,0.12429301960275549,True
Baseball/softball,15-19,2016,1291,51600.0,0.1231486612145808,True
Baseball/softball,20-24,2016,262,12300.0,0.13265316883901354,True
Baseball/softball,25-29,2016,253,11300.0,0.10671643543102541,True
Baseball/softball,30-34,2016,226,10900.0,0.12459809091592747,True
Baseball/softball,35-39,2016,188,8600.0,0.13040061116769858,True
Baseball/softball,40-44,2016,132,6000.0,0.16030043616841563,True
Baseball/softball,45-49,2016,128,5500.0,0.1218400780249843,True
Baseball/softball,50-54,2016,80,3800.0,0.14157930554890405,True
Baseball/softball,55-59,2016,53,2600.0,0.24645526738575557,True
Baseball/softball,60-64,2016,34,,0.44604457913004153,False
Baseball/softball,65-69,2016,33,,0.4167738377838066,False
Baseball/softball,70-74,2016,18,,0.45319679949522124,False
Baseball/softball,75-79,2016,11,,0.4822488370690162,False
Baseball/softball,80+,2016,12,,0.3323852819350501,False
Weight training,0-4,2016,87,2200.0,0.1949979674494069,True
Weight training,5-9,2016,71,2700.0,0.20454627383002957,True
Weight training,10-14,2016,189,7200.0,0.16064025455021538,True
Weight training,15-19,2016,554,23600.0,0.117717696034069,True
Weight training,20-24,2016,398,16300.0,0.1315127118976737,True
Weight training,25-29,2016,309,11800.0,0.15093892226423775,True
Weight training,30-34,2016,266,11300.0,0.12273861065167349,True
Weight training,35-39,2016,232,10600.0,0.1420505657181594,True
Weight training,40-44,2016,165,7000.0,0.17604868362105466,True
Weight training,45-49,2016,142,5500.0,0.1320505478188456,True
Weight training,50-54,2016,135,5200.0,0.15112165247009868,True
Weight training,55-59,2016,82,3700.0,0.24387107005500555,True
Weight training,60-64,2016,42,1900.0,0.20305147841199142,True
Weight training,65-69,2016,38,1800.0,0.2212388671039205,True
Weight training,70-74,2016,24,,0.3014093695301383,False
Weight training,75-79,2016,17,,0.2706503987637732,False
Weight training,80+,2016,16,,0.3164926700398176,False
Other sport/recreation,0-4,2016,34,,0.3155575952258778,False
Other sport/recreation,5-9,2016,488,13400.0,0.23559720428870767,True
Other sport/recreation,10-14,2016,1117,33500.0,0.17563354978854614,True
Other sport/recreation,15-19,2016,692,26100.0,0.10993674543305698,True
Other sport/recreation,20-24,2016,205,8600.0,0.17071880048727694,True
Other sport/recreation,25-29,2016,92,3700.0,0.16337081082522006,True
Other sport/recreation,30-34,2016,56,2200.0,0.19312928290761586,True
Other sport/recreation,35-39,2016,47,1700.0,0.2200271629914301,True
Other sport/recreation,40-44,2016,32,1300.0,0.2418864369238565,True
Other sport/recreation,45-49,2016,25,1400.0,0.2398183377947843,True
Other sport/recreation,50-54,2016,28,1300.0,0.27578940090114445,True
Other sport/recreation,55-59,2016,19,,0.2757886182650925,False
Other sport/recreation,60-64,2016,5,,0.5754235111007405,False
Other sport/recreation,65-69,2016,7,,0.4058766518530502,False
Other sport/recreation,70-74,2016,1,,0.9999999999999991,False
Other sport/recreation,75-79,2016,2,,0.8658165298208196,False
Other sport/recreation,80+,2016,3,,0.6704380483589096,False
Combat sports,0-4,2016,10,,0.4111194088749343,False
Combat sports,5-9,2016,147,4100.0,0.1648333937955023,True
Combat sports,10-14,2016,567,18500.0,0.12429731947591824,True
Combat sports,15-19,2016,722,28600.0,0.13406525762159796,True
Combat sports,20-24,2016,227,10100.0,0.13142305125960846,True
Combat sports,25-29,2016,172,7400.0,0.1398245846721647,True
Combat sports,30-34,2016,121,4700.0,0.1636661845189584,True
Combat sports,35-39,2016,99,4500.0,0.19091234520416145,True
Combat sports,40-44,2016,59,2900.0,0.22837256624813687,True
Combat sports,45-49,2016,54,2400.0,0.20248934837961505,True
Combat sports,50-54,2016,35,1500.0,0.2418341022118064,True
Combat sports,55-59,2016,15,,0.2953196029156441,False
Combat sports,60-64,2016,6,,0.458991312124457,False
Combat sports,65-69,2016,6,,0.5545653038560816,False
Combat sports,70-74,2016,0,,,False
Combat sports,75-79,2016,0,,,False
Combat sports,80+,2016,1,,1.0000000000000007,False
Other ball sports,0-4,2016,224,6000.0,0.16639669992869985,True
Other ball sports,5-9,2016,485,13400.0,0.1528346130030067,True
Other ball sports,10-14,2016,767,24900.0,0.12608677607696908,True
Other ball sports,15-19,2016,217,7600.0,0.12324424145932035,True
Other ball sports,20-24,2016,66,2200.0,0.17292085011561986,True
Other ball sports,25-29,2016,80,3000.0,0.15981065203818134,True
Other ball sports,30-34,2016,67,3200.0,0.17492049629447295,True
Other ball sports,35-39,2016,39,1600.0,0.22965774527776117,True
Other ball sports,40-44,2016,33,,0.21833114458232003,False
Other ball sports,45-49,2016,33,1600.0,0.2346498788222319,True
Other ball sports,50-54,2016,26,1200.0,0.2541948043490084,True
Other ball sports,55-59,2016,25,,0.28244960104920513,False
Other ball sports,60-64,2016,24,,0.37969532100480574,False
Other ball sports,65-69,2016,33,,0.49815438203117934,False
Other ball sports,70-74,2016,19,,0.38258000320443625,False
Other ball sports,75-79,2016,10,,0.40120355150581544,False
Other ball sports,80+,2016,8,,0.4007609964421341,False
Gymnastics/cheerleading,0-4,2016,59,,0.2746764182994894,False
Gymnastics/cheerleading,5-9,2016,500,14800.0,0.17167968854749446,True
Gymnastics/cheerleading,10-14,2016,1033,29100.0,0.14362641567438533,True
Gymnastics/cheerleading,15-19,2016,560,21300.0,0.12535355448944543,True
Gymnastics/cheerleading,20-24,2016,54,2500.0,0.18697273704625034,True
Gymnastics/cheerleading,25-29,2016,14,,0.3229124020084201,False
Gymnastics/cheerleading,30-34,2016,9,,0.4053197686758605,False
Gymnastics/cheerleading,35-39,2016,5,,0.6310283697366783,False
Gymnastics/cheerleading,40-44,2016,6,,0.48756762813135407,False
Gymnastics/cheerleading,45-49,2016,6,,0.5250973729357268,False
Gymnastics/cheerleading,50-54,2016,3,,0.7109804760818004,False
Gymnastics/cheerleading,55-59,2016,1,,1.0000000000000007,False
Gymnastics/cheerleading,60-64,2016,1,,1.0000000000000002,False
Gymnastics/cheerleading,65-69,2016,1,,1.0,False
Gymnastics/cheerleading,70-74,2016,0,,,False
Gymnastics/cheerleading,75-79,2016,1,,0.9999999999999999,False
Gymnastics/cheerleading,80+,2016,0,,,False
Volleyball,0-4,2016,4,,0.6801515520966224,False
Volleyball,5-9,2016,31,,0.28561395811688445,False
Volleyball,10-14,2016,597,18900.0,0.1356404014535462,True
Volleyball,15-19,2016,599,21600.0,0.11718258840604774,True
Volleyball,20-24,2016,108,5300.0,0.17480510052351939,True
Volleyball,25-29,2016,61,2700.0,0.18512343293143801,True
Volleyball,30-34,2016,62,3100.0,0.1660581049702776,True
Volleyball,35-39,2016,34,1900.0,0.25988761897641455,True
Volleyball,40-44,2016,39,2200.0,0.26978911204149403,True
Volleyball,45-49,2016,27,,0.36804138973795814,False
Volleyball,50-54,2016,17,,0.35452435844746594,False
Volleyball,55-59,2016,10,,0.3979630852278456,False
Volleyball,60-64,2016,7,,0.5109137785992427,False
Volleyball,65-69,2016,6,,0.681968968593158,False
Volleyball,70-74,2016,2,,0.8670717874839399,False
Volleyball,75-79,2016,3,,0.7676497178831976,False
Volleyball,80+,2016,2,,0.8343165546125682,False
Snow sports,0-4,2016,5,,0.8885252346600255,False
Snow sports,5-9,2016,51,,0.6240287724815252,False
Snow sports,10-14,2016,258,,0.4357463771192016,False
Snow sports,15-19,2016,194,7500.0,0.2654517370353934,True
Snow sports,20-24,2016,166,6300.0,0.1810443705723875,True
Snow sports,25-29,2016,107,3900.0,0.24481156927703723,True
Snow sports,30-34,2016,59,2200.0,0.2225525703211288,True
Snow sports,35-39,2016,51,2200.0,0.2838916301492049,True
Snow sports,40-44,2016,53,,0.42154928406479836,False
Snow sports,45-49,2016,47,,0.4085357288142824,False
Snow sports,50-54,2016,27,,0.42398399251139895,False
Snow sports,55-59,2016,24,,0.28597088319956504,False
Snow sports,60-64,2016,22,,0.39633300366580576,False
Snow sports,65-69,2016,14,,0.36909461648874603,False
Snow sports,70-74,2016,9,,0.4435491657092904,False
Snow sports,75-79,2016,7,,0.4778716431997365,False
Snow sports,80+,2016,0,,,False
Hockey,0-4,2016,8,,0.5059387373015104,False
Hockey,5-9,2016,116,3000.0,0.2575168930927252,True
Hockey,10-14,2016,457,11500.0,0.300312645277302,True
Hockey,15-19,2016,422,12000.0,0.26823673741783516,True
Hockey,20-24,2016,114,5100.0,0.26037527361377155,True
Hockey,25-29,2016,95,3600.0,0.25530523449480896,True
Hockey,30-34,2016,65,,0.3504175767261861,False
Hockey,35-39,2016,22,,0.2960476197724106,False
Hockey,40-44,2016,33,,0.4015719548532617,False
Hockey,45-49,2016,27,,0.3291520675439916,False
Hockey,50-54,2016,24,,0.35138399862845754,False
Hockey,55-59,2016,17,,0.3637067888499185,False
Hockey,60-64,2016,5,,0.668291392092956,False
Hockey,65-69,2016,1,,1.0000000000000009,False
Hockey,70-74,2016,1,,1.0000000000000002,False
Hockey,75-79,2016,0,,,False
Hockey,80+,2016,1,,1.0000000000000002,False
Fishing,0-4,2016,34,1700.0,0.21419043921962433,True
Fishing,5-9,2016,97,4300.0,0.18664932727530267,True
Fishing,10-14,2016,138,7300.0,0.2585155729824915,True
Fishing,15-19,2016,104,6500.0,0.22744437119988384,True
Fishing,20-24,2016,75,3800.0,0.24157282583120343,True
Fishing,25-29,2016,76,4500.0,0.25502879104488324,True
Fishing,30-34,2016,74,4500.0,0.18365116237075607,True
Fishing,35-39,2016,81,5200.0,0.2296993983738907,True
Fishing,40-44,2016,86,4600.0,0.18032149201357392,True
Fishing,45-49,2016,88,5200.0,0.24606324533526674,True
Fishing,50-54,2016,93,5200.0,0.1844670923708901,True
Fishing,55-59,2016,86,4900.0,0.2057664829085921,True
Fishing,60-64,2016,64,3900.0,0.22356895263536317,True
Fishing,65-69,2016,66,4000.0,0.22263546809047677,True
Fishing,70-74,2016,40,2200.0,0.18729299232196944,True
Fishing,75-79,2016,23,1700.0,0.31250357318153915,True
Fishing,80+,2016,17,,0.38921486971131286,False
Basketball,0-4,2017,75,1500.0,0.18947645649566547,True
Basketball,5-9,2017,895,23400.0,0.12803468079042613,True
Basketball,10-14,2017,5519,157400.0,0.09903358241350535,True
Basketball,15-19,2017,5175,163600.0,0.09023561903928916,True
Basketball,20-24,2017,1670,62900.0,0.0900511811949414,True
Basketball,25-29,2017,864,32200.0,0.09285453223010402,True
Basketball,30-34,2017,558,20800.0,0.09613245206568173,True
Basketball,35-39,2017,361,14500.0,0.09849960634713831,True
Basketball,40-44,2017,174,6400.0,0.10284024549580933,True
Basketball,45-49,2017,132,5500.0,0.10074626892733574,True
Basketball,50-54,2017,124,5600.0,0.13301128661356615,True
Basketball,55-59,2017,53,1900.0,0.15548438702827072,True
Basketball,60-64,2017,36,1400.0,0.24143158034184292,True
Basketball,65-69,2017,20,,0.29125515360201115,False
Basketball,70-74,2017,7,,0.49227821694845786,False
Basketball,75-79,2017,2,,0.8525226787938296,False
Basketball,80+,2017,5,,0.6122796928701597,False
Exercise/fitness,0-4,2017,193,5000.0,0.1696709942534189,True
Exercise/fitness,5-9,2017,419,13800.0,0.13547381854537213,True
Exercise/fitness,10-14,2017,859,31700.0,0.1378011330193774,True
Exercise/fitness,15-19,2017,923,35600.0,0.10599294957572292,True
Exercise/fitness,20-24,2017,1094,40000.0,0.15581557181787475,True
Exercise/fitness,25-29,2017,965,38900.0,0.1170527424772868,True
Exercise/fitness,30-34,2017,831,33100.0,0.12547871324969134,True
Exercise/fitness,35-39,2017,730,31100.0,0.10339490034329961,True
Exercise/fitness,40-44,2017,591,25200.0,0.09412648857543839,True
Exercise/fitness,45-49,2017,585,24900.0,0.10454814243065691,True
Exercise/fitness,50-54,2017,571,25900.0,0.11961402232662521,True
Exercise/fitness,55-59,2017,497,22300.0,0.1258608912092582,True
Exercise/fitness,60-64,2017,419,20500.0,0.11393189504147645,True
Exercise/fitness,65-69,2017,426,20500.0,0.1409113563073424,True
Exercise/fitness,70-74,2017,327,15900.0,0.1769523116789242,True
Exercise/fitness,75-79,2017,252,12600.0,0.21938107624520561,True
Exercise/fitness,80+,2017,370,17500.0,0.1625957961267881,True
Football,0-4,2017,47,,0.28062956621597795,False
Football,5-9,2017,1247,29000.0,0.12216864197493948,True
Football,10-14,2017,5002,142100.0,0.1004320082679505,True
Football,15-19,2017,3327,117600.0,0.08425795217456114,True
Football,20-24,2017,451,17600.0,0.11225111169459114,True
Football,25-29,2017,324,12300.0,0.1187003524561395,True
Football,30-34,2017,209,8500.0,0.11324729267179473,True
Football,35-39,2017,99,3700.0,0.13086799384853998,True
Football,40-44,2017,55,2500.0,0.19350146245020902,True
Football,45-49,2017,46,2100.0,0.20474770963339686,True
Football,50-54,2017,35,1500.0,0.19323936096782507,True
Football,55-59,2017,24,,0.33580205338983193,False
Football,60-64,2017,8,,0.37712751784000725,False
Football,65-69,2017,4,,0.46482744858359154,False
Football,70-74,2017,2,,0.842052198786608,False
Football,75-79,2017,3,,0.6454609548789246,False
Football,80+,2017,2,,0.6908492797077574,False
Soccer,0-4,2017,83,1500.0,0.2744275922181178,True
Soccer,5-9,2017,872,21000.0,0.19659419427333688,True
Soccer,10-14,2017,2959,77000.0,0.16145837336387603,True
Soccer,15-19,2017,2170,66600.0,0.12667835400899619,True
Soccer,20-24,2017,457,17100.0,0.15491830835121317,True
Soccer,25-29,2017,323,10800.0,0.1814333153006287,True
Soccer,30-34,2017,237,9200.0,0.19453455145153514,True
Soccer,35-39,2017,157,5600.0,0.22312248315236305,True
Soccer,40-44,2017,95,3600.0,0.19264168807869456,True
Soccer,45-49,2017,73,2400.0,0.20271664553122815,True
Soccer,50-54,2017,47,1800.0,0.28857408219825437,True
Soccer,55-59,2017,14,,0.34056651509433333,False
Soccer,60-64,2017,8,,0.4352051207575368,False
Soccer,65-69,2017,8,,0.394860754672946,False
Soccer,70-74,2017,4,,0.6246297097160509,False
Soccer,75-79,2017,1,,0.9999999999999998,False
Soccer,80+,2017,2,,0.7071395096242706,False
Swimming/diving,0-4,2017,724,21000.0,0.29816719917552276,True
Swimming/diving,5-9,2017,1372,45700.0,0.2401262358053717,True
Swimming/diving,10-14,2017,1223,41700.0,0.1751778111171452,True
Swimming/diving,15-19,2017,508,19100.0,0.13485229055228326,True
Swimming/diving,20-24,2017,226,10500.0,0.1778772330311241,True
Swimming/diving,25-29,2017,166,8500.0,0.13737114356561755,True
Swimming/diving,30-34,2017,144,6700.0,0.1691819332202377,True
Swimming/diving,35-39,2017,160,8500.0,0.13056885022374976,True
Swimming/diving,40-44,2017,108,5800.0,0.14459975455029048,True
Swimming/diving,45-49,2017,109,5300.0,0.19909782608536813,True
Swimming/diving,50-54,2017,102,4800.0,0.18524941245612037,True
Swimming/diving,55-59,2017,100,5100.0,0.16183369746547985,True
Swimming/diving,60-64,2017,67,4100.0,0.28901975317422574,True
Swimming/diving,65-69,2017,70,3600.0,0.3208292649904801,True
Swimming/diving,70-74,2017,54,3300.0,0.2844440474219571,True
Swimming/diving,75-79,2017,44,,0.34629278448814516,False
Swimming/diving,80+,2017,44,,0.4349448281343819,False
Baseball/softball,0-4,2017,99,3300.0,0.18044606306567382,True
Baseball/softball,5-9,2017,639,19300.0,0.13218108049357472,True
Baseball/softball,10-14,2017,1827,63000.0,0.1250988863854094,True
Baseball/softball,15-19,2017,1229,42000.0,0.11325277554815438,True
Baseball/softball,20-24,2017,241,11300.0,0.13369403648252665,True
Baseball/softball,25-29,2017,203,8600.0,0.15482212526748995,True
Baseball/softball,30-34,2017,211,9500.0,0.1553888076203511,True
Baseball/softball,35-39,2017,191,9300.0,0.14070322784357497,True
Baseball/softball,40-44,2017,110,5300.0,0.14824508103366776,True
Baseball/softball,45-49,2017,110,5200.0,0.13549650261810722,True
Baseball/softball,50-54,2017,75,3400.0,0.1364079715640785,True
Baseball/softball,55-59,2017,42,1800.0,0.2289424758928723,True
Baseball/softball,60-64,2017,38,1700.0,0.2787349907785262,True
Baseball/softball,65-69,2017,34,1800.0,0.27986743382454393,True
Baseball/softball,70-74,2017,17,,0.35799479122986233,False
Baseball/softball,75-79,2017,5,,0.49503827600775596,False
Baseball/softball,80+,2017,4,,0.6570463728295101,False
Weight training,0-4,2017,92,2100.0,0.14747466996684952,True
Weight training,5-9,2017,70,1800.0,0.17623684854007235,True
Weight training,10-14,2017,175,5800.0,0.15302136444443237,True
Weight training,15-19,2017,503,19400.0,0.13273780194689563,True
Weight training,20-24,2017,349,13500.0,0.1295906848898752,True
Weight training,25-29,2017,352,13600.0,0.11470271820504117,True
Weight training,30-34,2017,269,10100.0,0.10817289739335513,True
Weight training,35-39,2017,222,9300.0,0.11657054755836817,True
Weight training,40-44,2017,155,7400.0,0.12517589726587536,True
Weight training,45-49,2017,150,7000.0,0.13364145937603347,True
Weight training,50-54,2017,125,5700.0,0.131423708530816,True
Weight training,55-59,2017,76,3600.0,0.16550959351976793,True
Weight training,60-64,2017,59,2600.0,0.22475712526278932,True
Weight training,65-69,2017,39,1800.0,0.1927516336901298,True
Weight training,70-74,2017,40,1800.0,0.22291193359523664,True
Weight training,75-79,2017,14,,0.43659401782715956,False
Weight training,80+,2017,20,,0.295646685065283,False
Other sport/recreation,0-4,2017,59,1500.0,0.20962132865204697,True
Other sport/recreation,5-9,2017,637,16100.0,0.20441440394525792,True
Other sport/recreation,10-14,2017,1361,37400.0,0.1417618516367899,True
Other sport/recreation,15-19,2017,668,23200.0,0.09783402454237207,True
Other sport/recreation,20-24,2017,209,7900.0,0.15457730541800926,True
Other sport/recreation,25-29,2017,136,5700.0,0.1287728168313085,True
Other sport/recreation,30-34,2017,70,2900.0,0.2104699902407123,True
Other sport/recreation,35-39,2017,38,2000.0,0.1788544183422154,True
Other sport/recreation,40-44,2017,18,,0.2863869043339579,False
Other sport/recreation,45-49,2017,11,,0.3706577933601244,False
Other sport/recreation,50-54,2017,22,,0.28866179099588035,False
Other sport/recreation,55-59,2017,14,,0.3166013617537174,False
Other sport/recreation,60-64,2017,10,,0.31295571605153333,False
Other sport/recreation,65-69,2017,8,,0.4104641304366066,False
Other sport/recreation,70-74,2017,6,,0.5152569884459846,False
Other sport/recreation,75-79,2017,6,,0.44741763805483764,False
Other sport/recreation,80+,2017,3,,0.5727176336213055,False
Combat sports,0-4,2017,9,,0.5166380318428727,False
Combat sports,5-9,2017,211,6100.0,0.15968513560229355,True
Combat sports,10-14,2017,628,20000.0,0.15083008259742708,True
Combat sports,15-19,2017,753,27100.0,0.08910780459797127,True
Combat sports,20-24,2017,209,8600.0,0.10049211534629958,True
Combat sports,25-29,2017,172,7100.0,0.1355297545227985,True
Combat sports,30-34,2017,127,5100.0,0.14834186304488803,True
Combat sports,35-39,2017,97,3900.0,0.17450297253671582,True
Combat sports,40-44,2017,52,1900.0,0.2248018014546004,True
Combat sports,45-49,2017,51,2200.0,0.2763671648537626,True
Combat sports,50-54,2017,25,1200.0,0.31435967990467273,True
Combat sports,55-59,2017,24,,0.28389962728948037,False
Combat sports,60-64,2017,4,,0.6271750178383021,False
Combat sports,65-69,2017,4,,0.6550693764586623,False
Combat sports,70-74,2017,2,,0.8572767954253462,False
Combat sports,75-79,2017,0,,,False
Combat sports,80+,2017,1,,1.0,False
Other ball sports,0-4,2017,244,6300.0,0.18032546481508266,True
Other ball sports,5-9,2017,484,11600.0,0.1164613673353265,True
Other ball sports,10-14,2017,833,24600.0,0.10100966706576149,True
Other ball sports,15-19,2017,248,8200.0,0.13091525722171427,True
Other ball sports,20-24,2017,60,2700.0,0.20462348437588773,True
Other ball sports,25-29,2017,56,1900.0,0.1742583280903295,True
Other ball sports,30-34,2017,66,2700.0,0.16076269280750274,True
Other ball sports,35-39,2017,42,2000.0,0.21280816291335103,True
Other ball sports,40-44,2017,30,1500.0,0.21660322348920438,True
Other ball sports,45-49,2017,26,,0.23394519951613105,False
Other ball sports,50-54,2017,21,,0.34588275502764043,False
Other ball sports,55-59,2017,25,,0.2998961342989758,False
Other ball sports,60-64,2017,25,,0.53380059557661,False
Other ball sports,65-69,2017,36,,0.38151685668030716,False
Other ball sports,70-74,2017,29,,0.4483864788644886,False
Other ball sports,75-79,2017,23,,0.4851354514115359,False
Other ball sports,80+,2017,15,,0.41992428835953916,False
Gymnastics/cheerleading,0-4,2017,88,1600.0,0.2785252511198722,True
Gymnastics/cheerleading,5-9,2017,551,15100.0,0.16549302118288847,True
Gymnastics/cheerleading,10-14,2017,996,30500.0,0.13773130809682926,True
Gymnastics/cheerleading,15-19,2017,649,23400.0,0.11859247444836195,True
Gymnastics/cheerleading,20-24,2017,38,1900.0,0.20140567149027977,True
Gymnastics/cheerleading,25-29,2017,13,,0.3122916995763353,False
Gymnastics/cheerleading,30-34,2017,14,,0.32418311351821844,False
Gymnastics/cheerleading,35-39,2017,5,,0.6119440896336861,False
Gymnastics/cheerleading,40-44,2017,4,,0.5862223495183666,False
Gymnastics/cheerleading,45-49,2017,2,,0.842052198786608,False
Gymnastics/cheerleading,50-54,2017,2,,0.8453362249221017,False
Gymnastics/cheerleading,55-59,2017,0,,,False
Gymnastics/cheerleading,60-64,2017,0,,,False
Gymnastics/cheerleading,65-69,2017,0,,,False
Gymnastics/cheerleading,70-74,2017,0,,,False
Gymnastics/cheerleading,75-79,2017,0,,,False
Gymnastics/cheerleading,80+,2017,0,,,False
Volleyball,0-4,2017,4,,0.708498750577328,False
Volleyball,5-9,2017,13,,0.49565516364422546,False
Volleyball,10-14,2017,564,16900.0,0.124952066788625,True
Volleyball,15-19,2017,599,20700.0,0.10895512057767814,True
Volleyball,20-24,2017,89,3300.0,0.15942320483751402,True
Volleyball,25-29,2017,69,3200.0,0.19174622216916948,True
Volleyball,30-34,2017,32,,0.23935975120996889,False
Volleyball,35-39,2017,42,1700.0,0.19920656024991046,True
Volleyball,40-44,2017,31,,0.25723765661510534,False
Volleyball,45-49,2017,25,,0.2489836729277912,False
Volleyball,50-54,2017,17,,0.2875201343886125,False
Volleyball,55-59,2017,7,,0.570448428123609,False
Volleyball,60-64,2017,10,,0.4102796611343514,False
Volleyball,65-69,2017,4,,0.59623073248957,False
Volleyball,70-74,2017,7,,0.49697158993837764,False
Volleyball,75-79,2017,3,,0.7447218867268802,False
Volleyball,80+,2017,1,,0.9999999999999998,False
Snow sports,0-4,2017,3,,0.6747922719962663,False
Snow sports,5-9,2017,46,,0.5800421015123631,False
Snow sports,10-14,2017,217,,0.443112334173622,False
Snow sports,15-19,2017,188,8900.0,0.32266147802974654,True
Snow sports,20-24,2017,183,8000.0,0.24420228093994484,True
Snow sports,25-29,2017,131,5200.0,0.2733649420946533,True
Snow sports,30-34,2017,82,3300.0,0.22968039839956814,True
Snow sports,35-39,2017,48,,0.4410666832888442,False
Snow sports,40-44,2017,38,,0.40878308185031204,False
Snow sports,45-49,2017,43,,0.602599361309808,False
Snow sports,50-54,2017,34,,0.3998879232110495,False
Snow sports,55-59,2017,38,,0.33509663616960295,False
Snow sports,60-64,2017,19,,0.5372048368666502,False
Snow sports,65-69,2017,14,,0.48218803283343803,False
Snow sports,70-74,2017,9,,0.8128559763386018,False
Snow sports,75-79,2017,5,,0.9999999999999999,False
Snow sports,80+,2017,1,,1.0000000000000002,False
Hockey,0-4,2017,5,,0.5956387019169296,False
Hockey,5-9,2017,106,,0.3633045363533956,False
Hockey,10-14,2017,458,11500.0,0.2903458514708065,True
Hockey,15-19,2017,451,13700.0,0.29393519589179523,True
Hockey,20-24,2017,111,4500.0,0.2745533522786171,True
Hockey,25-29,2017,74,,0.3457194942062288,False
Hockey,30-34,2017,61,2600.0,0.271097208848419,True
Hockey,35-39,2017,29,,0.3316606412213618,False
Hockey,40-44,2017,30,1300.0,0.2749782983135634,True
Hockey,45-49,2017,28,,0.4476185640577023,False
Hockey,50-54,2017,24,,0.2845984430896127,False
Hockey,55-59,2017,15,,0.4127024416104861,False
Hockey,60-64,2017,12,,0.3485602820510335,False
Hockey,65-69,2017,4,,0.5943050761609371,False
Hockey,70-74,2017,1,,0.9999999999999999,False
Hockey,75-79,2017,1,,1.0000000000000004,False
Hockey,80+,2017,1,,0.9999999999999998,False
Fishing,0-4,2017,37,1900.0,0.21199473976937763,True
Fishing,5-9,2017,84,4700.0,0.23218566309290495,True
Fishing,10-14,2017,151,7600.0,0.14790588270142233,True
Fishing,15-19,2017,89,4800.0,0.20124191617870602,True
Fishing,20-24,2017,72,4400.0,0.2213999444455627,True
Fishing,25-29,2017,69,4200.0,0.17464213749732996,True
Fishing,30-34,2017,77,4400.0,0.16253322489642974,True
Fishing,35-39,2017,66,3900.0,0.172790012187419,True
Fishing,40-44,2017,69,3900.0,0.20673516499094413,True
Fishing,45-49,2017,86,4800.0,0.1943300535394937,True
Fishing,50-54,2017,107,6200.0,0.1950385627174556,True
Fishing,55-59,2017,100,5800.0,0.1690163696002488,True
Fishing,60-64,2017,78,4200.0,0.19442416589024958,True
Fishing,65-69,2017,73,4200.0,0.18715617772814103,True
Fishing,70-74,2017,43,2700.0,0.27712337580518787,True
Fishing,75-79,2017,20,1300.0,0.2831797604529382,True
Fishing,80+,2017,30,1600.0,0.2568700823641942,True
Basketball,0-4,2018,70,1800.0,0.20122648593633014,True
Basketball,5-9,2018,752,19500.0,0.13976217278852374,True
Basketball,10-14,2018,4708,130100.0,0.11156717502837592,True
Basketball,15-19,2018,4594,150300.0,0.1086968131869887,True
Basketball,20-24,2018,1287,49000.0,0.10172384918774553,True
Basketball,25-29,2018,774,29400.0,0.08871264995681948,True
Basketball,30-34,2018,458,18500.0,0.08944624765806998,True
Basketball,35-39,2018,345,13400.0,0.09858207691067708,True
Basketball,40-44,2018,200,8000.0,0.12270102593221614,True
Basketball,45-49,2018,116,4800.0,0.08751707441765101,True
Basketball,50-54,2018,80,3200.0,0.1601681861662571,True
Basketball,55-59,2018,41,1500.0,0.16187292571320777,True
Basketball,60-64,2018,36,1500.0,0.21306817553633456,True
Basketball,65-69,2018,22,,0.31823270279388677,False
Basketball,70-74,2018,7,,0.4069244434612684,False
Basketball,75-79,2018,10,,0.3302595489667601,False
Basketball,80+,2018,3,,0.6639990269857797,False
Exercise/fitness,0-4,2018,240,6300.0,0.1711390622850133,True
Exercise/fitness,5-9,2018,438,13400.0,0.1824183004580699,True
Exercise/fitness,10-14,2018,831,28600.0,0.1296678665880749,True
Exercise/fitness,15-19,2018,784,30400.0,0.11669293233520285,True
Exercise/fitness,20-24,2018,814,34100.0,0.12206788738633763,True
Exercise/fitness,25-29,2018,830,35400.0,0.11459864457307674,True
Exercise/fitness,30-34,2018,703,30100.0,0.10170747754479459,True
Exercise/fitness,35-39,2018,632,28900.0,0.11589998629894824,True
Exercise/fitness,40-44,2018,541,23400.0,0.09240941979946946,True
Exercise/fitness,45-49,2018,518,23900.0,0.1178482650343328,True
Exercise/fitness,50-54,2018,500,23100.0,0.11541627305690517,True
Exercise/fitness,55-59,2018,531,24000.0,0.14146386651707546,True
Exercise/fitness,60-64,2018,447,20800.0,0.16982024846169033,True
Exercise/fitness,65-69,2018,443,21700.0,0.17799765338065215,True
Exercise/fitness,70-74,2018,321,16800.0,0.24206707673875263,True
Exercise/fitness,75-79,2018,255,13700.0,0.22708532331754003,True
Exercise/fitness,80+,2018,374,19300.0,0.19811442135149548,True
Football,0-4,2018,38,,0.3746937958102844,False
Football,5-9,2018,970,25900.0,0.15709089361876466,True
Football,10-14,2018,4366,125700.0,0.12095594708566956,True
Football,15-19,2018,2757,101700.0,0.12225033444430927,True
Football,20-24,2018,383,15500.0,0.10383902099859728,True
Football,25-29,2018,249,10000.0,0.11077277584836617,True
Football,30-34,2018,137,5100.0,0.11857647679270457,True
Football,35-39,2018,99,4000.0,0.15727830304652268,True
Football,40-44,2018,68,3400.0,0.1583398340796692,True
Football,45-49,2018,30,,0.21479797066307446,False
Football,50-54,2018,20,,0.2849622529075299,False
Football,55-59,2018,12,,0.3978060683068298,False
Football,60-64,2018,11,,0.4490109097451983,False
Football,65-69,2018,9,,0.5043643811391052,False
Football,70-74,2018,4,,0.5715037017888284,False
Football,75-79,2018,0,,,False
Football,80+,2018,1,,1.0000000000000002,False
Soccer,0-4,2018,72,1300.0,0.2836168773721354,True
Soccer,5-9,2018,790,20000.0,0.21811705398771297,True
Soccer,10-14,2018,2616,68100.0,0.17354142260614597,True
Soccer,15-19,2018,1993,60000.0,0.13343074387408133,True
Soccer,20-24,2018,457,17800.0,0.15070292983855296,True
Soccer,25-29,2018,269,9700.0,0.14638559914219565,True
Soccer,30-34,2018,196,7300.0,0.1531261185059911,True
Soccer,35-39,2018,129,5200.0,0.1819560108601059,True
Soccer,40-44,2018,98,3600.0,0.1810232540470886,True
Soccer,45-49,2018,55,2200.0,0.273642364082395,True
Soccer,50-54,2018,32,,0.34741611568560254,False
Soccer,55-59,2018,21,,0.25937121409918357,False
Soccer,60-64,2018,13,,0.34723784930626417,False
Soccer,65-69,2018,8,,0.4528788873521137,False
Soccer,70-74,2018,1,,1.0,False
Soccer,75-79,2018,2,,0.8291379365129834,False
Soccer,80+,2018,2,,0.8309975657532808,False
Swimming/diving,0-4,2018,688,21000.0,0.3194401576227228,True
Swimming/diving,5-9,2018,1293,42500.0,0.25625771239972134,True
Swimming/diving,10-14,2018,1196,39700.0,0.19703618691557806,True
Swimming/diving,15-19,2018,510,20000.0,0.1415783571336197,True
Swimming/diving,20-24,2018,238,10900.0,0.15137687415514336,True
Swimming/diving,25-29,2018,180,9200.0,0.1417082315415984,True
Swimming/diving,30-34,2018,153,7200.0,0.16907914475904187,True
Swimming/diving,35-39,2018,138,7600.0,0.17265541188959568,True
Swimming/diving,40-44,2018,104,5600.0,0.19632647229789413,True
Swimming/diving,45-49,2018,104,5500.0,0.17911918754405998,True
Swimming/diving,50-54,2018,97,5600.0,0.21196474181360886,True
Swimming/diving,55-59,2018,93,4900.0,0.2545736946193224,True
Swimming/diving,60-64,2018,69,3500.0,0.15890885299112364,True
Swimming/diving,65-69,2018,64,3300.0,0.30207431483004377,True
Swimming/diving,70-74,2018,45,,0.3499783182317132,False
Swimming/diving,75-79,2018,35,,0.4257420458049339,False
Swimming/diving,80+,2018,48,,0.3823118585725757,False
Baseball/softball,0-4,2018,93,2700.0,0.21373913515031404,True
Baseball/softball,5-9,2018,620,18600.0,0.15315700071376892,True
Baseball/softball,10-14,2018,1612,51900.0,0.11934759074218923,True
Baseball/softball,15-19,2018,1153,41400.0,0.13331674240180674,True
Baseball/softball,20-24,2018,207,9000.0,0.12770478004782468,True
Baseball/softball,25-29,2018,178,8200.0,0.09711103826339763,True
Baseball/softball,30-34,2018,167,8800.0,0.10219116415780537,True
Baseball/softball,35-39,2018,150,7200.0,0.1375553622514719,True
Baseball/softball,40-44,2018,110,5500.0,0.1366832445417847,True
Baseball/softball,45-49,2018,85,3800.0,0.16359850114475263,True
Baseball/softball,50-54,2018,67,3200.0,0.18249067245758824,True
Baseball/softball,55-59,2018,50,2700.0,0.3088585224129903,True
Baseball/softball,60-64,2018,26,,0.35291468872237414,False
Baseball/softball,65-69,2018,35,1900.0,0.2858392125866568,True
Baseball/softball,70-74,2018,16,,0.4388926786989168,False
Baseball/softball,75-79,2018,9,,0.34148144833692806,False
Baseball/softball,80+,2018,6,,0.5223826777505215,False
Weight training,0-4,2018,98,3100.0,0.21262632250782923,True
Weight training,5-9,2018,62,1900.0,0.220424756960546,True
Weight training,10-14,2018,173,5500.0,0.12678685655840657,True
Weight training,15-19,2018,493,19400.0,0.12149827667377694,True
Weight training,20-24,2018,325,13500.0,0.12965720955463642,True
Weight training,25-29,2018,286,12000.0,0.135275214481839,True
Weight training,30-34,2018,254,10800.0,0.11776729919567709,True
Weight training,35-39,2018,187,7700.0,0.1300424013037136,True
Weight training,40-44,2018,146,6600.0,0.12158842456495596,True
Weight training,45-49,2018,123,5300.0,0.14855013089754399,True
Weight training,50-54,2018,107,4200.0,0.1666181292722946,True
Weight training,55-59,2018,96,4000.0,0.16120172354401704,True
Weight training,60-64,2018,52,2200.0,0.17452038148846397,True
Weight training,65-69,2018,35,1700.0,0.2083517602666145,True
Weight training,70-74,2018,23,,0.23802954569363086,False
Weight training,75-79,2018,15,,0.3598156517635625,False
Weight training,80+,2018,18,,0.33769360729073744,False
Other sport/recreation,0-4,2018,74,,0.4349284738866948,False
Other sport/recreation,5-9,2018,635,,0.3496582461011496,False
Other sport/recreation,10-14,2018,1338,37500.0,0.22958661197507987,True
Other sport/recreation,15-19,2018,650,20700.0,0.09821993395473462,True
Other sport/recreation,20-24,2018,168,6400.0,0.1717848663227136,True
Other sport/recreation,25-29,2018,90,3300.0,0.1616758728171502,True
Other sport/recreation,30-34,2018,72,2600.0,0.17493563131263262,True
Other sport/recreation,35-39,2018,34,1600.0,0.2318003233999529,True
Other sport/recreation,40-44,2018,32,1500.0,0.21100067032521366,True
Other sport/recreation,45-49,2018,16,,0.33256115928502716,False
Other sport/recreation,50-54,2018,21,,0.32083150499010504,False
Other sport/recreation,55-59,2018,23,,0.29975303841581974,False
Other sport/recreation,60-64,2018,12,,0.3575446858583888,False
Other sport/recreation,65-69,2018,4,,0.6042337516065162,False
Other sport/recreation,70-74,2018,7,,0.5219532765771051,False
Other sport/recreation,75-79,2018,7,,0.43262251523007766,False
Other sport/recreation,80+,2018,3,,0.5844816241898058,False
Combat sports,0-4,2018,11,,0.4971980185073795,False
Combat sports,5-9,2018,174,4600.0,0.14727766522598654,True
Combat sports,10-14,2018,612,17100.0,0.1514432745040246,True
Combat sports,15-19,2018,711,25700.0,0.1325635559449333,True
Combat sports,20-24,2018,169,7700.0,0.09697697476256588,True
Combat sports,25-29,2018,160,7000.0,0.14218911229192596,True
Combat sports,30-34,2018,113,5200.0,0.15819225167090323,True
Combat sports,35-39,2018,83,3800.0,0.1504809473305366,True
Combat sports,40-44,2018,61,2700.0,0.28288889630419545,True
Combat sports,45-49,2018,34,1500.0,0.18141894382289125,True
Combat sports,50-54,2018,25,,0.26415218535307416,False
Combat sports,55-59,2018,12,,0.46044859434314184,False
Combat sports,60-64,2018,7,,0.43692736090873385,False
Combat sports,65-69,2018,5,,0.5072207392358627,False
Combat sports,70-74,2018,1,,1.0,False
Combat sports,75-79,2018,1,,1.0000000000000002,False
Combat sports,80+,2018,4,,0.5970496147842504,False
Other ball sports,0-4,2018,193,4600.0,0.22193818688679737,True
Other ball sports,5-9,2018,432,12600.0,0.20537369888868925,True
Other ball sports,10-14,2018,785,23500.0,0.10787988473840075,True
Other ball sports,15-19,2018,208,7600.0,0.12168377840541825,True
Other ball sports,20-24,2018,46,2200.0,0.21400601183323137,True
Other ball sports,25-29,2018,63,2900.0,0.14575021181101327,True
Other ball sports,30-34,2018,43,2000.0,0.16274661524983244,True
Other ball sports,35-39,2018,41,2200.0,0.22065797544078802,True
Other ball sports,40-44,2018,41,1900.0,0.17306621451003926,True
Other ball sports,45-49,2018,26,,0.2365437905283338,False
Other ball sports,50-54,2018,27,,0.262913871154964,False
Other ball sports,55-59,2018,22,,0.3682791421360228,False
Other ball sports,60-64,2018,31,,0.40134618291673724,False
Other ball sports,65-69,2018,50,,0.3742972457120242,False
Other ball sports,70-74,2018,39,,0.4481962438213517,False
Other ball sports,75-79,2018,16,,0.4873582408878007,False
Other ball sports,80+,2018,22,,0.4388204764674248,False
Gymnastics/cheerleading,0-4,2018,68,1300.0,0.24867915869303986,True
Gymnastics/cheerleading,5-9,2018,549,13300.0,0.16746662663376335,True
Gymnastics/cheerleading,10-14,2018,965,30800.0,0.16224447181563717,True
Gymnastics/cheerleading,15-19,2018,502,16700.0,0.12124255080875579,True
Gymnastics/cheerleading,20-24,2018,20,,0.29842657921437743,False
Gymnastics/cheerleading,25-29,2018,9,,0.40387641881513175,False
Gymnastics/cheerleading,30-34,2018,12,,0.33448455276281597,False
Gymnastics/cheerleading,35-39,2018,7,,0.41534352534528196,False
Gymnastics/cheerleading,40-44,2018,5,,0.5417885386121617,False
Gymnastics/cheerleading,45-49,2018,2,,0.8375176275428529,False
Gymnastics/cheerleading,50-54,2018,2,,0.7135984644525706,False
Gymnastics/cheerleading,55-59,2018,2,,0.8385263472290638,False
Gymnastics/cheerleading,60-64,2018,0,,,False
Gymnastics/cheerleading,65-69,2018,0,,,False
Gymnastics/cheerleading,70-74,2018,0,,,False
Gymnastics/cheerleading,75-79,2018,0,,,False
Gymnastics/cheerleading,80+,2018,0,,,False
Volleyball,0-4,2018,0,,,False
Volleyball,5-9,2018,33,,0.25983494363059534,False
Volleyball,10-14,2018,540,17900.0,0.1382940135897402,True
Volleyball,15-19,2018,571,21300.0,0.1133050048079687,True
Volleyball,20-24,2018,64,2900.0,0.17479140093210085,True
Volleyball,25-29,2018,64,2500.0,0.18006623585111003,True
Volleyball,30-34,2018,51,2300.0,0.1981961932177354,True
Volleyball,35-39,2018,31,1500.0,0.2452096277961319,True
Volleyball,40-44,2018,27,1600.0,0.2550734589350674,True
Volleyball,45-49,2018,21,,0.31031827055384287,False
Volleyball,50-54,2018,17,,0.3586975966240726,False
Volleyball,55-59,2018,9,,0.35690129900251144,False
Volleyball,60-64,2018,4,,0.4840231807680249,False
Volleyball,65-69,2018,11,,0.3243645002533553,False
Volleyball,70-74,2018,2,,0.8502084189672262,False
Volleyball,75-79,2018,4,,0.908443427999784,False
Volleyball,80+,2018,2,,0.8540006991616597,False
Snow sports,0-4,2018,8,,0.5751679987802537,False
Snow sports,5-9,2018,67,,0.4789267885130887,False
Snow sports,10-14,2018,235,,0.4087884691047309,False
Snow sports,15-19,2018,211,10500.0,0.281215414355102,True
Snow sports,20-24,2018,158,7400.0,0.303972340720076,True
Snow sports,25-29,2018,102,4200.0,0.24775308307509808,True
Snow sports,30-34,2018,71,3200.0,0.25929858456694116,True
Snow sports,35-39,2018,45,2000.0,0.2926176540496865,True
Snow sports,40-44,2018,53,,0.5269659364681729,False
Snow sports,45-49,2018,42,,0.43547291781963,False
Snow sports,50-54,2018,43,,0.4111553425069561,False
Snow sports,55-59,2018,30,,0.44806033178374527,False
Snow sports,60-64,2018,19,,0.37893530924270064,False
Snow sports,65-69,2018,15,,0.38451061921551205,False
Snow sports,70-74,2018,8,,0.5341081690876043,False
Snow sports,75-79,2018,4,,0.8177329528846409,False
Snow sports,80+,2018,3,,0.7528598568217374,False
Hockey,0-4,2018,9,,0.46824225001729675,False
Hockey,5-9,2018,96,2100.0,0.25333576933224417,True
Hockey,10-14,2018,465,11800.0,0.27719771731020376,True
Hockey,15-19,2018,395,11200.0,0.24574476685026023,True
Hockey,20-24,2018,97,4300.0,0.25463774766105096,True
Hockey,25-29,2018,61,,0.4066616234502651,False
Hockey,30-34,2018,61,,0.33167446787764177,False
Hockey,35-39,2018,34,1400.0,0.29963369004087254,True
Hockey,40-44,2018,27,,0.3440145941288856,False
Hockey,45-49,2018,23,,0.40703951619671935,False
Hockey,50-54,2018,16,,0.3927963874291321,False
Hockey,55-59,2018,14,,0.3610011026824193,False
Hockey,60-64,2018,11,,0.42524822637563425,False
Hockey,65-69,2018,2,,0.7236300125883787,False
Hockey,70-74,2018,0,,,False
Hockey,75-79,2018,2,,0.8418081615629378,False
Hockey,80+,2018,0,,,False
Fishing,0-4,2018,42,1600.0,0.24532352692390533,True
Fishing,5-9,2018,90,4800.0,0.2158137419867489,True
Fishing,10-14,2018,102,5300.0,0.3125993918887127,True
Fishing,15-19,2018,85,4800.0,0.2527449069836676,True
Fishing,20-24,2018,61,3400.0,0.22910285495404148,True
Fishing,25-29,2018,87,4500.0,0.18475719377475167,True
Fishing,30-34,2018,56,3100.0,0.2463907004579428,True
Fishing,35-39,2018,76,4300.0,0.19522494154170728,True
Fishing,40-44,2018,69,4000.0,0.15639121507014286,True
Fishing,45-49,2018,80,4500.0,0.19159153406100793,True
Fishing,50-54,2018,68,3400.0,0.17038181323136256,True
Fishing,55-59,2018,75,4300.0,0.2091024984489103,True
Fishing,60-64,2018,57,3300.0,0.17813070621910665,True
Fishing,65-69,2018,58,3800.0,0.22624747577553533,True
Fishing,70-74,2018,43,2600.0,0.2128605032049988,True
Fishing,75-79,2018,21,1400.0,0.26384345002926657,True
Fishing,80+,2018,24,1200.0,0.28112017963546354,True
Basketball,0-4,2019,71,1300.0,0.25957178803148034,True
Basketball,5-9,2019,666,16400.0,0.153902462153593,True
Basketball,10-14,2019,4505,122100.0,0.11027111096834481,True
Basketball,15-19,2019,4305,137400.0,0.11120857516711703,True
Basketball,20-24,2019,1264,47000.0,0.10144713499288752,True
Basketball,25-29,2019,732,28200.0,0.0915075124334743,True
Basketball,30-34,2019,445,17100.0,0.09759049923078565,True
Basketball,35-39,2019,313,12700.0,0.09670105532898401,True
Basketball,40-44,2019,171,7200.0,0.12477102336849703,True
Basketball,45-49,2019,131,5600.0,0.13176688452038732,True
Basketball,50-54,2019,70,2400.0,0.13391854283511587,True
Basketball,55-59,2019,47,1600.0,0.19274249347294603,True
Basketball,60-64,2019,29,,0.2425082467351847,False
Basketball,65-69,2019,20,,0.25385450111314345,False
Basketball,70-74,2019,6,,0.471813144089602,False
Basketball,75-79,2019,6,,0.4141115587701861,False
Basketball,80+,2019,6,,0.46502697721849884,False
Exercise/fitness,0-4,2019,175,3600.0,0.15795277128898697,True
Exercise/fitness,5-9,2019,417,12000.0,0.13146198575954152,True
Exercise/fitness,10-14,2019,809,26600.0,0.12812479753415956,True
Exercise/fitness,15-19,2019,736,27700.0,0.11341882856396122,True
Exercise/fitness,20-24,2019,693,29600.0,0.1086366034141311,True
Exercise/fitness,25-29,2019,687,29200.0,0.10624168908912172,True
Exercise/fitness,30-34,2019,661,27900.0,0.09883241815303924,True
Exercise/fitness,35-39,2019,634,28900.0,0.10434121857037398,True
Exercise/fitness,40-44,2019,519,22100.0,0.11296842356053201,True
Exercise/fitness,45-49,2019,476,20000.0,0.14640388062208337,True
Exercise/fitness,50-54,2019,544,24000.0,0.09969227817863673,True
Exercise/fitness,55-59,2019,516,22300.0,0.11943493159015853,True
Exercise/fitness,60-64,2019,486,21200.0,0.14371131154664316,True
Exercise/fitness,65-69,2019,432,19900.0,0.21022238126302542,True
Exercise/fitness,70-74,2019,403,20100.0,0.19901501837764213,True
Exercise/fitness,75-79,2019,268,13800.0,0.2082515817161784,True
Exercise/fitness,80+,2019,341,16800.0,0.230032033235683,True
Football,0-4,2019,24,,0.3847724991388208,False
Football,5-9,2019,949,21900.0,0.1427592503674749,True
Football,10-14,2019,4561,126500.0,0.13481858487620918,True
Football,15-19,2019,2899,101900.0,0.11933366861010877,True
Football,20-24,2019,375,14500.0,0.12393171728134338,True
Football,25-29,2019,242,9400.0,0.12552646442224233,True
Football,30-34,2019,137,5300.0,0.10446921050814346,True
Football,35-39,2019,85,4000.0,0.14073628847485234,True
Football,40-44,2019,48,2000.0,0.1983485401640807,True
Football,45-49,2019,38,1900.0,0.19620603019845367,True
Football,50-54,2019,24,1300.0,0.24036987864242113,True
Football,55-59,2019,15,,0.3654174870410905,False
Football,60-64,2019,10,,0.35824836323720816,False
Football,65-69,2019,6,,0.5201361269414229,False
Football,70-74,2019,3,,0.6639989799020914,False
Football,75-79,2019,3,,0.6485678694544325,False
Football,80+,2019,1,,1.0,False
Soccer,0-4,2019,94,2000.0,0.2872455960216306,True
Soccer,5-9,2019,773,18100.0,0.2262404057761347,True
Soccer,10-14,2019,2570,66300.0,0.17615600251819627,True
Soccer,15-19,2019,1903,55400.0,0.15262645173278047,True
Soccer,20-24,2019,404,15500.0,0.13143368016488105,True
Soccer,25-29,2019,267,9800.0,0.17296506097756048,True
Soccer,30-34,2019,184,7100.0,0.1749796741690515,True
Soccer,35-39,2019,139,5200.0,0.17009480918081854,True
Soccer,40-44,2019,88,3400.0,0.21902670415926745,True
Soccer,45-49,2019,51,1900.0,0.20157886861338828,True
Soccer,50-54,2019,30,,0.23706180271806837,False
Soccer,55-59,2019,16,,0.3861300109802983,False
Soccer,60-64,2019,11,,0.39970076129431364,False
Soccer,65-69,2019,6,,0.4975154699111267,False
Soccer,70-74,2019,3,,0.6513620474156541,False
Soccer,75-79,2019,4,,0.6544959367964428,False
Soccer,80+,2019,3,,0.5792098805384881,False
Swimming/diving,0-4,2019,719,,0.41169462546349656,False
Swimming/diving,5-9,2019,1246,39900.0,0.3197927045531146,True
Swimming/diving,10-14,2019,1120,36600.0,0.22929329859243905,True
Swimming/diving,15-19,2019,483,19300.0,0.1739867051296015,True
Swimming/diving,20-24,2019,221,11000.0,0.13002869105998155,True
Swimming/diving,25-29,2019,165,8600.0,0.13038233035209476,True
Swimming/diving,30-34,2019,149,7400.0,0.14735945692053667,True
Swimming/diving,35-39,2019,144,7600.0,0.17278297188462405,True
Swimming/diving,40-44,2019,108,5100.0,0.14737211700752986,True
Swimming/diving,45-49,2019,98,4900.0,0.1634972455391033,True
Swimming/diving,50-54,2019,95,5300.0,0.18229928458629868,True
Swimming/diving,55-59,2019,94,4900.0,0.1821525915774061,True
Swimming/diving,60-64,2019,88,4300.0,0.24883583111460178,True
Swimming/diving,65-69,2019,77,4100.0,0.27141600423214235,True
Swimming/diving,70-74,2019,62,,0.38881654157280693,False
Swimming/diving,75-79,2019,32,,0.39093225420697386,False
Swimming/diving,80+,2019,57,,0.41622856496348043,False
Baseball/softball,0-4,2019,80,2400.0,0.23599795061034073,True
Baseball/softball,5-9,2019,550,16600.0,0.14831331100439402,True
Baseball/softball,10-14,2019,1484,47400.0,0.15238110089271756,True
Baseball/softball,15-19,2019,1122,38700.0,0.1147276643856271,True
Baseball/softball,20-24,2019,206,9300.0,0.105690614544624,True
Baseball/softball,25-29,2019,169,7900.0,0.1344997879995196,True
Baseball/softball,30-34,2019,158,7700.0,0.12230955474403833,True
Baseball/softball,35-39,2019,140,6900.0,0.1473382067804731,True
Baseball/softball,40-44,2019,92,4500.0,0.1441055269388033,True
Baseball/softball,45-49,2019,71,3500.0,0.16433322290918956,True
Baseball/softball,50-54,2019,77,4100.0,0.2142697320234439,True
Baseball/softball,55-59,2019,39,1800.0,0.2448514163264728,True
Baseball/softball,60-64,2019,37,1800.0,0.21577244795874534,True
Baseball/softball,65-69,2019,28,,0.47959349893058356,False
Baseball/softball,70-74,2019,16,,0.32679990907711154,False
Baseball/softball,75-79,2019,12,,0.31238388143316387,False
Baseball/softball,80+,2019,6,,0.5843805925125283,False
Weight training,0-4,2019,89,2400.0,0.1939965287928744,True
Weight training,5-9,2019,75,2000.0,0.21829693926012114,True
Weight training,10-14,2019,153,4600.0,0.19827946190766083,True
Weight training,15-19,2019,442,16300.0,0.14903716686624255,True
Weight training,20-24,2019,280,11500.0,0.13571036756633253,True
Weight training,25-29,2019,276,11000.0,0.12489563400025375,True
Weight training,30-34,2019,259,11200.0,0.13351248807758348,True
Weight training,35-39,2019,206,9000.0,0.128287472959572,True
Weight training,40-44,2019,137,5700.0,0.15127889951085755,True
Weight training,45-49,2019,128,5200.0,0.15149525566163635,True
Weight training,50-54,2019,107,4700.0,0.16720846139091108,True
Weight training,55-59,2019,94,4000.0,0.16874606316028606,True
Weight training,60-64,2019,68,3100.0,0.14747753930005275,True
Weight training,65-69,2019,49,2100.0,0.1824641887032211,True
Weight training,70-74,2019,28,1400.0,0.2289607247311678,True
Weight training,75-79,2019,24,,0.32632260895310217,False
Weight training,80+,2019,18,,0.2610762245310411,False
Other sport/recreation,0-4,2019,69,1700.0,0.3292336037303789,True
Other sport/recreation,5-9,2019,573,15500.0,0.2710785574761428,True
Other sport/recreation,10-14,2019,1213,37400.0,0.2056775463556796,True
Other sport/recreation,15-19,2019,622,20000.0,0.11267973834681372,True
Other sport/recreation,20-24,2019,155,6800.0,0.13715866400491905,True
Other sport/recreation,25-29,2019,84,3400.0,0.17832481179783274,True
Other sport/recreation,30-34,2019,64,2500.0,0.18986272274121696,True
Other sport/recreation,35-39,2019,34,1600.0,0.22739777620173077,True
Other sport/recreation,40-44,2019,30,1500.0,0.24623822879241436,True
Other sport/recreation,45-49,2019,17,,0.2886604405036025,False
Other sport/recreation,50-54,2019,22,,0.21848387861318738,False
Other sport/recreation,55-59,2019,14,,0.3330351815908752,False
Other sport/recreation,60-64,2019,7,,0.49643090373769283,False
Other sport/recreation,65-69,2019,11,,0.34044631482902094,False
Other sport/recreation,70-74,2019,4,,0.5208496501276126,False
Other sport/recreation,75-79,2019,2,,0.6895132719990754,False
Other sport/recreation,80+,2019,3,,0.6494753859057997,False
Combat sports,0-4,2019,12,,0.3973471009855702,False
Combat sports,5-9,2019,194,5400.0,0.1736287001441172,True
Combat sports,10-14,2019,610,17100.0,0.138015561664753,True
Combat sports,15-19,2019,698,24500.0,0.11974270511058902,True
Combat sports,20-24,2019,197,8300.0,0.11822074658955818,True
Combat sports,25-29,2019,187,7200.0,0.12100241775653425,True
Combat sports,30-34,2019,114,5000.0,0.12415796031893912,True
Combat sports,35-39,2019,77,3200.0,0.14338720240154865,True
Combat sports,40-44,2019,60,2500.0,0.17463236874846577,True
Combat sports,45-49,2019,35,1400.0,0.20264476498184686,True
Combat sports,50-54,2019,20,,0.26580622976025586,False
Combat sports,55-59,2019,22,,0.30045261994254785,False
Combat sports,60-64,2019,11,,0.4035129628266386,False
Combat sports,65-69,2019,9,,0.36306137794107696,False
Combat sports,70-74,2019,0,,,False
Combat sports,75-79,2019,4,,0.5926947876653327,False
Combat sports,80+,2019,2,,0.6938886664887108,False
Other ball sports,0-4,2019,169,4300.0,0.18667152011328522,True
Other ball sports,5-9,2019,452,11800.0,0.15363534402608964,True
Other ball sports,10-14,2019,728,22500.0,0.14928428831737997,True
Other ball sports,15-19,2019,225,8000.0,0.13515433334174143,True
Other ball sports,20-24,2019,41,1800.0,0.21509047994034175,True
Other ball sports,25-29,2019,60,2500.0,0.20842189332388825,True
Other ball sports,30-34,2019,50,2400.0,0.2964133459849098,True
Other ball sports,35-39,2019,28,1300.0,0.2856242676804642,True
Other ball sports,40-44,2019,29,1300.0,0.28294511289444846,True
Other ball sports,45-49,2019,26,1400.0,0.19623426386424422,True
Other ball sports,50-54,2019,23,1300.0,0.19626691472009022,True
Other ball sports,55-59,2019,30,1700.0,0.2830784250516593,True
Other ball sports,60-64,2019,38,,0.52375146776392,False
Other ball sports,65-69,2019,52,,0.4653336494221847,False
Other ball sports,70-74,2019,48,,0.5156176478248689,False
Other ball sports,75-79,2019,32,,0.5334436429552541,False
Other ball sports,80+,2019,15,,0.6212454341879703,False
Gymnastics/cheerleading,0-4,2019,73,1200.0,0.22013845515609948,True
Gymnastics/cheerleading,5-9,2019,511,12800.0,0.1713845699348455,True
Gymnastics/cheerleading,10-14,2019,1004,27500.0,0.18919703784014266,True
Gymnastics/cheerleading,15-19,2019,477,17100.0,0.1585201855300545,True
Gymnastics/cheerleading,20-24,2019,43,1300.0,0.1696433203475785,True
Gymnastics/cheerleading,25-29,2019,19,,0.24737378651304956,False
Gymnastics/cheerleading,30-34,2019,5,,0.47736343153838706,False
Gymnastics/cheerleading,35-39,2019,4,,0.6493147272762488,False
Gymnastics/cheerleading,40-44,2019,4,,0.5466706782956746,False
Gymnastics/cheerleading,45-49,2019,2,,0.8538450192731081,False
Gymnastics/cheerleading,50-54,2019,2,,0.8094395288137735,False
Gymnastics/cheerleading,55-59,2019,1,,1.0,False
Gymnastics/cheerleading,60-64,2019,1,,1.0,False
Gymnastics/cheerleading,65-69,2019,0,,,False
Gymnastics/cheerleading,70-74,2019,0,,,False
Gymnastics/cheerleading,75-79,2019,0,,,False
Gymnastics/cheerleading,80+,2019,0,,,False
Volleyball,0-4,2019,4,,0.5708900639495426,False
Volleyball,5-9,2019,24,,0.3156072465637198,False
Volleyball,10-14,2019,587,17700.0,0.13384697814036375,True
Volleyball,15-19,2019,545,19000.0,0.14379136337941256,True
Volleyball,20-24,2019,79,3400.0,0.16301181909562576,True
Volleyball,25-29,2019,42,2000.0,0.21467027608694328,True
Volleyball,30-34,2019,40,1600.0,0.23446657844937718,True
Volleyball,35-39,2019,36,1700.0,0.222124242110306,True
Volleyball,40-44,2019,28,1400.0,0.20695186219836767,True
Volleyball,45-49,2019,22,1300.0,0.3054123117874097,True
Volleyball,50-54,2019,17,,0.3479350449580643,False
Volleyball,55-59,2019,14,,0.3499177153492448,False
Volleyball,60-64,2019,5,,0.5060409383041973,False
Volleyball,65-69,2019,4,,0.6408273382706252,False
Volleyball,70-74,2019,1,,0.9999999999999998,False
Volleyball,75-79,2019,4,,0.6519679541425772,False
Volleyball,80+,2019,4,,0.5942309552756774,False
Snow sports,0-4,2019,7,,0.53599898988427,False
Snow sports,5-9,2019,48,,0.5347782445164005,False
Snow sports,10-14,2019,256,,0.48702089516466707,False
Snow sports,15-19,2019,189,8200.0,0.22982256240058374,True
Snow sports,20-24,2019,153,,0.3536350251374061,False
Snow sports,25-29,2019,119,4900.0,0.22208485279511037,True
Snow sports,30-34,2019,55,2400.0,0.3251441925305807,True
Snow sports,35-39,2019,40,,0.3893523505243331,False
Snow sports,40-44,2019,48,,0.4244455212108746,False
Snow sports,45-49,2019,46,,0.5228403521123159,False
Snow sports,50-54,2019,34,,0.3862803778018869,False
Snow sports,55-59,2019,32,1500.0,0.28291375022218324,True
Snow sports,60-64,2019,36,,0.3696487232550236,False
Snow sports,65-69,2019,14,,0.3943668910185571,False
Snow sports,70-74,2019,12,,0.7884994156670377,False
Snow sports,75-79,2019,3,,0.7244688088904591,False
Snow sports,80+,2019,3,,0.7151035053582052,False
Hockey,0-4,2019,6,,0.5442312018754447,False
Hockey,5-9,2019,102,1900.0,0.25748070974411663,True
Hockey,10-14,2019,418,10200.0,0.24940279733519344,True
Hockey,15-19,2019,376,10900.0,0.2285961050721436,True
Hockey,20-24,2019,95,4000.0,0.25785882209030486,True
Hockey,25-29,2019,62,,0.3410874886418776,False
Hockey,30-34,2019,42,1600.0,0.30101564431372013,True
Hockey,35-39,2019,31,1500.0,0.20342898194957656,True
Hockey,40-44,2019,22,,0.37261258486669835,False
Hockey,45-49,2019,25,,0.30704936815479494,False
Hockey,50-54,2019,13,,0.30932168532762905,False
Hockey,55-59,2019,13,,0.32300526389991097,False
Hockey,60-64,2019,12,,0.34469849151534426,False
Hockey,65-69,2019,3,,0.638591931060892,False
Hockey,70-74,2019,2,,0.8358628726569479,False
Hockey,75-79,2019,2,,0.8289174610685298,False
Hockey,80+,2019,2,,0.6892024376045109,False
Fishing,0-4,2019,40,1900.0,0.1895202992535435,True
Fishing,5-9,2019,102,5200.0,0.2305179899431385,True
Fishing,10-14,2019,121,6600.0,0.2861592910740125,True
Fishing,15-19,2019,86,5400.0,0.24617935828991314,True
Fishing,20-24,2019,67,4100.0,0.20986029385678776,True
Fishing,25-29,2019,60,3700.0,0.26074240377537966,True
Fishing,30-34,2019,76,4300.0,0.255526855326743,True
Fishing,35-39,2019,60,3400.0,0.1777864388336412,True
Fishing,40-44,2019,52,3000.0,0.16561159226925234,True
Fishing,45-49,2019,77,4400.0,0.1789511557521072,True
Fishing,50-54,2019,73,4400.0,0.17855076742449583,True
Fishing,55-59,2019,68,3900.0,0.20591859872166127,True
Fishing,60-64,2019,62,3600.0,0.174406083664192,True
Fishing,65-69,2019,49,3000.0,0.24205302610250162,True
Fishing,70-74,2019,41,2600.0,0.19775385323445932,True
Fishing,75-79,2019,19,,0.2783192222968741,False
Fishing,80+,2019,14,,0.33391879662997476,False
Basketball,0-4,2020,57,1200.0,0.25634850771349055,True
Basketball,5-9,2020,399,9000.0,0.14937543783820498,True
Basketball,10-14,2020,2303,55200.0,0.11938504216380186,True
Basketball,15-19,2020,2435,74800.0,0.11141015028915215,True
Basketball,20-24,2020,729,27200.0,0.114189538395062,True
Basketball,25-29,2020,437,16600.0,0.0969499077316436,True
Basketball,30-34,2020,251,9400.0,0.11489942200393777,True
Basketball,35-39,2020,167,6600.0,0.11256423912660442,True
Basketball,40-44,2020,111,4700.0,0.117151256613499,True
Basketball,45-49,2020,82,3200.0,0.14605813298402556,True
Basketball,50-54,2020,49,2000.0,0.1841654905391823,True
Basketball,55-59,2020,39,1700.0,0.2112478703393945,True
Basketball,60-64,2020,15,,0.3311260305650238,False
Basketball,65-69,2020,17,,0.3742624948020425,False
Basketball,70-74,2020,6,,0.4437917406995632,False
Basketball,75-79,2020,1,,1.0,False
Basketball,80+,2020,8,,0.43584850231783695,False
Exercise/fitness,0-4,2020,187,4200.0,0.16253115391763462,True
Exercise/fitness,5-9,2020,326,7600.0,0.15368891945324784,True
Exercise/fitness,10-14,2020,467,10700.0,0.13559198248304474,True
Exercise/fitness,15-19,2020,619,22000.0,0.10779761867438481,True
Exercise/fitness,20-24,2020,616,24300.0,0.10148223451274996,True
Exercise/fitness,25-29,2020,719,28000.0,0.11010237860097793,True
Exercise/fitness,30-34,2020,644,25300.0,0.10100978456248522,True
Exercise/fitness,35-39,2020,609,24500.0,0.09647254419991097,True
Exercise/fitness,40-44,2020,460,19600.0,0.0945253049734336,True
Exercise/fitness,45-49,2020,486,19100.0,0.11334511378502345,True
Exercise/fitness,50-54,2020,522,19500.0,0.11501187369181777,True
Exercise/fitness,55-59,2020,515,21700.0,0.1363164337156521,True
Exercise/fitness,60-64,2020,420,17700.0,0.14609089004601716,True
Exercise/fitness,65-69,2020,405,18400.0,0.16404958110935058,True
Exercise/fitness,70-74,2020,358,16900.0,0.23498459593021323,True
Exercise/fitness,75-79,2020,250,11700.0,0.25856543140816013,True
Exercise/fitness,80+,2020,376,17900.0,0.2281110583155943,True
Football,0-4,2020,25,,0.34399768538590547,False
Football,5-9,2020,407,8300.0,0.1950728367765459,True
Football,10-14,2020,1941,47500.0,0.17142353543257463,True
Football,15-19,2020,1381,43000.0,0.1386622143805876,True
Football,20-24,2020,203,7500.0,0.13636306197539808,True
Football,25-29,2020,168,6000.0,0.1279207205006246,True
Football,30-34,2020,91,3300.0,0.15953242294865994,True
Football,35-39,2020,60,2300.0,0.2136864619795686,True
Football,40-44,2020,28,,0.2638213933269554,False
Football,45-49,2020,24,,0.21341241671294617,False
Football,50-54,2020,9,,0.3701786979760424,False
Football,55-59,2020,6,,0.5074133405748418,False
Football,60-64,2020,7,,0.4842632203238068,False
Football,65-69,2020,2,,0.6666666666666666,False
Football,70-74,2020,3,,0.6451008246117017,False
Football,75-79,2020,1,,1.0,False
Football,80+,2020,1,,1.0,False
Soccer,0-4,2020,60,,0.3739286675103633,False
Soccer,5-9,2020,351,7800.0,0.25649983178082425,True
Soccer,10-14,2020,1143,25000.0,0.28459282622985005,True
Soccer,15-19,2020,1037,27000.0,0.1641363486401562,True
Soccer,20-24,2020,206,7200.0,0.1369182488739076,True
Soccer,25-29,2020,127,3800.0,0.14240588829835232,True
Soccer,30-34,2020,85,3200.0,0.17331148817378508,True
Soccer,35-39,2020,69,2600.0,0.22067359880559623,True
Soccer,40-44,2020,35,1400.0,0.2558528119017264,True
Soccer,45-49,2020,27,1300.0,0.2608630150535575,True
Soccer,50-54,2020,17,,0.32571140135557763,False
Soccer,55-59,2020,6,,0.5517261269383058,False
Soccer,60-64,2020,6,,0.47351662822166835,False
Soccer,65-69,2020,0,,,False
Soccer,70-74,2020,1,,1.0000000000000002,False
Soccer,75-79,2020,0,,,False
Soccer,80+,2020,1,,1.0,False
Swimming/diving,0-4,2020,568,,0.4695012245715976,False
Swimming/diving,5-9,2020,932,,0.38969295863693404,False
Swimming/diving,10-14,2020,778,21700.0,0.29691602615676105,True
Swimming/diving,15-19,2020,315,10600.0,0.17392638599910235,True
Swimming/diving,20-24,2020,161,7200.0,0.16103467754812048,True
Swimming/diving,25-29,2020,147,7000.0,0.17753100049641787,True
Swimming/diving,30-34,2020,134,6300.0,0.18113982002656742,True
Swimming/diving,35-39,2020,93,3600.0,0.1573394554657038,True
Swimming/diving,40-44,2020,98,5200.0,0.167610920792373,True
Swimming/diving,45-49,2020,80,3800.0,0.20118928512829437,True
Swimming/diving,50-54,2020,77,3800.0,0.269031949635345,True
Swimming/diving,55-59,2020,81,3900.0,0.1876033088254176,True
Swimming/diving,60-64,2020,66,3400.0,0.32530097085691395,True
Swimming/diving,65-69,2020,61,3200.0,0.2691705352699048,True
Swimming/diving,70-74,2020,54,,0.4873228089506511,False
Swimming/diving,75-79,2020,30,,0.5017249790289129,False
Swimming/diving,80+,2020,37,,0.39580020531434684,False
Baseball/softball,0-4,2020,63,1800.0,0.22690014729505772,True
Baseball/softball,5-9,2020,253,5900.0,0.14859795331967335,True
Baseball/softball,10-14,2020,721,18700.0,0.17595748116737095,True
Baseball/softball,15-19,2020,561,17900.0,0.14945048265696764,True
Baseball/softball,20-24,2020,95,4200.0,0.16280736678799645,True
Baseball/softball,25-29,2020,86,4200.0,0.16094570187337293,True
Baseball/softball,30-34,2020,78,4300.0,0.14829450196345578,True
Baseball/softball,35-39,2020,74,3500.0,0.16797922362808398,True
Baseball/softball,40-44,2020,42,2100.0,0.17804094016652636,True
Baseball/softball,45-49,2020,39,1800.0,0.19937584390199425,True
Baseball/softball,50-54,2020,27,,0.2215643630559854,False
Baseball/softball,55-59,2020,19,,0.325927140921609,False
Baseball/softball,60-64,2020,26,,0.43341830581792645,False
Baseball/softball,65-69,2020,14,,0.4879563188621413,False
Baseball/softball,70-74,2020,11,,0.520120964139281,False
Baseball/softball,75-79,2020,10,,0.44310580300897817,False
Baseball/softball,80+,2020,3,,0.6475559169243371,False
Weight training,0-4,2020,99,2200.0,0.22176372949163078,True
Weight training,5-9,2020,67,1600.0,0.2821941623143953,True
Weight training,10-14,2020,101,2700.0,0.16074391322511944,True
Weight training,15-19,2020,317,11000.0,0.17475768562840727,True
Weight training,20-24,2020,185,8200.0,0.17438210517031957,True
Weight training,25-29,2020,196,8200.0,0.12661383346614702,True
Weight training,30-34,2020,180,7000.0,0.13822628223759734,True
Weight training,35-39,2020,142,5200.0,0.1354412524370271,True
Weight training,40-44,2020,129,5100.0,0.13554021865453567,True
Weight training,45-49,2020,88,3700.0,0.163712310971664,True
Weight training,50-54,2020,65,2600.0,0.1626162542911008,True
Weight training,55-59,2020,58,2200.0,0.18558782364924065,True
Weight training,60-64,2020,43,1400.0,0.3057108794273827,True
Weight training,65-69,2020,25,,0.41294946161549734,False
Weight training,70-74,2020,23,,0.18832394228345653,False
Weight training,75-79,2020,12,,0.3397228333070916,False
Weight training,80+,2020,12,,0.37231921347161534,False
Other sport/recreation,0-4,2020,29,,0.36168180717011805,False
Other sport/recreation,5-9,2020,192,4500.0,0.29881343261185056,True
Other sport/recreation,10-14,2020,498,12600.0,0.2656194917010188,True
Other sport/recreation,15-19,2020,212,6800.0,0.12161041614996919,True
Other sport/recreation,20-24,2020,87,3600.0,0.16367550887085855,True
Other sport/recreation,25-29,2020,34,1800.0,0.24420462644142799,True
Other sport/recreation,30-34,2020,30,,0.22704534448118047,False
Other sport/recreation,35-39,2020,26,,0.2456608053789177,False
Other sport/recreation,40-44,2020,13,,0.25886625528094986,False
Other sport/recreation,45-49,2020,14,,0.337964828065303,False
Other sport/recreation,50-54,2020,7,,0.3578409047942387,False
Other sport/recreation,55-59,2020,10,,0.3872603751338915,False
Other sport/recreation,60-64,2020,9,,0.3602774404408613,False
Other sport/recreation,65-69,2020,7,,0.42448500943920964,False
Other sport/recreation,70-74,2020,4,,0.6063240075398239,False
Other sport/recreation,75-79,2020,5,,0.4132593199575464,False
Other sport/recreation,80+,2020,2,,0.8094392832178499,False
Combat sports,0-4,2020,9,,0.525104416874028,False
Combat sports,5-9,2020,109,2800.0,0.19936632938622034,True
Combat sports,10-14,2020,360,10200.0,0.16239110067057116,True
Combat sports,15-19,2020,417,13800.0,0.16352633074660786,True
Combat sports,20-24,2020,138,6100.0,0.13997382699457764,True
Combat sports,25-29,2020,117,4600.0,0.13720133279757538,True
Combat sports,30-34,2020,95,4100.0,0.14363689947163272,True
Combat sports,35-39,2020,51,2000.0,0.20517898506678836,True
Combat sports,40-44,2020,41,1900.0,0.15707656532903908,True
Combat sports,45-49,2020,18,,0.2670595856289272,False
Combat sports,50-54,2020,18,,0.30137248016105656,False
Combat sports,55-59,2020,8,,0.40133369983942746,False
Combat sports,60-64,2020,5,,0.5452932711369992,False
Combat sports,65-69,2020,10,,0.34394262045875446,False
Combat sports,70-74,2020,0,,,False
Combat sports,75-79,2020,2,,0.7071077035816151,False
Combat sports,80+,2020,1,,1.0000000000000002,False
Other ball sports,0-4,2020,231,5600.0,0.20282701676029236,True
Other ball sports,5-9,2020,233,5000.0,0.18677731502366865,True
Other ball sports,10-14,2020,282,6500.0,0.20792159615390496,True
Other ball sports,15-19,2020,86,2700.0,0.1925993718065887,True
Other ball sports,20-24,2020,35,1600.0,0.19954702371998218,True
Other ball sports,25-29,2020,26,,0.25688575502617955,False
Other ball sports,30-34,2020,27,,0.2601325999389314,False
Other ball sports,35-39,2020,26,,0.21792022598560146,False
Other ball sports,40-44,2020,21,,0.26325495108263014,False
Other ball sports,45-49,2020,15,,0.30596116966610365,False
Other ball sports,50-54,2020,20,,0.2851624324162414,False
Other ball sports,55-59,2020,25,,0.5195282690522798,False
Other ball sports,60-64,2020,24,,0.4486165048534125,False
Other ball sports,65-69,2020,39,,0.5148942406065847,False
Other ball sports,70-74,2020,42,,0.5432494110218087,False
Other ball sports,75-79,2020,21,,0.497581640714708,False
Other ball sports,80+,2020,22,,0.44247928971390404,False
Gymnastics/cheerleading,0-4,2020,43,,0.36274323221790217,False
Gymnastics/cheerleading,5-9,2020,307,7200.0,0.23737883914634259,True
Gymnastics/cheerleading,10-14,2020,460,9900.0,0.1738562339476774,True
Gymnastics/cheerleading,15-19,2020,277,7900.0,0.14414092144181995,True
Gymnastics/cheerleading,20-24,2020,23,,0.2679186421013126,False
Gymnastics/cheerleading,25-29,2020,14,,0.2962502293025328,False
Gymnastics/cheerleading,30-34,2020,8,,0.3968528271214849,False
Gymnastics/cheerleading,35-39,2020,4,,0.5914216467390432,False
Gymnastics/cheerleading,40-44,2020,3,,0.733013093627828,False
Gymnastics/cheerleading,45-49,2020,2,,0.688498564097698,False
Gymnastics/cheerleading,50-54,2020,1,,1.0000000000000002,False
Gymnastics/cheerleading,55-59,2020,1,,1.0,False
Gymnastics/cheerleading,60-64,2020,1,,1.0,False
Gymnastics/cheerleading,65-69,2020,0,,,False
Gymnastics/cheerleading,70-74,2020,0,,,False
Gymnastics/cheerleading,75-79,2020,0,,,False
Gymnastics/cheerleading,80+,2020,0,,,False
Volleyball,0-4,2020,2,,0.9419392127028853,False
Volleyball,5-9,2020,14,,0.41326285265005896,False
Volleyball,10-14,2020,274,7700.0,0.12828453990939767,True
Volleyball,15-19,2020,261,7800.0,0.13162741961880586,True
Volleyball,20-24,2020,39,,0.3700310390426856,False
Volleyball,25-29,2020,32,1600.0,0.18803676370363615,True
Volleyball,30-34,2020,19,,0.34982558944075937,False
Volleyball,35-39,2020,24,1300.0,0.2708305435786671,True
Volleyball,40-44,2020,12,,0.35618060724743333,False
Volleyball,45-49,2020,9,,0.48554511000685774,False
Volleyball,50-54,2020,8,,0.4767193027996949,False
Volleyball,55-59,2020,6,,0.44371685286065304,False
Volleyball,60-64,2020,5,,0.5141699912560097,False
Volleyball,65-69,2020,2,,0.841608036195981,False
Volleyball,70-74,2020,0,,,False
Volleyball,75-79,2020,0,,,False
Volleyball,80+,2020,1,,0.9999999999999999,False
Snow sports,0-4,2020,5,,0.7403930512650736,False
Snow sports,5-9,2020,61,,0.6420831185789583,False
Snow sports,10-14,2020,209,,0.3573127265324844,False
Snow sports,15-19,2020,206,10200.0,0.28618412268422844,True
Snow sports,20-24,2020,149,7200.0,0.24564197418347744,True
Snow sports,25-29,2020,92,4100.0,0.23049044592462875,True
Snow sports,30-34,2020,52,2200.0,0.2598727732623145,True
Snow sports,35-39,2020,41,2000.0,0.2353358688068426,True
Snow sports,40-44,2020,50,2100.0,0.2690765641140663,True
Snow sports,45-49,2020,42,,0.4297387472050384,False
Snow sports,50-54,2020,27,1400.0,0.2998197875858075,True
Snow sports,55-59,2020,34,1700.0,0.31153522655802063,True
Snow sports,60-64,2020,28,,0.36806641225281467,False
Snow sports,65-69,2020,14,,0.544979807817608,False
Snow sports,70-74,2020,11,,0.6469730557172853,False
Snow sports,75-79,2020,5,,0.5141699912560096,False
Snow sports,80+,2020,2,,0.7135152004377825,False
Hockey,0-4,2020,9,,0.46709512769451794,False
Hockey,5-9,2020,43,,0.29230214297489415,False
Hockey,10-14,2020,247,5300.0,0.2459013161472754,True
Hockey,15-19,2020,225,6200.0,0.25982171545174193,True
Hockey,20-24,2020,43,,0.3683742555207824,False
Hockey,25-29,2020,25,,0.3387982382055273,False
Hockey,30-34,2020,21,,0.3363998453069301,False
Hockey,35-39,2020,11,,0.42913431159679405,False
Hockey,40-44,2020,7,,0.5069158450518461,False
Hockey,45-49,2020,13,,0.3797108328289045,False
Hockey,50-54,2020,7,,0.483564652825034,False
Hockey,55-59,2020,9,,0.5553113270629304,False
Hockey,60-64,2020,7,,0.44746491980170605,False
Hockey,65-69,2020,1,,1.0000000000000004,False
Hockey,70-74,2020,1,,1.0000000000000002,False
Hockey,75-79,2020,2,,1.0000000000000002,False
Hockey,80+,2020,0,,,False
Fishing,0-4,2020,70,2700.0,0.30162822697414315,True
Fishing,5-9,2020,118,4500.0,0.17716913932599374,True
Fishing,10-14,2020,150,7700.0,0.19448592017030314,True
Fishing,15-19,2020,121,6700.0,0.28451729605715825,True
Fishing,20-24,2020,71,3900.0,0.22433422472775566,True
Fishing,25-29,2020,74,4000.0,0.2162723624480319,True
Fishing,30-34,2020,66,3500.0,0.1920863033523683,True
Fishing,35-39,2020,74,4500.0,0.23172811901962184,True
Fishing,40-44,2020,69,3500.0,0.23047912282408917,True
Fishing,45-49,2020,71,3900.0,0.204447818472764,True
Fishing,50-54,2020,73,3900.0,0.23830832458467224,True
Fishing,55-59,2020,75,3800.0,0.2032145038385292,True
Fishing,60-64,2020,80,4600.0,0.19358279055661698,True
Fishing,65-69,2020,51,2800.0,0.1897823485218765,True
Fishing,70-74,2020,39,2300.0,0.26472649889194916,True
Fishing,75-79,2020,28,,0.33188037742856535,False
Fishing,80+,2020,16,,0.4294650821169933,False
Basketball,0-4,2021,60,1600.0,0.21603557072572485,True
Basketball,5-9,2021,447,11100.0,0.218094259259288,True
Basketball,10-14,2021,2693,67500.0,0.13412724960582295,True
Basketball,15-19,2021,3076,90900.0,0.1062064294780771,True
Basketball,20-24,2021,966,35600.0,0.10940511478674843,True
Basketball,25-29,2021,507,17200.0,0.09462060106905006,True
Basketball,30-34,2021,342,11400.0,0.12273333679300992,True
Basketball,35-39,2021,237,8300.0,0.12140029787860378,True
Basketball,40-44,2021,172,6500.0,0.1460555280139522,True
Basketball,45-49,2021,80,3000.0,0.18309328189165358,True
Basketball,50-54,2021,49,1700.0,0.20498352667666458,True
Basketball,55-59,2021,36,1300.0,0.21581211430418493,True
Basketball,60-64,2021,31,,0.23297331390672804,False
Basketball,65-69,2021,12,,0.3186477549046827,False
Basketball,70-74,2021,8,,0.5253678745642968,False
Basketball,75-79,2021,6,,0.49849763861976953,False
Basketball,80+,2021,3,,0.6407360776097731,False
Exercise/fitness,0-4,2021,219,4600.0,0.17470994263166736,True
Exercise/fitness,5-9,2021,380,8700.0,0.16184536088916962,True
Exercise/fitness,10-14,2021,607,15900.0,0.1390243677220485,True
Exercise/fitness,15-19,2021,638,21100.0,0.11303183345297577,True
Exercise/fitness,20-24,2021,696,26300.0,0.12350464994036012,True
Exercise/fitness,25-29,2021,690,26600.0,0.10843764284004632,True
Exercise/fitness,30-34,2021,640,25000.0,0.11733301434167286,True
Exercise/fitness,35-39,2021,614,24500.0,0.104365416909194,True
Exercise/fitness,40-44,2021,542,22000.0,0.1085666656941935,True
Exercise/fitness,45-49,2021,489,19500.0,0.10445637730805302,True
Exercise/fitness,50-54,2021,461,19600.0,0.11745884890533803,True
Exercise/fitness,55-59,2021,465,19400.0,0.11488884174811528,True
Exercise/fitness,60-64,2021,423,18400.0,0.16799974707170587,True
Exercise/fitness,65-69,2021,462,20900.0,0.17220782744784616,True
Exercise/fitness,70-74,2021,360,16400.0,0.17475509591156774,True
Exercise/fitness,75-79,2021,295,13300.0,0.20432801669734385,True
Exercise/fitness,80+,2021,367,16500.0,0.19811858739503274,True
Football,0-4,2021,26,,0.29972840618530155,False
Football,5-9,2021,783,16500.0,0.22162153754962824,True
Football,10-14,2021,3710,92900.0,0.13973573823696625,True
Football,15-19,2021,2616,81600.0,0.11032862938284502,True
Football,20-24,2021,306,10700.0,0.1385549412413016,True
Football,25-29,2021,171,6600.0,0.1261518333859619,True
Football,30-34,2021,134,5100.0,0.14364305435675376,True
Football,35-39,2021,70,2500.0,0.15567359159328345,True
Football,40-44,2021,44,1600.0,0.19322762317053827,True
Football,45-49,2021,20,,0.3233553812087326,False
Football,50-54,2021,17,,0.3394656310477993,False
Football,55-59,2021,11,,0.389144201720744,False
Football,60-64,2021,8,,0.3855527589469596,False
Football,65-69,2021,5,,0.43335598564033556,False
Football,70-74,2021,3,,0.6318902186616979,False
Football,75-79,2021,2,,0.6892024376045109,False
Football,80+,2021,0,,,False
Soccer,0-4,2021,63,,0.2468000426609717,False
Soccer,5-9,2021,589,13100.0,0.2718474945987204,True
Soccer,10-14,2021,2004,45800.0,0.17681181313125852,True
Soccer,15-19,2021,1783,46700.0,0.13073914842386936,True
Soccer,20-24,2021,377,12200.0,0.12479525175517776,True
Soccer,25-29,2021,246,8200.0,0.11549324894953626,True
Soccer,30-34,2021,178,6000.0,0.1443411842798987,True
Soccer,35-39,2021,122,4100.0,0.16267689182725123,True
Soccer,40-44,2021,92,2900.0,0.19823918072383995,True
Soccer,45-49,2021,48,1500.0,0.22872304495181758,True
Soccer,50-54,2021,39,1300.0,0.2183608641721731,True
Soccer,55-59,2021,12,,0.4123262210627188,False
Soccer,60-64,2021,12,,0.4284003385260349,False
Soccer,65-69,2021,9,,0.3770914590661219,False
Soccer,70-74,2021,5,,0.5992631146241374,False
Soccer,75-79,2021,3,,0.6806161952835765,False
Soccer,80+,2021,2,,0.8033424082743614,False
Swimming/diving,0-4,2021,658,,0.40747447416354127,False
Swimming/diving,5-9,2021,1180,,0.3734980970913653,False
Swimming/diving,10-14,2021,970,30400.0,0.3053073666848114,True
Swimming/diving,15-19,2021,343,12300.0,0.2222116746933911,True
Swimming/diving,20-24,2021,202,9000.0,0.16287040170783662,True
Swimming/diving,25-29,2021,143,6200.0,0.1486184805274472,True
Swimming/diving,30-34,2021,145,6600.0,0.1642028698424121,True
Swimming/diving,35-39,2021,100,4500.0,0.17918348712699067,True
Swimming/diving,40-44,2021,107,4900.0,0.1533508436581539,True
Swimming/diving,45-49,2021,75,3400.0,0.1773636644919762,True
Swimming/diving,50-54,2021,87,4000.0,0.21412589094699552,True
Swimming/diving,55-59,2021,83,4000.0,0.19238204648842067,True
Swimming/diving,60-64,2021,81,3500.0,0.2815551100827313,True
Swimming/diving,65-69,2021,69,3200.0,0.23312911409581932,True
Swimming/diving,70-74,2021,56,,0.3307366028670931,False
Swimming/diving,75-79,2021,45,,0.3356934507681302,False
Swimming/diving,80+,2021,46,,0.3882204826422645,False
Baseball/softball,0-4,2021,90,2900.0,0.1655735883724227,True
Baseball/softball,5-9,2021,480,11000.0,0.16876062961275007,True
Baseball/softball,10-14,2021,1294,34100.0,0.17099040142940902,True
Baseball/softball,15-19,2021,934,29900.0,0.13613711511525858,True
Baseball/softball,20-24,2021,180,8000.0,0.1156699457412625,True
Baseball/softball,25-29,2021,124,5100.0,0.16827703003453554,True
Baseball/softball,30-34,2021,143,6200.0,0.13221663151423815,True
Baseball/softball,35-39,2021,90,4100.0,0.15563616956259077,True
Baseball/softball,40-44,2021,94,4200.0,0.15111282384253166,True
Baseball/softball,45-49,2021,61,2500.0,0.18470093774804486,True
Baseball/softball,50-54,2021,60,2300.0,0.1658326166329288,True
Baseball/softball,55-59,2021,33,1500.0,0.264341433476929,True
Baseball/softball,60-64,2021,29,1300.0,0.303284325847574,True
Baseball/softball,65-69,2021,23,,0.32159141265212626,False
Baseball/softball,70-74,2021,14,,0.594248061586538,False
Baseball/softball,75-79,2021,11,,0.37230018560027794,False
Baseball/softball,80+,2021,9,,0.484494181712223,False
Weight training,0-4,2021,111,2700.0,0.19562723684948533,True
Weight training,5-9,2021,67,1300.0,0.2700323794102962,True
Weight training,10-14,2021,159,3700.0,0.1755670987625115,True
Weight training,15-19,2021,433,15500.0,0.16733871427536853,True
Weight training,20-24,2021,294,11600.0,0.13637505304324166,True
Weight training,25-29,2021,283,10800.0,0.10221309154004042,True
Weight training,30-34,2021,244,9300.0,0.11767633239401269,True
Weight training,35-39,2021,198,7800.0,0.11449486029169323,True
Weight training,40-44,2021,133,5500.0,0.12746558119435036,True
Weight training,45-49,2021,102,3800.0,0.13234170517425134,True
Weight training,50-54,2021,90,3700.0,0.15778696391121136,True
Weight training,55-59,2021,70,3000.0,0.15670845245476853,True
Weight training,60-64,2021,57,2300.0,0.1919469022961851,True
Weight training,65-69,2021,35,1500.0,0.23547427621559347,True
Weight training,70-74,2021,27,,0.26846746605359095,False
Weight training,75-79,2021,22,1200.0,0.31774534770434937,True
Weight training,80+,2021,18,,0.2888810493917628,False
Other sport/recreation,0-4,2021,23,,0.2905994820105758,False
Other sport/recreation,5-9,2021,341,,0.33751207738310074,False
Other sport/recreation,10-14,2021,740,17600.0,0.24185976710323212,True
Other sport/recreation,15-19,2021,441,13100.0,0.14209869493894556,True
Other sport/recreation,20-24,2021,134,5500.0,0.16744764625481662,True
Other sport/recreation,25-29,2021,84,3000.0,0.17159514342683896,True
Other sport/recreation,30-34,2021,61,2400.0,0.17142806322042212,True
Other sport/recreation,35-39,2021,35,1300.0,0.23001773045877325,True
Other sport/recreation,40-44,2021,32,1200.0,0.19423139971023587,True
Other sport/recreation,45-49,2021,8,,0.36962353862701236,False
Other sport/recreation,50-54,2021,9,,0.3732506554792815,False
Other sport/recreation,55-59,2021,13,,0.31329549701076304,False
Other sport/recreation,60-64,2021,6,,0.6216611285195965,False
Other sport/recreation,65-69,2021,12,,0.38059220493752577,False
Other sport/recreation,70-74,2021,8,,0.3865617967254009,False
Other sport/recreation,75-79,2021,3,,0.5711160623259274,False
Other sport/recreation,80+,2021,1,,1.0000000000000002,False
Combat sports,0-4,2021,6,,0.4605562561362096,False
Combat sports,5-9,2021,152,3700.0,0.30453506966247057,True
Combat sports,10-14,2021,440,11600.0,0.17269382283532317,True
Combat sports,15-19,2021,584,19600.0,0.16935999591795506,True
Combat sports,20-24,2021,197,8400.0,0.13544892200417535,True
Combat sports,25-29,2021,167,6100.0,0.12743848867354116,True
Combat sports,30-34,2021,119,4900.0,0.10665670033912496,True
Combat sports,35-39,2021,80,3700.0,0.1125258319753757,True
Combat sports,40-44,2021,48,1800.0,0.22183986919400844,True
Combat sports,45-49,2021,32,,0.2571578616537545,False
Combat sports,50-54,2021,24,,0.24815492289329089,False
Combat sports,55-59,2021,9,,0.464925795705205,False
Combat sports,60-64,2021,13,,0.3515650619997728,False
Combat sports,65-69,2021,2,,0.6892024376045113,False
Combat sports,70-74,2021,3,,0.5804928757384873,False
Combat sports,75-79,2021,2,,0.6614378277661477,False
Combat sports,80+,2021,3,,0.7485607426741931,False
Other ball sports,0-4,2021,220,5000.0,0.20703449260371098,True
Other ball sports,5-9,2021,345,7200.0,0.1781365792723104,True
Other ball sports,10-14,2021,530,13200.0,0.14950886111938957,True
Other ball sports,15-19,2021,149,4600.0,0.15122510572058362,True
Other ball sports,20-24,2021,52,2100.0,0.17256677252852037,True
Other ball sports,25-29,2021,46,2100.0,0.22182509817715493,True
Other ball sports,30-34,2021,52,2000.0,0.17791786924229447,True
Other ball sports,35-39,2021,41,1900.0,0.20517157254971416,True
Other ball sports,40-44,2021,35,1600.0,0.239330672254631,True
Other ball sports,45-49,2021,22,,0.27754562790442966,False
Other ball sports,50-54,2021,32,1500.0,0.3042575256699791,True
Other ball sports,55-59,2021,40,1900.0,0.3257470323414563,True
Other ball sports,60-64,2021,51,,0.5571601082448776,False
Other ball sports,65-69,2021,74,,0.5749744106610094,False
Other ball sports,70-74,2021,71,,0.5541086073983347,False
Other ball sports,75-79,2021,35,1800.0,0.29482939873979536,True
Other ball sports,80+,2021,25,,0.3295865771721564,False
Gymnastics/cheerleading,0-4,2021,63,1300.0,0.18559616410634389,True
Gymnastics/cheerleading,5-9,2021,447,10800.0,0.20760550764128102,True
Gymnastics/cheerleading,10-14,2021,635,15500.0,0.2130037892521143,True
Gymnastics/cheerleading,15-19,2021,395,12000.0,0.1350994263941475,True
Gymnastics/cheerleading,20-24,2021,36,1700.0,0.26827743854143304,True
Gymnastics/cheerleading,25-29,2021,10,,0.3867900922499197,False
Gymnastics/cheerleading,30-34,2021,3,,0.6393290681981992,False
Gymnastics/cheerleading,35-39,2021,4,,0.5899165939804291,False
Gymnastics/cheerleading,40-44,2021,3,,0.5804928757384873,False
Gymnastics/cheerleading,45-49,2021,1,,1.0000000000000002,False
Gymnastics/cheerleading,50-54,2021,1,,1.0,False
Gymnastics/cheerleading,55-59,2021,1,,0.9999999999999998,False
Gymnastics/cheerleading,60-64,2021,3,,0.5898655308741116,False
Gymnastics/cheerleading,65-69,2021,0,,,False
Gymnastics/cheerleading,70-74,2021,0,,,False
Gymnastics/cheerleading,75-79,2021,0,,,False
Gymnastics/cheerleading,80+,2021,0,,,False
Volleyball,0-4,2021,1,,1.0,False
Volleyball,5-9,2021,14,,0.4526486618343427,False
Volleyball,10-14,2021,442,12900.0,0.17788315060994048,True
Volleyball,15-19,2021,512,16000.0,0.144783108331656,True
Volleyball,20-24,2021,68,2700.0,0.2747525628669309,True
Volleyball,25-29,2021,42,1600.0,0.20719963821026613,True
Volleyball,30-34,2021,23,1300.0,0.20189332021778736,True
Volleyball,35-39,2021,22,,0.29006652189658505,False
Volleyball,40-44,2021,21,,0.3078790874126792,False
Volleyball,45-49,2021,15,,0.38114226532289025,False
Volleyball,50-54,2021,7,,0.41832369384542195,False
Volleyball,55-59,2021,9,,0.4141479886832824,False
Volleyball,60-64,2021,8,,0.43133312853264255,False
Volleyball,65-69,2021,1,,1.0000000000000002,False
Volleyball,70-74,2021,2,,0.8253774010536734,False
Volleyball,75-79,2021,1,,1.0,False
Volleyball,80+,2021,0,,,False
Snow sports,0-4,2021,3,,0.4879500364742666,False
Snow sports,5-9,2021,58,,0.4115271628832429,False
Snow sports,10-14,2021,236,,0.3672102566170025,False
Snow sports,15-19,2021,255,10600.0,0.2811409692865791,True
Snow sports,20-24,2021,240,12000.0,0.2670828490915539,True
Snow sports,25-29,2021,158,7400.0,0.26855270172778894,True
Snow sports,30-34,2021,81,3700.0,0.22959214051199275,True
Snow sports,35-39,2021,57,,0.374685090622214,False
Snow sports,40-44,2021,49,,0.36208680568257395,False
Snow sports,45-49,2021,47,2200.0,0.2875195189214174,True
Snow sports,50-54,2021,45,,0.3636374292801689,False
Snow sports,55-59,2021,35,,0.45248112696533943,False
Snow sports,60-64,2021,22,,0.37616141246531537,False
Snow sports,65-69,2021,20,,0.532016526836354,False
Snow sports,70-74,2021,18,,0.4030995677729939,False
Snow sports,75-79,2021,5,,0.592899017736766,False
Snow sports,80+,2021,6,,0.6391693543667553,False
Hockey,0-4,2021,10,,0.43414362171277093,False
Hockey,5-9,2021,84,1800.0,0.2205754403613001,True
Hockey,10-14,2021,383,8400.0,0.25075591416373955,True
Hockey,15-19,2021,404,10600.0,0.23179689099732728,True
Hockey,20-24,2021,82,3400.0,0.23969213017638846,True
Hockey,25-29,2021,42,1800.0,0.28827171305758603,True
Hockey,30-34,2021,45,1700.0,0.28440365777264637,True
Hockey,35-39,2021,32,,0.3385780603773566,False
Hockey,40-44,2021,27,,0.3738713619760753,False
Hockey,45-49,2021,11,,0.33486197296480624,False
Hockey,50-54,2021,18,,0.2771491032292311,False
Hockey,55-59,2021,11,,0.3839870743695527,False
Hockey,60-64,2021,10,,0.3314715370391575,False
Hockey,65-69,2021,5,,0.5360618883416908,False
Hockey,70-74,2021,2,,0.6614378277661477,False
Hockey,75-79,2021,1,,1.0000000000000002,False
Hockey,80+,2021,0,,,False
Fishing,0-4,2021,58,2100.0,0.27383900252581483,True
Fishing,5-9,2021,90,3300.0,0.19981608697421677,True
Fishing,10-14,2021,125,6000.0,0.24935021406588606,True
Fishing,15-19,2021,75,4100.0,0.28309817436931484,True
Fishing,20-24,2021,57,3100.0,0.16701906501003771,True
Fishing,25-29,2021,56,2600.0,0.21737048212963858,True
Fishing,30-34,2021,76,4000.0,0.21672462607966075,True
Fishing,35-39,2021,85,4500.0,0.18689701311562573,True
Fishing,40-44,2021,75,4000.0,0.1917233240617129,True
Fishing,45-49,2021,79,4500.0,0.19576653144116068,True
Fishing,50-54,2021,51,2400.0,0.2118041885006455,True
Fishing,55-59,2021,90,4700.0,0.19221638249840126,True
Fishing,60-64,2021,66,3300.0,0.22792895196933463,True
Fishing,65-69,2021,65,3100.0,0.2071295355157294,True
Fishing,70-74,2021,41,2100.0,0.22977277095515855,True
Fishing,75-79,2021,20,,0.28053710231992113,False
Fishing,80+,2021,25,1200.0,0.2564952069612112,True
Basketball,0-4,2022,48,1200.0,0.24305933105372474,True
Basketball,5-9,2022,529,13500.0,0.16036432775132364,True
Basketball,10-14,2022,3373,95500.0,0.13940339420357784,True
Basketball,15-19,2022,3176,104000.0,0.12203714124929746,True
Basketball,20-24,2022,1002,39200.0,0.10758405742803712,True
Basketball,25-29,2022,537,21400.0,0.10668399557202393,True
Basketball,30-34,2022,364,14000.0,0.11287520225364497,True
Basketball,35-39,2022,210,8400.0,0.11862500309936017,True
Basketball,40-44,2022,143,5700.0,0.12794735107697858,True
Basketball,45-49,2022,89,3500.0,0.14201308458857337,True
Basketball,50-54,2022,47,1900.0,0.2674659061183215,True
Basketball,55-59,2022,34,1600.0,0.2051199569468102,True
Basketball,60-64,2022,21,,0.29154262186173857,False
Basketball,65-69,2022,16,,0.3038104617628408,False
Basketball,70-74,2022,20,,0.3179787384805115,False
Basketball,75-79,2022,5,,0.6393022485244636,False
Basketball,80+,2022,3,,0.7054225700736633,False
Exercise/fitness,0-4,2022,188,4400.0,0.28945461214631096,True
Exercise/fitness,5-9,2022,348,9000.0,0.17868589583925332,True
Exercise/fitness,10-14,2022,629,19600.0,0.1311317733849902,True
Exercise/fitness,15-19,2022,693,27000.0,0.13883195952578856,True
Exercise/fitness,20-24,2022,634,28500.0,0.11997511015868519,True
Exercise/fitness,25-29,2022,662,27900.0,0.12632344065923407,True
Exercise/fitness,30-34,2022,563,24600.0,0.11524397692195504,True
Exercise/fitness,35-39,2022,520,22100.0,0.1253343075549242,True
Exercise/fitness,40-44,2022,479,22100.0,0.13621028925349976,True
Exercise/fitness,45-49,2022,441,19900.0,0.13047508821626194,True
Exercise/fitness,50-54,2022,461,20800.0,0.13189076988096354,True
Exercise/fitness,55-59,2022,487,23700.0,0.13672568764848086,True
Exercise/fitness,60-64,2022,469,22500.0,0.177944735838511,True
Exercise/fitness,65-69,2022,450,22600.0,0.17680035121605603,True
Exercise/fitness,70-74,2022,371,19000.0,0.19971771900050656,True
Exercise/fitness,75-79,2022,249,14300.0,0.21693472686648704,True
Exercise/fitness,80+,2022,416,20900.0,0.22923195378131905,True
Football,0-4,2022,19,,0.37434934746830373,False
Football,5-9,2022,876,22800.0,0.2019794240131685,True
Football,10-14,2022,4291,122100.0,0.14862638325628028,True
Football,15-19,2022,2633,89700.0,0.12601365506475717,True
Football,20-24,2022,256,10600.0,0.15205653153605853,True
Football,25-29,2022,166,6700.0,0.1268015000489759,True
Football,30-34,2022,135,5100.0,0.12945902319405647,True
Football,35-39,2022,60,2600.0,0.153162321399566,True
Football,40-44,2022,35,1500.0,0.20060518503603775,True
Football,45-49,2022,24,,0.2704831659336793,False
Football,50-54,2022,11,,0.3241969696226754,False
Football,55-59,2022,10,,0.4457814535847425,False
Football,60-64,2022,7,,0.4759368647854447,False
Football,65-69,2022,5,,0.5372374561547839,False
Football,70-74,2022,3,,0.710835561049158,False
Football,75-79,2022,0,,,False
Football,80+,2022,1,,0.9999999999999998,False
Soccer,0-4,2022,55,1300.0,0.2555059745012958,True
Soccer,5-9,2022,752,19800.0,0.23112802839279264,True
Soccer,10-14,2022,2457,60000.0,0.182176721093259,True
Soccer,15-19,2022,1793,51500.0,0.1449146303840617,True
Soccer,20-24,2022,448,16900.0,0.14537683492749884,True
Soccer,25-29,2022,234,7900.0,0.16157077332246716,True
Soccer,30-34,2022,174,6800.0,0.16510787580428757,True
Soccer,35-39,2022,122,4100.0,0.15491813059226964,True
Soccer,40-44,2022,92,3900.0,0.17853486825451076,True
Soccer,45-49,2022,70,2700.0,0.17100666545840523,True
Soccer,50-54,2022,31,,0.4334595760291395,False
Soccer,55-59,2022,10,,0.46669378472207157,False
Soccer,60-64,2022,14,,0.3357553640726218,False
Soccer,65-69,2022,10,,0.3769703269617551,False
Soccer,70-74,2022,2,,0.8173012906784912,False
Soccer,75-79,2022,3,,0.6339350656532851,False
Soccer,80+,2022,2,,0.6666666666666665,False
Swimming/diving,0-4,2022,638,,0.4377795004399082,False
Swimming/diving,5-9,2022,1296,,0.3673708132482225,False
Swimming/diving,10-14,2022,1015,34800.0,0.3223816900274532,True
Swimming/diving,15-19,2022,446,17100.0,0.23302312676879333,True
Swimming/diving,20-24,2022,196,9700.0,0.17610277362359641,True
Swimming/diving,25-29,2022,144,7100.0,0.1399571767205809,True
Swimming/diving,30-34,2022,122,6200.0,0.1709847228513546,True
Swimming/diving,35-39,2022,121,5700.0,0.19839372989527776,True
Swimming/diving,40-44,2022,109,5400.0,0.2313858463450052,True
Swimming/diving,45-49,2022,99,5100.0,0.17331064725877832,True
Swimming/diving,50-54,2022,87,4800.0,0.17991864548598427,True
Swimming/diving,55-59,2022,85,4800.0,0.22906546425859856,True
Swimming/diving,60-64,2022,87,4900.0,0.1944707125580508,True
Swimming/diving,65-69,2022,74,3900.0,0.26138952546488253,True
Swimming/diving,70-74,2022,55,3500.0,0.3281812344985774,True
Swimming/diving,75-79,2022,49,,0.34341098069110954,False
Swimming/diving,80+,2022,46,2800.0,0.30827058370262556,True
Baseball/softball,0-4,2022,79,2600.0,0.23794670629841125,True
Baseball/softball,5-9,2022,506,15700.0,0.17630834368466283,True
Baseball/softball,10-14,2022,1341,44900.0,0.16444869913540403,True
Baseball/softball,15-19,2022,925,31700.0,0.12558504101089527,True
Baseball/softball,20-24,2022,156,8100.0,0.1642872646782744,True
Baseball/softball,25-29,2022,127,6100.0,0.15068091437282466,True
Baseball/softball,30-34,2022,137,7000.0,0.178857284451811,True
Baseball/softball,35-39,2022,99,5200.0,0.1454760770971075,True
Baseball/softball,40-44,2022,87,4300.0,0.15364478789318223,True
Baseball/softball,45-49,2022,59,2700.0,0.19173454325311332,True
Baseball/softball,50-54,2022,36,1600.0,0.2159107269218467,True
Baseball/softball,55-59,2022,26,1200.0,0.24462352397830564,True
Baseball/softball,60-64,2022,19,,0.29559454990060074,False
Baseball/softball,65-69,2022,32,1900.0,0.26438588171114136,True
Baseball/softball,70-74,2022,18,,0.28373127506568946,False
Baseball/softball,75-79,2022,11,,0.5300693905589628,False
Baseball/softball,80+,2022,7,,0.3831581509323659,False
Weight training,0-4,2022,87,2300.0,0.2465360677045696,True
Weight training,5-9,2022,68,1700.0,0.2371206898771912,True
Weight training,10-14,2022,194,5700.0,0.21653980952756174,True
Weight training,15-19,2022,524,19500.0,0.14583944606707297,True
Weight training,20-24,2022,347,14700.0,0.12434310483859717,True
Weight training,25-29,2022,244,11000.0,0.13053739991267543,True
Weight training,30-34,2022,197,8900.0,0.14240699090960876,True
Weight training,35-39,2022,139,6200.0,0.1246485071958951,True
Weight training,40-44,2022,134,5300.0,0.1466372867625877,True
Weight training,45-49,2022,97,4100.0,0.1595356768016382,True
Weight training,50-54,2022,82,4100.0,0.15709182286821066,True
Weight training,55-59,2022,69,3300.0,0.19851093774215434,True
Weight training,60-64,2022,46,1800.0,0.1972074140739355,True
Weight training,65-69,2022,33,1600.0,0.24921948208664593,True
Weight training,70-74,2022,16,,0.3103441933297731,False
Weight training,75-79,2022,21,,0.3292257437150307,False
Weight training,80+,2022,16,,0.27719513397004203,False
Other sport/recreation,0-4,2022,38,,0.23647949024614995,False
Other sport/recreation,5-9,2022,426,11200.0,0.28270210075494495,True
Other sport/recreation,10-14,2022,1055,30800.0,0.21035669633485163,True
Other sport/recreation,15-19,2022,514,17100.0,0.12694206097995198,True
Other sport/recreation,20-24,2022,146,5600.0,0.16606070593210853,True
Other sport/recreation,25-29,2022,73,3300.0,0.17857370059526953,True
Other sport/recreation,30-34,2022,60,2700.0,0.16463808328212204,True
Other sport/recreation,35-39,2022,29,1400.0,0.22336016139334183,True
Other sport/recreation,40-44,2022,26,1400.0,0.200127160186875,True
Other sport/recreation,45-49,2022,15,,0.302525364895496,False
Other sport/recreation,50-54,2022,15,,0.3173924415178366,False
Other sport/recreation,55-59,2022,8,,0.4269381682947596,False
Other sport/recreation,60-64,2022,13,,0.4298320711723137,False
Other sport/recreation,65-69,2022,5,,0.4906386586981065,False
Other sport/recreation,70-74,2022,6,,0.4897679748605072,False
Other sport/recreation,75-79,2022,2,,0.707231645554276,False
Other sport/recreation,80+,2022,1,,1.0000000000000002,False
Combat sports,0-4,2022,5,,0.6837742371807722,False
Combat sports,5-9,2022,174,4700.0,0.2583884246123055,True
Combat sports,10-14,2022,590,18300.0,0.1553872172416205,True
Combat sports,15-19,2022,786,27700.0,0.1355270568771969,True
Combat sports,20-24,2022,220,8900.0,0.137692495325432,True
Combat sports,25-29,2022,153,7000.0,0.1266248653180507,True
Combat sports,30-34,2022,98,4100.0,0.17828260382374694,True
Combat sports,35-39,2022,80,3300.0,0.1785260753251628,True
Combat sports,40-44,2022,52,2400.0,0.24819683432245038,True
Combat sports,45-49,2022,36,1600.0,0.21776799006249226,True
Combat sports,50-54,2022,26,1300.0,0.24867322847815979,True
Combat sports,55-59,2022,14,,0.3267871007806903,False
Combat sports,60-64,2022,16,,0.3412303204768846,False
Combat sports,65-69,2022,7,,0.5012079957659293,False
Combat sports,70-74,2022,4,,0.5822849652460665,False
Combat sports,75-79,2022,3,,0.7249699143455572,False
Combat sports,80+,2022,0,,,False
Other ball sports,0-4,2022,208,5400.0,0.2589081784027422,True
Other ball sports,5-9,2022,368,8400.0,0.16999644375055492,True
Other ball sports,10-14,2022,601,17600.0,0.14874918918094462,True
Other ball sports,15-19,2022,156,5300.0,0.16958211975524998,True
Other ball sports,20-24,2022,63,2900.0,0.23392937866993618,True
Other ball sports,25-29,2022,44,1800.0,0.21991326035957146,True
Other ball sports,30-34,2022,56,2100.0,0.1868579999431339,True
Other ball sports,35-39,2022,42,1900.0,0.23797993607195966,True
Other ball sports,40-44,2022,33,1600.0,0.23285384607374546,True
Other ball sports,45-49,2022,17,,0.3248780925192303,False
Other ball sports,50-54,2022,30,1600.0,0.2764857709584519,True
Other ball sports,55-59,2022,33,,0.3463492715257184,False
Other ball sports,60-64,2022,66,,0.40007632389836734,False
Other ball sports,65-69,2022,76,,0.3919793585395937,False
Other ball sports,70-74,2022,50,,0.42137437614467493,False
Other ball sports,75-79,2022,43,,0.41461529165220085,False
Other ball sports,80+,2022,29,1500.0,0.3082447379578146,True
Gymnastics/cheerleading,0-4,2022,53,1300.0,0.2589475439284115,True
Gymnastics/cheerleading,5-9,2022,450,13700.0,0.24790102028140457,True
Gymnastics/cheerleading,10-14,2022,650,20000.0,0.22550839305401374,True
Gymnastics/cheerleading,15-19,2022,439,15000.0,0.16986359107489507,True
Gymnastics/cheerleading,20-24,2022,44,1800.0,0.24031299796377223,True
Gymnastics/cheerleading,25-29,2022,8,,0.4194489116964449,False
Gymnastics/cheerleading,30-34,2022,6,,0.4842970226064553,False
Gymnastics/cheerleading,35-39,2022,5,,0.5276774854087418,False
Gymnastics/cheerleading,40-44,2022,2,,0.8261045473549856,False
Gymnastics/cheerleading,45-49,2022,1,,1.0000000000000004,False
Gymnastics/cheerleading,50-54,2022,1,,0.9999999999999998,False
Gymnastics/cheerleading,55-59,2022,0,,,False
Gymnastics/cheerleading,60-64,2022,0,,,False
Gymnastics/cheerleading,65-69,2022,1,,1.0,False
Gymnastics/cheerleading,70-74,2022,0,,,False
Gymnastics/cheerleading,75-79,2022,0,,,False
Gymnastics/cheerleading,80+,2022,0,,,False
Volleyball,0-4,2022,3,,0.7433378444500754,False
Volleyball,5-9,2022,27,,0.29381496661387196,False
Volleyball,10-14,2022,560,15900.0,0.15508140455404468,True
Volleyball,15-19,2022,616,21300.0,0.16036283667985296,True
Volleyball,20-24,2022,91,4100.0,0.23335853045102103,True
Volleyball,25-29,2022,35,1300.0,0.2291625179497005,True
Volleyball,30-34,2022,35,1300.0,0.22784745446026597,True
Volleyball,35-39,2022,28,1400.0,0.306546325728973,True
Volleyball,40-44,2022,19,,0.3540266758687793,False
Volleyball,45-49,2022,18,,0.26046799943024945,False
Volleyball,50-54,2022,11,,0.3503594696192714,False
Volleyball,55-59,2022,9,,0.3466022123491784,False
Volleyball,60-64,2022,9,,0.42791132872729176,False
Volleyball,65-69,2022,4,,0.7025846998522937,False
Volleyball,70-74,2022,6,,0.4508861487320176,False
Volleyball,75-79,2022,2,,0.6666666666666665,False
Volleyball,80+,2022,4,,0.5953027542246204,False
Snow sports,0-4,2022,3,,0.9060308282155144,False
Snow sports,5-9,2022,60,,0.536348216370244,False
Snow sports,10-14,2022,250,,0.353401832523969,False
Snow sports,15-19,2022,274,13900.0,0.32038977208721914,True
Snow sports,20-24,2022,225,11900.0,0.25820152707266186,True
Snow sports,25-29,2022,158,7200.0,0.22754363598401764,True
Snow sports,30-34,2022,72,3400.0,0.27727692927073866,True
Snow sports,35-39,2022,71,,0.33124932877125796,False
Snow sports,40-44,2022,57,,0.37986812552470794,False
Snow sports,45-49,2022,48,,0.3857701802759704,False
Snow sports,50-54,2022,35,,0.3305166180178562,False
Snow sports,55-59,2022,38,,0.34924192056393644,False
Snow sports,60-64,2022,43,,0.3995718282047365,False
Snow sports,65-69,2022,27,,0.43723479328458975,False
Snow sports,70-74,2022,21,,0.43785357997229646,False
Snow sports,75-79,2022,4,,0.48759197332939125,False
Snow sports,80+,2022,5,,0.5790087268361978,False
Hockey,0-4,2022,6,,0.5720845176089377,False
Hockey,5-9,2022,81,1900.0,0.30650747228609004,True
Hockey,10-14,2022,353,9000.0,0.26829193766124704,True
Hockey,15-19,2022,401,12400.0,0.27326177238417265,True
Hockey,20-24,2022,90,4000.0,0.27602356836858843,True
Hockey,25-29,2022,45,1900.0,0.28233131949407064,True
Hockey,30-34,2022,47,2000.0,0.277219534585183,True
Hockey,35-39,2022,29,1400.0,0.29619258524160497,True
Hockey,40-44,2022,27,1400.0,0.2928876367892757,True
Hockey,45-49,2022,12,,0.35041498418355466,False
Hockey,50-54,2022,25,,0.44557052638205663,False
Hockey,55-59,2022,13,,0.4144974792602842,False
Hockey,60-64,2022,18,,0.38170220307653496,False
Hockey,65-69,2022,8,,0.5831660260130379,False
Hockey,70-74,2022,3,,0.8801106146237323,False
Hockey,75-79,2022,4,,0.5953027542246204,False
Hockey,80+,2022,0,,,False
Fishing,0-4,2022,27,1200.0,0.21809365424398852,True
Fishing,5-9,2022,73,3400.0,0.25375312775595255,True
Fishing,10-14,2022,136,7300.0,0.22885345803890622,True
Fishing,15-19,2022,70,4200.0,0.2826198876039548,True
Fishing,20-24,2022,58,3900.0,0.20661105776131294,True
Fishing,25-29,2022,55,3200.0,0.21596040546049478,True
Fishing,30-34,2022,68,3600.0,0.24592228421608844,True
Fishing,35-39,2022,52,3200.0,0.15201525232672666,True
Fishing,40-44,2022,52,3300.0,0.23699356980723063,True
Fishing,45-49,2022,48,2900.0,0.19861852105416974,True
Fishing,50-54,2022,69,4200.0,0.2014017297066586,True
Fishing,55-59,2022,61,3700.0,0.19886741217785422,True
Fishing,60-64,2022,56,3600.0,0.20295917169581223,True
Fishing,65-69,2022,54,3400.0,0.19585662307608281,True
Fishing,70-74,2022,52,2900.0,0.22381588316570195,True
Fishing,75-79,2022,24,1500.0,0.22492854548127494,True
Fishing,80+,2022,24,1600.0,0.2124107715481594,True
Basketball,0-4,2023,66,1600.0,0.24641037555256215,True
Basketball,5-9,2023,589,14600.0,0.1538563112316239,True
Basketball,10-14,2023,3473,98900.0,0.12229761062808403,True
Basketball,15-19,2023,3423,110600.0,0.10479381448693854,True
Basketball,20-24,2023,1035,38800.0,0.10205493892783628,True
Basketball,25-29,2023,585,20100.0,0.10621495478409286,True
Basketball,30-34,2023,469,17100.0,0.10548039665475606,True
Basketball,35-39,2023,303,10900.0,0.10703067275056578,True
Basketball,40-44,2023,183,6500.0,0.1264990978556707,True
Basketball,45-49,2023,114,4400.0,0.16241322165605712,True
Basketball,50-54,2023,59,2300.0,0.23179108401833312,True
Basketball,55-59,2023,50,1900.0,0.1927777058130006,True
Basketball,60-64,2023,35,1500.0,0.19735962930179082,True
Basketball,65-69,2023,22,,0.2881509358116071,False
Basketball,70-74,2023,15,,0.328305147460174,False
Basketball,75-79,2023,7,,0.4564312332181665,False
Basketball,80+,2023,6,,0.5960681727889138,False
Exercise/fitness,0-4,2023,170,4900.0,0.23573591836939445,True
Exercise/fitness,5-9,2023,374,11300.0,0.23404057469664535,True
Exercise/fitness,10-14,2023,614,21400.0,0.2212699425074529,True
Exercise/fitness,15-19,2023,713,27700.0,0.1382236288098342,True
Exercise/fitness,20-24,2023,716,28500.0,0.12354035670183018,True
Exercise/fitness,25-29,2023,670,26400.0,0.11435044034099531,True
Exercise/fitness,30-34,2023,743,30500.0,0.1075116367629756,True
Exercise/fitness,35-39,2023,570,23400.0,0.11209337332494991,True
Exercise/fitness,40-44,2023,547,24200.0,0.11089945908270107,True
Exercise/fitness,45-49,2023,504,21600.0,0.10925912764003769,True
Exercise/fitness,50-54,2023,457,19400.0,0.11135876965161243,True
Exercise/fitness,55-59,2023,509,22100.0,0.12981707935460715,True
Exercise/fitness,60-64,2023,532,23700.0,0.13697520859743004,True
Exercise/fitness,65-69,2023,526,24700.0,0.16957384607983872,True
Exercise/fitness,70-74,2023,451,21200.0,0.18596476404471102,True
Exercise/fitness,75-79,2023,344,16300.0,0.20739244960451247,True
Exercise/fitness,80+,2023,457,23100.0,0.21326279437720314,True
Football,0-4,2023,29,,0.29682844068326397,False
Football,5-9,2023,932,24100.0,0.16259033543693222,True
Football,10-14,2023,3972,116100.0,0.12301777197499579,True
Football,15-19,2023,2639,89400.0,0.10960370154797958,True
Football,20-24,2023,280,11700.0,0.14547479884533113,True
Football,25-29,2023,168,6500.0,0.1234584983647889,True
Football,30-34,2023,111,4200.0,0.11741858574928744,True
Football,35-39,2023,82,3400.0,0.16618143476169034,True
Football,40-44,2023,67,2900.0,0.15781995032636878,True
Football,45-49,2023,18,,0.28766933735664435,False
Football,50-54,2023,17,,0.3034446721858677,False
Football,55-59,2023,14,,0.31166201537750177,False
Football,60-64,2023,14,,0.3692461688149356,False
Football,65-69,2023,8,,0.4407624437649903,False
Football,70-74,2023,3,,0.6491738006470931,False
Football,75-79,2023,3,,0.5650064727497376,False
Football,80+,2023,3,,0.7232142578283568,False
Soccer,0-4,2023,86,2100.0,0.27350013942592855,True
Soccer,5-9,2023,998,23700.0,0.20543426389522593,True
Soccer,10-14,2023,3015,77000.0,0.16851793600056605,True
Soccer,15-19,2023,2056,58100.0,0.1306205548923894,True
Soccer,20-24,2023,466,17500.0,0.1442580492912906,True
Soccer,25-29,2023,265,9500.0,0.1360189905588034,True
Soccer,30-34,2023,240,8400.0,0.12858341643263618,True
Soccer,35-39,2023,146,5000.0,0.17923980815012952,True
Soccer,40-44,2023,118,3800.0,0.2052451031119638,True
Soccer,45-49,2023,73,2700.0,0.2520314885791052,True
Soccer,50-54,2023,34,,0.21484301251419805,False
Soccer,55-59,2023,29,,0.3487779498535339,False
Soccer,60-64,2023,11,,0.37665368236342195,False
Soccer,65-69,2023,9,,0.4008067586184476,False
Soccer,70-74,2023,8,,0.4056012987724094,False
Soccer,75-79,2023,10,,0.41302719338291166,False
Soccer,80+,2023,2,,0.6885264106685498,False
Swimming/diving,0-4,2023,534,,0.48175086647108034,False
Swimming/diving,5-9,2023,1055,,0.3926394052351685,False
Swimming/diving,10-14,2023,872,28900.0,0.2503947004763702,True
Swimming/diving,15-19,2023,416,15400.0,0.17630181388741736,True
Swimming/diving,20-24,2023,192,8600.0,0.14566657362674573,True
Swimming/diving,25-29,2023,161,6800.0,0.1491768051690528,True
Swimming/diving,30-34,2023,127,5800.0,0.20507087081321257,True
Swimming/diving,35-39,2023,150,7400.0,0.1598664796212658,True
Swimming/diving,40-44,2023,133,6300.0,0.15080962869182263,True
Swimming/diving,45-49,2023,101,4100.0,0.2028794225944751,True
Swimming/diving,50-54,2023,98,5100.0,0.20458260957548605,True
Swimming/diving,55-59,2023,75,3300.0,0.23709073915513754,True
Swimming/diving,60-64,2023,79,3800.0,0.2835614234151498,True
Swimming/diving,65-69,2023,80,3400.0,0.24297723935570506,True
Swimming/diving,70-74,2023,72,3300.0,0.2958483772190595,True
Swimming/diving,75-79,2023,37,,0.3655432232045985,False
Swimming/diving,80+,2023,62,,0.49273228924353935,False
Baseball/softball,0-4,2023,71,2400.0,0.20505990824885434,True
Baseball/softball,5-9,2023,476,15000.0,0.1591226856036688,True
Baseball/softball,10-14,2023,1332,43900.0,0.1473264441374549,True
Baseball/softball,15-19,2023,1001,34900.0,0.12418625974873805,True
Baseball/softball,20-24,2023,176,7700.0,0.15803988565598046,True
Baseball/softball,25-29,2023,125,6000.0,0.14936538280187722,True
Baseball/softball,30-34,2023,138,6600.0,0.1233462777968965,True
Baseball/softball,35-39,2023,117,5100.0,0.15983197702416457,True
Baseball/softball,40-44,2023,109,5000.0,0.16621314478552573,True
Baseball/softball,45-49,2023,70,3400.0,0.16176730772249254,True
Baseball/softball,50-54,2023,43,2100.0,0.2212011493373713,True
Baseball/softball,55-59,2023,45,2100.0,0.22218751450425053,True
Baseball/softball,60-64,2023,34,1500.0,0.28056682124820936,True
Baseball/softball,65-69,2023,19,,0.28519754292044014,False
Baseball/softball,70-74,2023,17,,0.4866155815438188,False
Baseball/softball,75-79,2023,16,,0.3842229202097241,False
Baseball/softball,80+,2023,7,,0.5388385343532999,False
Weight training,0-4,2023,92,2900.0,0.2195793600886088,True
Weight training,5-9,2023,62,2400.0,0.25283808604288965,True
Weight training,10-14,2023,182,4900.0,0.14560307813246828,True
Weight training,15-19,2023,616,22500.0,0.14747572027223482,True
Weight training,20-24,2023,387,15300.0,0.10438992655412839,True
Weight training,25-29,2023,311,13300.0,0.12293362004595827,True
Weight training,30-34,2023,268,10900.0,0.10456451528654881,True
Weight training,35-39,2023,186,8000.0,0.12312350409580922,True
Weight training,40-44,2023,157,6200.0,0.13754910345352925,True
Weight training,45-49,2023,142,5600.0,0.11380063267844791,True
Weight training,50-54,2023,124,5000.0,0.1711975824469591,True
Weight training,55-59,2023,66,3000.0,0.19222491141461853,True
Weight training,60-64,2023,65,2600.0,0.18114186324700915,True
Weight training,65-69,2023,48,1800.0,0.18452270609413443,True
Weight training,70-74,2023,32,1400.0,0.2634970105258909,True
Weight training,75-79,2023,18,,0.3192155055887816,False
Weight training,80+,2023,15,,0.3490736890168916,False
Other sport/recreation,0-4,2023,30,,0.2863205941454962,False
Other sport/recreation,5-9,2023,388,9800.0,0.18352160418941452,True
Other sport/recreation,10-14,2023,898,25700.0,0.1345097703787932,True
Other sport/recreation,15-19,2023,492,16500.0,0.12467807317934466,True
Other sport/recreation,20-24,2023,146,6100.0,0.159291482766424,True
Other sport/recreation,25-29,2023,77,2500.0,0.18372468524343896,True
Other sport/recreation,30-34,2023,61,2600.0,0.18704100773373386,True
Other sport/recreation,35-39,2023,32,1400.0,0.22403023009192014,True
Other sport/recreation,40-44,2023,31,1200.0,0.21621476711524829,True
Other sport/recreation,45-49,2023,17,,0.28383948474289644,False
Other sport/recreation,50-54,2023,14,,0.3333903532908925,False
Other sport/recreation,55-59,2023,10,,0.3431421360902639,False
Other sport/recreation,60-64,2023,8,,0.3910273958365773,False
Other sport/recreation,65-69,2023,12,,0.34920305031082566,False
Other sport/recreation,70-74,2023,4,,0.5340460977120002,False
Other sport/recreation,75-79,2023,7,,0.4253221146807543,False
Other sport/recreation,80+,2023,4,,0.5302585693626662,False
Combat sports,0-4,2023,12,,0.31579386451420527,False
Combat sports,5-9,2023,190,4800.0,0.20446978506380548,True
Combat sports,10-14,2023,679,22200.0,0.1350304060443555,True
Combat sports,15-19,2023,914,33000.0,0.1443400622900647,True
Combat sports,20-24,2023,275,11200.0,0.14265121624179186,True
Combat sports,25-29,2023,208,9100.0,0.1214577704832716,True
Combat sports,30-34,2023,134,5600.0,0.1326934703312807,True
Combat sports,35-39,2023,96,4100.0,0.15229949150266087,True
Combat sports,40-44,2023,59,2400.0,0.18520963432244827,True
Combat sports,45-49,2023,48,2100.0,0.2641451351059236,True
Combat sports,50-54,2023,23,,0.3111456847214867,False
Combat sports,55-59,2023,15,,0.25457923820948475,False
Combat sports,60-64,2023,15,,0.4021504178822725,False
Combat sports,65-69,2023,11,,0.3178482346793174,False
Combat sports,70-74,2023,1,,1.0,False
Combat sports,75-79,2023,4,,0.6797903081440198,False
Combat sports,80+,2023,3,,0.6804845205206914,False
Other ball sports,0-4,2023,193,4300.0,0.17584418202257732,True
Other ball sports,5-9,2023,404,10000.0,0.12513138631404683,True
Other ball sports,10-14,2023,480,13700.0,0.1413113857908226,True
Other ball sports,15-19,2023,169,5900.0,0.13015340305513584,True
Other ball sports,20-24,2023,43,1700.0,0.2056343428736942,True
Other ball sports,25-29,2023,72,2700.0,0.15171854676487007,True
Other ball sports,30-34,2023,49,2200.0,0.21006658566165665,True
Other ball sports,35-39,2023,51,2400.0,0.18133869027230423,True
Other ball sports,40-44,2023,52,2500.0,0.19020346451983963,True
Other ball sports,45-49,2023,31,1500.0,0.2413802697065213,True
Other ball sports,50-54,2023,39,1700.0,0.19817361817994067,True
Other ball sports,55-59,2023,56,2800.0,0.2372789426357536,True
Other ball sports,60-64,2023,76,4100.0,0.22286937001903184,True
Other ball sports,65-69,2023,120,5800.0,0.28463073991211535,True
Other ball sports,70-74,2023,81,,0.37337203433908656,False
Other ball sports,75-79,2023,52,,0.3409405705614255,False
Other ball sports,80+,2023,50,,0.3918580404366632,False
Gymnastics/cheerleading,0-4,2023,72,2100.0,0.2573331641729057,True
Gymnastics/cheerleading,5-9,2023,486,14000.0,0.2154710157781839,True
Gymnastics/cheerleading,10-14,2023,643,20100.0,0.194716442966615,True
Gymnastics/cheerleading,15-19,2023,485,17500.0,0.14334605521278568,True
Gymnastics/cheerleading,20-24,2023,28,1400.0,0.21741372963822575,True
Gymnastics/cheerleading,25-29,2023,13,,0.35043317656089523,False
Gymnastics/cheerleading,30-34,2023,11,,0.32967203825285807,False
Gymnastics/cheerleading,35-39,2023,5,,0.5254801391816596,False
Gymnastics/cheerleading,40-44,2023,3,,0.7301454671554972,False
Gymnastics/cheerleading,45-49,2023,2,,0.85109831683967,False
Gymnastics/cheerleading,50-54,2023,0,,,False
Gymnastics/cheerleading,55-59,2023,0,,,False
Gymnastics/cheerleading,60-64,2023,1,,1.0000000000000002,False
Gymnastics/cheerleading,65-69,2023,1,,0.9999999999999996,False
Gymnastics/cheerleading,70-74,2023,2,,0.688498579939232,False
Gymnastics/cheerleading,75-79,2023,0,,,False
Gymnastics/cheerleading,80+,2023,0,,,False
Volleyball,0-4,2023,3,,0.5901444004190285,False
Volleyball,5-9,2023,34,,0.3474649368995716,False
Volleyball,10-14,2023,588,18700.0,0.12578460337201333,True
Volleyball,15-19,2023,612,20700.0,0.12403211945049904,True
Volleyball,20-24,2023,99,4200.0,0.23855300004551686,True
Volleyball,25-29,2023,49,1700.0,0.2232748931275249,True
Volleyball,30-34,2023,52,2000.0,0.18715769138318497,True
Volleyball,35-39,2023,40,1700.0,0.28659743273107674,True
Volleyball,40-44,2023,26,,0.36435471555662097,False
Volleyball,45-49,2023,17,,0.31981806390206524,False
Volleyball,50-54,2023,14,,0.314212383260221,False
Volleyball,55-59,2023,13,,0.5160785356063825,False
Volleyball,60-64,2023,7,,0.39415967839260074,False
Volleyball,65-69,2023,3,,0.684521649190416,False
Volleyball,70-74,2023,7,,0.5565490959456311,False
Volleyball,75-79,2023,7,,0.4557091972660721,False
Volleyball,80+,2023,5,,0.46915934018823935,False
Snow sports,0-4,2023,11,,0.5494655405999218,False
Snow sports,5-9,2023,71,,0.42445642346100615,False
Snow sports,10-14,2023,229,,0.3724481223519231,False
Snow sports,15-19,2023,259,13700.0,0.3232255256140333,True
Snow sports,20-24,2023,229,11400.0,0.30111076607435455,True
Snow sports,25-29,2023,147,,0.35395657861731217,False
Snow sports,30-34,2023,93,,0.3436200256628836,False
Snow sports,35-39,2023,72,,0.3667631930769473,False
Snow sports,40-44,2023,66,,0.41496612680825434,False
Snow sports,45-49,2023,63,,0.40184971295308647,False
Snow sports,50-54,2023,58,,0.387690788980639,False
Snow sports,55-59,2023,39,,0.4342404341958585,False
Snow sports,60-64,2023,51,,0.4545431099445909,False
Snow sports,65-69,2023,50,,0.5362229827832654,False
Snow sports,70-74,2023,21,,0.5577678787478878,False
Snow sports,75-79,2023,14,,0.6086207126058466,False
Snow sports,80+,2023,7,,0.6367530845766469,False
Hockey,0-4,2023,7,,0.4950553410958401,False
Hockey,5-9,2023,76,2200.0,0.23452057638951826,True
Hockey,10-14,2023,405,10200.0,0.23576145069583773,True
Hockey,15-19,2023,447,13100.0,0.2367509513514578,True
Hockey,20-24,2023,91,4100.0,0.2423095137710348,True
Hockey,25-29,2023,45,,0.3346254475227821,False
Hockey,30-34,2023,45,1900.0,0.3127958939659269,True
Hockey,35-39,2023,41,2100.0,0.2993301957168877,True
Hockey,40-44,2023,31,1200.0,0.31817826950202904,True
Hockey,45-49,2023,14,,0.31640533465302595,False
Hockey,50-54,2023,15,,0.3019521467206052,False
Hockey,55-59,2023,21,,0.3274990236473787,False
Hockey,60-64,2023,12,,0.4457412717117352,False
Hockey,65-69,2023,10,,0.4056687197861877,False
Hockey,70-74,2023,3,,0.6487892394318462,False
Hockey,75-79,2023,1,,0.9999999999999994,False
Hockey,80+,2023,2,,0.7080265323577004,False
Fishing,0-4,2023,27,1200.0,0.2925155750997697,True
Fishing,5-9,2023,95,4400.0,0.17684527044781156,True
Fishing,10-14,2023,148,6600.0,0.1920551114620916,True
Fishing,15-19,2023,78,3800.0,0.19774360883054476,True
Fishing,20-24,2023,63,3300.0,0.21542475933376815,True
Fishing,25-29,2023,62,2900.0,0.18426771203606454,True
Fishing,30-34,2023,57,3300.0,0.18209578700106138,True
Fishing,35-39,2023,78,4600.0,0.15490611081635627,True
Fishing,40-44,2023,58,2700.0,0.18782854869814208,True
Fishing,45-49,2023,64,3100.0,0.21841931385073374,True
Fishing,50-54,2023,73,3700.0,0.1578549407704806,True
Fishing,55-59,2023,78,4500.0,0.15292916344386648,True
Fishing,60-64,2023,50,2500.0,0.1977316566694228,True
Fishing,65-69,2023,49,2700.0,0.16718788470938167,True
Fishing,70-74,2023,46,2600.0,0.19043452543055148,True
Fishing,75-79,2023,21,1200.0,0.27772202161544973,True
Fishing,80+,2023,17,,0.33906873084241834,False
Basketball,0-4,2024,63,1600.0,0.19326878948664294,True
Basketball,5-9,2024,590,16300.0,0.1273329883944597,True
Basketball,10-14,2024,3531,111300.0,0.09161226321074713,True
Basketball,15-19,2024,3495,128900.0,0.0861443275512026,True
Basketball,20-24,2024,971,47100.0,0.1256016782061669,True
Basketball,25-29,2024,553,25000.0,0.10192059521880809,True
Basketball,30-34,2024,413,19100.0,0.11155061883972131,True
Basketball,35-39,2024,250,11900.0,0.11314366956240925,True
Basketball,40-44,2024,191,8500.0,0.1368040461967058,True
Basketball,45-49,2024,123,5500.0,0.13226736605435876,True
Basketball,50-54,2024,57,2700.0,0.17580390425614476,True
Basketball,55-59,2024,35,1600.0,0.21710397733625098,True
Basketball,60-64,2024,44,2100.0,0.1775683424795872,True
Basketball,65-69,2024,16,,0.3102276799743642,False
Basketball,70-74,2024,14,,0.3251095832884313,False
Basketball,75-79,2024,7,,0.4281912486636636,False
Basketball,80+,2024,7,,0.45996246177559347,False
Exercise/fitness,0-4,2024,219,6200.0,0.12441739237524925,True
Exercise/fitness,5-9,2024,392,11500.0,0.17147966145364363,True
Exercise/fitness,10-14,2024,618,20200.0,0.13076453432677537,True
Exercise/fitness,15-19,2024,745,30500.0,0.11093063245910599,True
Exercise/fitness,20-24,2024,701,32500.0,0.12175405240972778,True
Exercise/fitness,25-29,2024,687,31700.0,0.10520350670140455,True
Exercise/fitness,30-34,2024,682,31700.0,0.10920149925303796,True
Exercise/fitness,35-39,2024,650,31600.0,0.10821188883486121,True
Exercise/fitness,40-44,2024,565,27100.0,0.11609828999351979,True
Exercise/fitness,45-49,2024,542,24800.0,0.11754893527088706,True
Exercise/fitness,50-54,2024,491,23100.0,0.12793362512483042,True
Exercise/fitness,55-59,2024,516,25500.0,0.13812365614666816,True
Exercise/fitness,60-64,2024,556,27400.0,0.13533504990726086,True
Exercise/fitness,65-69,2024,575,29000.0,0.14098957995452419,True
Exercise/fitness,70-74,2024,546,28000.0,0.14663606051457187,True
Exercise/fitness,75-79,2024,449,22100.0,0.1717086382819305,True
Exercise/fitness,80+,2024,621,30900.0,0.16032652581607373,True
Football,0-4,2024,29,,0.3259450478279805,False
Football,5-9,2024,1074,26700.0,0.1273944257742914,True
Football,10-14,2024,4854,145000.0,0.0905410608777154,True
Football,15-19,2024,2898,104900.0,0.08726437247234738,True
Football,20-24,2024,296,15600.0,0.2534836020600942,True
Football,25-29,2024,138,6400.0,0.1250014838173872,True
Football,30-34,2024,121,5700.0,0.16983442857689182,True
Football,35-39,2024,84,3800.0,0.14392071679452875,True
Football,40-44,2024,51,2200.0,0.2101730045627321,True
Football,45-49,2024,22,,0.2815956301707759,False
Football,50-54,2024,24,,0.3470523549551184,False
Football,55-59,2024,13,,0.3855967661633864,False
Football,60-64,2024,12,,0.3564260694069585,False
Football,65-69,2024,10,,0.44119273501940515,False
Football,70-74,2024,5,,0.6099556246738848,False
Football,75-79,2024,4,,0.5819324502607014,False
Football,80+,2024,1,,1.0,False
Soccer,0-4,2024,93,2000.0,0.18779431496118146,True
Soccer,5-9,2024,1092,28100.0,0.14471790696959827,True
Soccer,10-14,2024,3451,96400.0,0.12763549082044917,True
Soccer,15-19,2024,2142,67800.0,0.11200932101197185,True
Soccer,20-24,2024,499,22900.0,0.13881872385964236,True
Soccer,25-29,2024,307,13400.0,0.12044626407143622,True
Soccer,30-34,2024,213,10200.0,0.1483205190787113,True
Soccer,35-39,2024,160,7600.0,0.13380786717495755,True
Soccer,40-44,2024,156,7100.0,0.15460679609335407,True
Soccer,45-49,2024,59,3000.0,0.18926819853479995,True
Soccer,50-54,2024,58,2600.0,0.19320924325522104,True
Soccer,55-59,2024,23,,0.25461945881778775,False
Soccer,60-64,2024,27,1200.0,0.2787548379442903,True
Soccer,65-69,2024,8,,0.42991390487601067,False
Soccer,70-74,2024,6,,0.4742485469502931,False
Soccer,75-79,2024,4,,0.5453548839245831,False
Soccer,80+,2024,3,,0.6079791357889847,False
Swimming/diving,0-4,2024,650,19100.0,0.2744090491974429,True
Swimming/diving,5-9,2024,1229,38100.0,0.20803901024587765,True
Swimming/diving,10-14,2024,983,32500.0,0.17259437161877475,True
Swimming/diving,15-19,2024,470,18300.0,0.13070364883529736,True
Swimming/diving,20-24,2024,204,10800.0,0.1426758466901953,True
Swimming/diving,25-29,2024,165,7200.0,0.13885388780667648,True
Swimming/diving,30-34,2024,158,8000.0,0.1768090840852807,True
Swimming/diving,35-39,2024,131,7100.0,0.13398378281062948,True
Swimming/diving,40-44,2024,108,5400.0,0.16101856871428452,True
Swimming/diving,45-49,2024,107,5100.0,0.15060966349230998,True
Swimming/diving,50-54,2024,95,4600.0,0.17176105506099199,True
Swimming/diving,55-59,2024,95,5300.0,0.20471273268256557,True
Swimming/diving,60-64,2024,86,4500.0,0.18779414637331465,True
Swimming/diving,65-69,2024,83,4500.0,0.19905717878270413,True
Swimming/diving,70-74,2024,70,3400.0,0.19814606585592473,True
Swimming/diving,75-79,2024,42,2200.0,0.20864540986439448,True
Swimming/diving,80+,2024,56,3100.0,0.2896081221651115,True
Baseball/softball,0-4,2024,99,2900.0,0.18442801226037883,True
Baseball/softball,5-9,2024,527,16800.0,0.11121839262220944,True
Baseball/softball,10-14,2024,1478,49100.0,0.10637235836217486,True
Baseball/softball,15-19,2024,998,37800.0,0.0933002096289831,True
Baseball/softball,20-24,2024,170,9200.0,0.13884329755456945,True
Baseball/softball,25-29,2024,102,5400.0,0.14519523476171228,True
Baseball/softball,30-34,2024,121,6300.0,0.14650750226061038,True
Baseball/softball,35-39,2024,122,6500.0,0.14728136917778986,True
Baseball/softball,40-44,2024,105,5400.0,0.1464430357195688,True
Baseball/softball,45-49,2024,66,3700.0,0.173459207229665,True
Baseball/softball,50-54,2024,60,3300.0,0.18212255489293133,True
Baseball/softball,55-59,2024,32,1600.0,0.23095863714292242,True
Baseball/softball,60-64,2024,31,1400.0,0.2125881602067964,True
Baseball/softball,65-69,2024,26,1500.0,0.23744834995288833,True
Baseball/softball,70-74,2024,38,1900.0,0.29788403905738203,True
Baseball/softball,75-79,2024,12,,0.31999820693161823,False
Baseball/softball,80+,2024,7,,0.4155439323432533,False
Weight training,0-4,2024,115,2800.0,0.1714314299254272,True
Weight training,5-9,2024,78,2200.0,0.16804825250883162,True
Weight training,10-14,2024,184,6100.0,0.15152944035222274,True
Weight training,15-19,2024,590,23800.0,0.10737968404646063,True
Weight training,20-24,2024,385,17900.0,0.12619471367604032,True
Weight training,25-29,2024,284,13900.0,0.13364332900172327,True
Weight training,30-34,2024,250,11500.0,0.11086216455605548,True
Weight training,35-39,2024,266,12400.0,0.12262033192589444,True
Weight training,40-44,2024,161,7500.0,0.1227841425323204,True
Weight training,45-49,2024,140,6400.0,0.119309100992581,True
Weight training,50-54,2024,108,5700.0,0.13910182450674155,True
Weight training,55-59,2024,87,4100.0,0.1693259621014501,True
Weight training,60-64,2024,64,3200.0,0.19080508838640248,True
Weight training,65-69,2024,62,3300.0,0.17837259821761645,True
Weight training,70-74,2024,42,2100.0,0.2162215298019646,True
Weight training,75-79,2024,29,,0.2845543807549677,False
Weight training,80+,2024,36,1700.0,0.2258153616134826,True
Other sport/recreation,0-4,2024,51,,0.217789851704953,False
Other sport/recreation,5-9,2024,366,10000.0,0.12743097325808042,True
Other sport/recreation,10-14,2024,909,27200.0,0.10615563750626729,True
Other sport/recreation,15-19,2024,545,21100.0,0.10578963331014307,True
Other sport/recreation,20-24,2024,187,10200.0,0.20459051462019823,True
Other sport/recreation,25-29,2024,89,4200.0,0.16493464432679708,True
Other sport/recreation,30-34,2024,64,3300.0,0.1600965562263083,True
Other sport/recreation,35-39,2024,32,1700.0,0.23945796165011918,True
Other sport/recreation,40-44,2024,20,,0.269564896458396,False
Other sport/recreation,45-49,2024,17,,0.24160363957005138,False
Other sport/recreation,50-54,2024,15,,0.29574083284685765,False
Other sport/recreation,55-59,2024,9,,0.35348402678706914,False
Other sport/recreation,60-64,2024,16,,0.3469133217703566,False
Other sport/recreation,65-69,2024,8,,0.3798943833577789,False
Other sport/recreation,70-74,2024,4,,0.6078351755404204,False
Other sport/recreation,75-79,2024,6,,0.5779578961197148,False
Other sport/recreation,80+,2024,3,,0.820208909939441,False
Combat sports,0-4,2024,9,,0.46372807273395156,False
Combat sports,5-9,2024,200,5600.0,0.14953329686320854,True
Combat sports,10-14,2024,798,24800.0,0.11558117980074412,True
Combat sports,15-19,2024,1088,39600.0,0.10370256997665986,True
Combat sports,20-24,2024,278,13000.0,0.14029345610862404,True
Combat sports,25-29,2024,215,10000.0,0.13846306292319224,True
Combat sports,30-34,2024,145,6800.0,0.11170870127826095,True
Combat sports,35-39,2024,96,5100.0,0.15014329508029217,True
Combat sports,40-44,2024,77,3900.0,0.17523022618023806,True
Combat sports,45-49,2024,46,2200.0,0.2119545228323447,True
Combat sports,50-54,2024,37,2100.0,0.21938145383412797,True
Combat sports,55-59,2024,16,,0.2679779607548184,False
Combat sports,60-64,2024,24,,0.2925435375885085,False
Combat sports,65-69,2024,5,,0.44821881261507157,False
Combat sports,70-74,2024,2,,0.6666666666666667,False
Combat sports,75-79,2024,0,,,False
Combat sports,80+,2024,2,,0.7376941904932769,False
Other ball sports,0-4,2024,233,6200.0,0.13437078532625885,True
Other ball sports,5-9,2024,438,12700.0,0.12100397215558573,True
Other ball sports,10-14,2024,675,20700.0,0.09619705545666583,True
Other ball sports,15-19,2024,187,7600.0,0.1390592763191611,True
Other ball sports,20-24,2024,79,4000.0,0.15445658147800406,True
Other ball sports,25-29,2024,73,3400.0,0.15787200281498445,True
Other ball sports,30-34,2024,84,3700.0,0.13914768240112782,True
Other ball sports,35-39,2024,48,2300.0,0.18723763926935502,True
Other ball sports,40-44,2024,45,2200.0,0.18074993565683198,True
Other ball sports,45-49,2024,43,2200.0,0.19657011516133358,True
Other ball sports,50-54,2024,52,2700.0,0.20736867791831481,True
Other ball sports,55-59,2024,68,3400.0,0.2269228378867301,True
Other ball sports,60-64,2024,100,5200.0,0.23272833861531753,True
Other ball sports,65-69,2024,118,6300.0,0.2154083244637797,True
Other ball sports,70-74,2024,97,5200.0,0.24660354453333128,True
Other ball sports,75-79,2024,52,2900.0,0.30162914514881595,True
Other ball sports,80+,2024,52,,0.3612415678875306,False
Gymnastics/cheerleading,0-4,2024,82,2100.0,0.23884332112665616,True
Gymnastics/cheerleading,5-9,2024,551,16200.0,0.13349659470298544,True
Gymnastics/cheerleading,10-14,2024,813,25900.0,0.12509418817110268,True
Gymnastics/cheerleading,15-19,2024,503,17900.0,0.12935423313732264,True
Gymnastics/cheerleading,20-24,2024,36,1800.0,0.250704447031984,True
Gymnastics/cheerleading,25-29,2024,13,,0.30047232622193054,False
Gymnastics/cheerleading,30-34,2024,14,,0.3325749697487893,False
Gymnastics/cheerleading,35-39,2024,7,,0.4434525853689608,False
Gymnastics/cheerleading,40-44,2024,5,,0.5360451401794788,False
Gymnastics/cheerleading,45-49,2024,0,,,False
Gymnastics/cheerleading,50-54,2024,3,,0.6937598463067375,False
Gymnastics/cheerleading,55-59,2024,3,,0.6544015903417915,False
Gymnastics/cheerleading,60-64,2024,2,,0.737694190493277,False
Gymnastics/cheerleading,65-69,2024,0,,,False
Gymnastics/cheerleading,70-74,2024,2,,0.7376941904932769,False
Gymnastics/cheerleading,75-79,2024,0,,,False
Gymnastics/cheerleading,80+,2024,2,,0.7376941904932769,False
Volleyball,0-4,2024,0,,,False
Volleyball,5-9,2024,28,,0.21990862394737298,False
Volleyball,10-14,2024,661,19800.0,0.10886687592181074,True
Volleyball,15-19,2024,689,24600.0,0.09855046937545202,True
Volleyball,20-24,2024,106,5300.0,0.19211922536197365,True
Volleyball,25-29,2024,69,3300.0,0.16238478303765935,True
Volleyball,30-34,2024,59,2900.0,0.1765454921262734,True
Volleyball,35-39,2024,39,2000.0,0.24939164414409623,True
Volleyball,40-44,2024,33,1800.0,0.21309457964867873,True
Volleyball,45-49,2024,22,,0.2701991846507664,False
Volleyball,50-54,2024,15,,0.2846450459265,False
Volleyball,55-59,2024,10,,0.33075789369442277,False
Volleyball,60-64,2024,9,,0.4130150206468902,False
Volleyball,65-69,2024,8,,0.5263710486191696,False
Volleyball,70-74,2024,6,,0.545119496801366,False
Volleyball,75-79,2024,3,,0.71145824860365,False
Volleyball,80+,2024,5,,0.44000278408229954,False
Snow sports,0-4,2024,8,,0.5788550669222366,False
Snow sports,5-9,2024,66,,0.5080932121735181,False
Snow sports,10-14,2024,246,,0.35241139004763905,False
Snow sports,15-19,2024,263,14500.0,0.2902372693967987,True
Snow sports,20-24,2024,224,13700.0,0.29193162452378263,True
Snow sports,25-29,2024,152,8600.0,0.22715404164926975,True
Snow sports,30-34,2024,84,,0.33504105072535695,False
Snow sports,35-39,2024,63,3200.0,0.20997009062722696,True
Snow sports,40-44,2024,72,,0.33907747173361896,False
Snow sports,45-49,2024,58,,0.3893010396746887,False
Snow sports,50-54,2024,40,,0.5131024352284618,False
Snow sports,55-59,2024,48,,0.4654117316920309,False
Snow sports,60-64,2024,42,,0.4441699566503624,False
Snow sports,65-69,2024,39,,0.5331870800165308,False
Snow sports,70-74,2024,28,,0.4947092516589344,False
Snow sports,75-79,2024,9,,0.5212575012194888,False
Snow sports,80+,2024,4,,0.7446985983446651,False
Hockey,0-4,2024,4,,0.631079928694903,False
Hockey,5-9,2024,67,2100.0,0.2663062203744223,True
Hockey,10-14,2024,443,12700.0,0.22042718172732056,True
Hockey,15-19,2024,453,14500.0,0.23256904994487587,True
Hockey,20-24,2024,96,4600.0,0.25994481385379814,True
Hockey,25-29,2024,36,,0.3327219913192159,False
Hockey,30-34,2024,59,2900.0,0.2787697008452303,True
Hockey,35-39,2024,52,2400.0,0.29111301271029555,True
Hockey,40-44,2024,33,1700.0,0.26176842495888064,True
Hockey,45-49,2024,20,,0.3353657058460607,False
Hockey,50-54,2024,18,,0.4386167907008986,False
Hockey,55-59,2024,12,,0.33901456341653086,False
Hockey,60-64,2024,15,,0.43022332180522604,False
Hockey,65-69,2024,7,,0.42100138489647093,False
Hockey,70-74,2024,7,,0.43556063578399334,False
Hockey,75-79,2024,1,,1.0000000000000002,False
Hockey,80+,2024,1,,0.9999999999999999,False
Fishing,0-4,2024,48,2200.0,0.20671785258420616,True
Fishing,5-9,2024,138,6100.0,0.17636196254150474,True
Fishing,10-14,2024,194,11400.0,0.14666118804804146,True
Fishing,15-19,2024,143,9100.0,0.14113310419002556,True
Fishing,20-24,2024,76,4800.0,0.18756638626422492,True
Fishing,25-29,2024,55,3400.0,0.2004593579644309,True
Fishing,30-34,2024,68,4100.0,0.1761612815391622,True
Fishing,35-39,2024,81,4800.0,0.15128139522027145,True
Fishing,40-44,2024,53,2900.0,0.20316896911337012,True
Fishing,45-49,2024,57,3800.0,0.16053776093596867,True
Fishing,50-54,2024,67,4400.0,0.1634368984983865,True
Fishing,55-59,2024,71,4400.0,0.1818704258679936,True
Fishing,60-64,2024,56,3800.0,0.15907315060161997,True
Fishing,65-69,2024,55,3600.0,0.16700769595138806,True
Fishing,70-74,2024,36,2300.0,0.24031697194903,True
Fishing,75-79,2024,29,1800.0,0.23310787865660143,True
Fishing,80+,2024,16,,0.30765856250633883,False
Basketball,0-4,2025,59,1300.0,0.23446453829164007,True
Basketball,5-9,2025,631,18600.0,0.1146702853776289,True
Basketball,10-14,2025,3660,108100.0,0.09410751791953487,True
Basketball,15-19,2025,3504,120000.0,0.08494046229387779,True
Basketball,20-24,2025,919,42600.0,0.14871998768640493,True
Basketball,25-29,2025,518,21700.0,0.10868314401863324,True
Basketball,30-34,2025,372,16400.0,0.10332864914803916,True
Basketball,35-39,2025,296,12500.0,0.1039361023255042,True
Basketball,40-44,2025,175,7400.0,0.1192858489562319,True
Basketball,45-49,2025,106,5100.0,0.15281045782255653,True
Basketball,50-54,2025,58,2800.0,0.2100870642549369,True
Basketball,55-59,2025,40,2000.0,0.2437357895607144,True
Basketball,60-64,2025,37,1400.0,0.19189949162889647,True
Basketball,65-69,2025,29,1300.0,0.24391811287152979,True
Basketball,70-74,2025,12,,0.288329484967741,False
Basketball,75-79,2025,12,,0.3381082658378292,False
Basketball,80+,2025,10,,0.390919546696556,False
Exercise/fitness,0-4,2025,261,6700.0,0.13450367857216855,True
Exercise/fitness,5-9,2025,458,13400.0,0.20367204531654795,True
Exercise/fitness,10-14,2025,758,24000.0,0.1831818666211272,True
Exercise/fitness,15-19,2025,873,33100.0,0.11259629835112296,True
Exercise/fitness,20-24,2025,794,36700.0,0.11556560972018332,True
Exercise/fitness,25-29,2025,754,33700.0,0.11936816157263554,True
Exercise/fitness,30-34,2025,749,32900.0,0.1155893691418276,True
Exercise/fitness,35-39,2025,725,31600.0,0.12809848688196632,True
Exercise/fitness,40-44,2025,617,27500.0,0.122333435531841,True
Exercise/fitness,45-49,2025,561,26300.0,0.1212638099846296,True
Exercise/fitness,50-54,2025,572,25800.0,0.11805500247611514,True
Exercise/fitness,55-59,2025,583,25900.0,0.12842289690132133,True
Exercise/fitness,60-64,2025,608,26500.0,0.14886893401066653,True
Exercise/fitness,65-69,2025,702,32000.0,0.14734549114605364,True
Exercise/fitness,70-74,2025,610,27000.0,0.16821197499320154,True
Exercise/fitness,75-79,2025,466,21000.0,0.18439619005365365,True
Exercise/fitness,80+,2025,685,30400.0,0.18649338890238024,True
Football,0-4,2025,37,,0.23589173652473538,False
Football,5-9,2025,1112,28800.0,0.13072847258762965,True
Football,10-14,2025,4783,136500.0,0.09617158563604049,True
Football,15-19,2025,3093,107100.0,0.08366376995882162,True
Football,20-24,2025,293,14100.0,0.20457897474582107,True
Football,25-29,2025,144,6900.0,0.13918953296867861,True
Football,30-34,2025,118,4900.0,0.1350746760074008,True
Football,35-39,2025,89,4100.0,0.1462692871878617,True
Football,40-44,2025,66,3000.0,0.20080330162186907,True
Football,45-49,2025,31,1400.0,0.20402674648574207,True
Football,50-54,2025,14,,0.3083263592188998,False
Football,55-59,2025,20,,0.27833195200414346,False
Football,60-64,2025,7,,0.47358035546197247,False
Football,65-69,2025,11,,0.42039094217895184,False
Football,70-74,2025,4,,0.559538114430656,False
Football,75-79,2025,5,,0.5029366380151735,False
Football,80+,2025,2,,1.0000000000000004,False
Soccer,0-4,2025,98,2200.0,0.19583541142202326,True
Soccer,5-9,2025,1224,30300.0,0.16714544524543945,True
Soccer,10-14,2025,3852,98800.0,0.15178243950191928,True
Soccer,15-19,2025,2192,65900.0,0.12544393209965352,True
Soccer,20-24,2025,498,20600.0,0.12483082436856338,True
Soccer,25-29,2025,339,14200.0,0.1455760494441856,True
Soccer,30-34,2025,246,10500.0,0.15981789527290838,True
Soccer,35-39,2025,153,6400.0,0.15869633780711312,True
Soccer,40-44,2025,122,5700.0,0.18684061967889476,True
Soccer,45-49,2025,77,3600.0,0.19686470158140268,True
Soccer,50-54,2025,43,1700.0,0.22402103538891693,True
Soccer,55-59,2025,21,,0.26313094932499675,False
Soccer,60-64,2025,11,,0.35227816429286934,False
Soccer,65-69,2025,13,,0.31548268706684746,False
Soccer,70-74,2025,9,,0.375708967045631,False
Soccer,75-79,2025,7,,0.45059601534885824,False
Soccer,80+,2025,1,,1.0,False
Swimming/diving,0-4,2025,690,,0.33858174551951226,False
Swimming/diving,5-9,2025,1267,37300.0,0.2655156740203283,True
Swimming/diving,10-14,2025,920,29900.0,0.17990097696742943,True
Swimming/diving,15-19,2025,455,18000.0,0.15573400805971957,True
Swimming/diving,20-24,2025,224,11200.0,0.15155165424038314,True
Swimming/diving,25-29,2025,139,7000.0,0.17200260886875499,True
Swimming/diving,30-34,2025,171,8800.0,0.17714824061789933,True
Swimming/diving,35-39,2025,146,7700.0,0.14758911523488177,True
Swimming/diving,40-44,2025,129,6300.0,0.1805156887871876,True
Swimming/diving,45-49,2025,98,4900.0,0.18165075296570743,True
Swimming/diving,50-54,2025,80,4400.0,0.18804750770996917,True
Swimming/diving,55-59,2025,111,5500.0,0.18779177354850068,True
Swimming/diving,60-64,2025,117,5800.0,0.2072358300002903,True
Swimming/diving,65-69,2025,98,5200.0,0.20053926156338944,True
Swimming/diving,70-74,2025,85,4700.0,0.23576541126309303,True
Swimming/diving,75-79,2025,80,4200.0,0.22230761844881755,True
Swimming/diving,80+,2025,80,,0.36035463225069814,False
Baseball/softball,0-4,2025,91,2600.0,0.1650425750691105,True
Baseball/softball,5-9,2025,628,16700.0,0.1246442228048827,True
Baseball/softball,10-14,2025,1565,46600.0,0.09876403624711863,True
Baseball/softball,15-19,2025,1067,37500.0,0.08761279305911249,True
Baseball/softball,20-24,2025,188,10100.0,0.13464572646286943,True
Baseball/softball,25-29,2025,135,6700.0,0.1351146450393059,True
Baseball/softball,30-34,2025,135,7000.0,0.13821508875535696,True
Baseball/softball,35-39,2025,133,7300.0,0.134902192824511,True
Baseball/softball,40-44,2025,110,5800.0,0.16776377624543493,True
Baseball/softball,45-49,2025,84,4300.0,0.1709667046699633,True
Baseball/softball,50-54,2025,52,2900.0,0.21277496969023868,True
Baseball/softball,55-59,2025,53,2500.0,0.20640455479131786,True
Baseball/softball,60-64,2025,31,1400.0,0.2848731387513613,True
Baseball/softball,65-69,2025,29,1300.0,0.2289524257303541,True
Baseball/softball,70-74,2025,33,1600.0,0.24396685733557033,True
Baseball/softball,75-79,2025,19,,0.4035231914973954,False
Baseball/softball,80+,2025,9,,0.38381206647628185,False
Weight training,0-4,2025,128,2600.0,0.2341472122234141,True
Weight training,5-9,2025,94,2800.0,0.15679177201889546,True
Weight training,10-14,2025,219,6300.0,0.14234026959794852,True
Weight training,15-19,2025,618,21900.0,0.11913094890837124,True
Weight training,20-24,2025,394,18700.0,0.1244458857293927,True
Weight training,25-29,2025,277,12700.0,0.1055142050712356,True
Weight training,30-34,2025,292,13200.0,0.111777416506912,True
Weight training,35-39,2025,267,11800.0,0.12005303941302535,True
Weight training,40-44,2025,172,7800.0,0.1364891099113462,True
Weight training,45-49,2025,123,6000.0,0.1307949987232132,True
Weight training,50-54,2025,136,6200.0,0.16198122790758093,True
Weight training,55-59,2025,108,4900.0,0.15904571042655388,True
Weight training,60-64,2025,90,4000.0,0.1687273146260347,True
Weight training,65-69,2025,81,3700.0,0.18296633499756387,True
Weight training,70-74,2025,48,2300.0,0.23818571453371903,True
Weight training,75-79,2025,49,2300.0,0.21644796642983427,True
Weight training,80+,2025,35,1500.0,0.21084761864902854,True
Other sport/recreation,0-4,2025,43,,0.21530803429111223,False
Other sport/recreation,5-9,2025,436,10800.0,0.15818815298878178,True
Other sport/recreation,10-14,2025,940,25500.0,0.11431301928807436,True
Other sport/recreation,15-19,2025,543,19000.0,0.1041477723019447,True
Other sport/recreation,20-24,2025,199,9300.0,0.14764117781823546,True
Other sport/recreation,25-29,2025,114,5300.0,0.14849909227357075,True
Other sport/recreation,30-34,2025,71,2900.0,0.23616630555339505,True
Other sport/recreation,35-39,2025,45,2300.0,0.1829482711117533,True
Other sport/recreation,40-44,2025,29,1500.0,0.2400050707656498,True
Other sport/recreation,45-49,2025,15,,0.33295866903631405,False
Other sport/recreation,50-54,2025,9,,0.37240066530567045,False
Other sport/recreation,55-59,2025,17,,0.25423354765951456,False
Other sport/recreation,60-64,2025,5,,0.4835701062135667,False
Other sport/recreation,65-69,2025,9,,0.384419394802822,False
Other sport/recreation,70-74,2025,5,,0.5016547164695749,False
Other sport/recreation,75-79,2025,4,,0.5566602533202295,False
Other sport/recreation,80+,2025,1,,1.0000000000000002,False
Combat sports,0-4,2025,19,,0.3587357566773371,False
Combat sports,5-9,2025,227,5900.0,0.19055357735934084,True
Combat sports,10-14,2025,895,26500.0,0.11840365640379097,True
Combat sports,15-19,2025,1124,38800.0,0.10443237378980558,True
Combat sports,20-24,2025,280,13100.0,0.12374919776133174,True
Combat sports,25-29,2025,199,9400.0,0.13154682361252995,True
Combat sports,30-34,2025,146,7200.0,0.15014232053057297,True
Combat sports,35-39,2025,92,4600.0,0.16344390651676977,True
Combat sports,40-44,2025,76,3700.0,0.14326263477930598,True
Combat sports,45-49,2025,43,2100.0,0.22143695714518924,True
Combat sports,50-54,2025,25,1300.0,0.28131805233356827,True
Combat sports,55-59,2025,13,,0.3030299061714679,False
Combat sports,60-64,2025,11,,0.36115068695392927,False
Combat sports,65-69,2025,6,,0.43200873244036,False
Combat sports,70-74,2025,10,,0.34424922888466114,False
Combat sports,75-79,2025,6,,0.46295691437131914,False
Combat sports,80+,2025,0,,,False
Other ball sports,0-4,2025,221,5700.0,0.12536348804513445,True
Other ball sports,5-9,2025,547,14300.0,0.12338944689377242,True
Other ball sports,10-14,2025,701,19800.0,0.10141074393279025,True
Other ball sports,15-19,2025,213,7200.0,0.11489842647921449,True
Other ball sports,20-24,2025,72,3800.0,0.17149964131530546,True
Other ball sports,25-29,2025,72,3200.0,0.17673735519741773,True
Other ball sports,30-34,2025,69,3500.0,0.17577087686260653,True
Other ball sports,35-39,2025,59,2800.0,0.16413352786338786,True
Other ball sports,40-44,2025,42,1800.0,0.22051653516185035,True
Other ball sports,45-49,2025,49,2700.0,0.218714724802272,True
Other ball sports,50-54,2025,51,2500.0,0.22120759041519605,True
Other ball sports,55-59,2025,62,2800.0,0.19181965736519374,True
Other ball sports,60-64,2025,97,5200.0,0.22561468421631964,True
Other ball sports,65-69,2025,118,5800.0,0.2363978262212862,True
Other ball sports,70-74,2025,88,4500.0,0.2546887109359393,True
Other ball sports,75-79,2025,87,4400.0,0.28818912225220217,True
Other ball sports,80+,2025,53,2900.0,0.2930186589816056,True
Gymnastics/cheerleading,0-4,2025,99,1900.0,0.16723231700748956,True
Gymnastics/cheerleading,5-9,2025,587,15800.0,0.14519713953407049,True
Gymnastics/cheerleading,10-14,2025,869,24700.0,0.15124776114543992,True
Gymnastics/cheerleading,15-19,2025,568,18400.0,0.1173291451096693,True
Gymnastics/cheerleading,20-24,2025,36,1500.0,0.2384438439876244,True
Gymnastics/cheerleading,25-29,2025,14,,0.29798619650425834,False
Gymnastics/cheerleading,30-34,2025,15,,0.28280016824925347,False
Gymnastics/cheerleading,35-39,2025,16,,0.2514552612292344,False
Gymnastics/cheerleading,40-44,2025,5,,0.4394916102086063,False
Gymnastics/cheerleading,45-49,2025,5,,0.589910311449216,False
Gymnastics/cheerleading,50-54,2025,3,,0.5896502952718065,False
Gymnastics/cheerleading,55-59,2025,2,,1.0,False
Gymnastics/cheerleading,60-64,2025,1,,1.0,False
Gymnastics/cheerleading,65-69,2025,1,,1.0,False
Gymnastics/cheerleading,70-74,2025,0,,,False
Gymnastics/cheerleading,75-79,2025,3,,0.6069512818610163,False
Gymnastics/cheerleading,80+,2025,0,,,False
Volleyball,0-4,2025,2,,0.8230585310235806,False
Volleyball,5-9,2025,48,1500.0,0.23111220227819665,True
Volleyball,10-14,2025,811,23300.0,0.11722995957652912,True
Volleyball,15-19,2025,748,25300.0,0.10757031937641207,True
Volleyball,20-24,2025,104,5100.0,0.23854222594648644,True
Volleyball,25-29,2025,75,3800.0,0.1834042678861284,True
Volleyball,30-34,2025,49,2400.0,0.21125047915030057,True
Volleyball,35-39,2025,36,1700.0,0.20591550778313733,True
Volleyball,40-44,2025,29,1700.0,0.255323268176965,True
Volleyball,45-49,2025,20,,0.30769666659516204,False
Volleyball,50-54,2025,15,,0.3047534216324781,False
Volleyball,55-59,2025,15,,0.29665418651886016,False
Volleyball,60-64,2025,10,,0.3537971436302809,False
Volleyball,65-69,2025,11,,0.37361902682714737,False
Volleyball,70-74,2025,3,,0.6464298043748951,False
Volleyball,75-79,2025,0,,,False
Volleyball,80+,2025,6,,0.38402650653825454,False
Snow sports,0-4,2025,6,,0.6139698205289652,False
Snow sports,5-9,2025,55,,0.5127343311977491,False
Snow sports,10-14,2025,295,14400.0,0.3006054374750523,True
Snow sports,15-19,2025,318,16100.0,0.24866441346524273,True
Snow sports,20-24,2025,256,15100.0,0.23646060146090103,True
Snow sports,25-29,2025,159,8400.0,0.2432936611078587,True
Snow sports,30-34,2025,95,5500.0,0.3237877034105087,True
Snow sports,35-39,2025,74,4100.0,0.2580795127084131,True
Snow sports,40-44,2025,68,,0.347495779862397,False
Snow sports,45-49,2025,68,,0.3407481356928911,False
Snow sports,50-54,2025,43,,0.3507603874024812,False
Snow sports,55-59,2025,49,2900.0,0.28922265263392755,True
Snow sports,60-64,2025,47,,0.42424536867520046,False
Snow sports,65-69,2025,44,,0.4170116987066629,False
Snow sports,70-74,2025,34,,0.45859687033100344,False
Snow sports,75-79,2025,13,,0.4728611838256206,False
Snow sports,80+,2025,11,,0.5651874398320618,False
Hockey,0-4,2025,3,,0.9379192429252107,False
Hockey,5-9,2025,92,2100.0,0.25137766376876886,True
Hockey,10-14,2025,404,11800.0,0.23007172624927863,True
Hockey,15-19,2025,439,14100.0,0.2174478303758948,True
Hockey,20-24,2025,96,4300.0,0.2248900097438793,True
Hockey,25-29,2025,41,1500.0,0.3139225100950382,True
Hockey,30-34,2025,60,2800.0,0.18189124594399603,True
Hockey,35-39,2025,53,,0.36025123830097533,False
Hockey,40-44,2025,29,1500.0,0.2513077443038171,True
Hockey,45-49,2025,22,,0.30016413236717554,False
Hockey,50-54,2025,17,,0.28307256167713235,False
Hockey,55-59,2025,21,,0.3435207146722582,False
Hockey,60-64,2025,18,,0.28509862020576604,False
Hockey,65-69,2025,8,,0.42182653879431187,False
Hockey,70-74,2025,5,,0.46209326257926225,False
Hockey,75-79,2025,0,,,False
Hockey,80+,2025,2,,0.8166842847507875,False
Fishing,0-4,2025,43,1400.0,0.22827507541792796,True
Fishing,5-9,2025,110,3900.0,0.21998823818936525,True
Fishing,10-14,2025,223,9800.0,0.15681850681994464,True
Fishing,15-19,2025,125,7000.0,0.18505806816357304,True
Fishing,20-24,2025,77,4000.0,0.18074955596716474,True
Fishing,25-29,2025,63,3300.0,0.1884327219780428,True
Fishing,30-34,2025,58,3700.0,0.17308428163464754,True
Fishing,35-39,2025,63,3800.0,0.17737943154169186,True
Fishing,40-44,2025,62,4000.0,0.16540779185924775,True
Fishing,45-49,2025,65,4100.0,0.17280274161467585,True
Fishing,50-54,2025,60,3300.0,0.1630896158023827,True
Fishing,55-59,2025,77,4200.0,0.17264492511937454,True
Fishing,60-64,2025,86,5400.0,0.17186027533742998,True
Fishing,65-69,2025,48,2900.0,0.19778284085925196,True
Fishing,70-74,2025,51,2900.0,0.21711911443205248,True
Fishing,75-79,2025,31,2100.0,0.2512602207850405,True
Fishing,80+,2025,21,1400.0,0.27320709977931906,True
