Activity,Age_Band,Body_Region,n,estimate,se_bound,cv_bound,estimate_rounded,reportable,reason,percent,percent_se_bound,percent_cv_bound,years
Basketball,0-4,Head/face,408,,242.71403169245482,0.25864392114130463,,False,estimate < 1200,,8.991857049603427,0.1401732300654578,10
Basketball,0-4,Neck,8,,18.951903759595048,0.7293008558166981,,False,"n < 20; estimate < 1200; CV bound outside [0, 0.33]; proportion CV unassessed or > 0.33",,1.491206900175692,0.8394601434502521,10
Basketball,0-4,Shoulder/upper arm,17,,29.06889374728372,0.7948920906535158,,False,"n < 20; estimate < 1200; CV bound outside [0, 0.33]; proportion CV unassessed or > 0.33",,2.1251970438301018,0.8501335781153339,10
Basketball,0-4,Elbow/forearm,31,,52.37701820948202,0.7454148005493728,,False,"estimate < 1200; CV bound outside [0, 0.33]; proportion CV unassessed or > 0.33",,3.606048079736463,0.7507529537353993,10
Basketball,0-4,Wrist/hand,57,,100.57170034940785,0.5986752478871136,,False,"estimate < 1200; CV bound outside [0, 0.33]; proportion CV unassessed or > 0.33",,6.244850073484979,0.5438082876311275,10
Basketball,0-4,Trunk/spine,17,,19.80312519947039,0.8110616759898259,,False,"n < 20; estimate < 1200; CV bound outside [0, 0.33]; proportion CV unassessed or > 0.33",,1.397335998106638,0.8372001370231857,10
Basketball,0-4,Hip/thigh,16,,35.28976875171153,0.8040349364858711,,False,"n < 20; estimate < 1200; CV bound outside [0, 0.33]; proportion CV unassessed or > 0.33",,2.5736717636198247,0.857803000269271,10
Basketball,0-4,Knee,12,,12.509373858698522,0.8801193433107598,,False,"n < 20; estimate < 1200; CV bound outside [0, 0.33]; proportion CV unassessed or > 0.33",,0.935779181579443,0.9631361165526698,10
Basketball,0-4,Lower leg,30,,42.84961417279463,0.6935741463788814,,False,"estimate < 1200; CV bound outside [0, 0.33]; proportion CV unassessed or > 0.33",,3.121154841716982,0.7390428006062081,10
Basketball,0-4,Ankle,17,,21.1801449066296,0.7342061790282477,,False,"n < 20; estimate < 1200; CV bound outside [0, 0.33]; proportion CV unassessed or > 0.33",,1.5910842747691218,0.806845882957935,10
Basketball,0-4,Foot/toes,24,,31.006972586230813,0.8626589289529429,,False,"estimate < 1200; CV bound outside [0, 0.33]; proportion CV unassessed or > 0.33",,2.1652944719198026,0.8812619505308511,10
Basketball,0-4,Multiple/systemic,0,,0.0,,,False,CV unassessed; proportion CV unassessed or > 0.33,,0.0,,10
Basketball,0-4,Internal/systemic,2,,6.19989,1.0,,False,"n < 20; estimate < 1200; CV bound outside [0, 0.33]; proportion CV unassessed or > 0.33",,0.49910198508689346,1.1776428745900254,10
Basketball,0-4,Not stated/other,6,,8.36431,0.9999999999999998,,False,"n < 20; estimate < 1200; CV bound outside [0, 0.33]; proportion CV unassessed or > 0.33",,0.6225463383589498,1.0888043778507217,10
Basketball,5-9,Head/face,2130,5500.0,883.6322727026827,0.16114513279727424,5500.0,True,passes conservative screen,33.0,3.106697070573741,0.09411295955103337,10
Basketball,5-9,Neck,86,,109.75495832203652,0.4900837356617868,,False,"estimate < 1200; CV bound outside [0, 0.33]; proportion CV unassessed or > 0.33",,0.6397526132870284,0.47452938234311093,10
Basketball,5-9,Shoulder/upper arm,126,,143.43578755455528,0.41752416314366997,,False,"estimate < 1200; CV bound outside [0, 0.33]; proportion CV unassessed or > 0.33",,0.7926597382643853,0.38327967606557134,10
Basketball,5-9,Elbow/forearm,560,1300.0,304.3690407577459,0.22665673174569306,1300.0,True,passes conservative screen,8.1,1.5075147141423706,0.186481007009888,10
Basketball,5-9,Wrist/hand,1859,5100.0,929.6720523737324,0.18104439767271838,5100.0,True,passes conservative screen,30.9,2.705781568054989,0.08752919780271874,10
Basketball,5-9,Trunk/spine,271,,215.32241251240848,0.2940633619584964,,False,estimate < 1200,,1.1454841535840743,0.25986372886440495,10
Basketball,5-9,Hip/thigh,81,,89.93625124291826,0.5123789116406258,,False,"estimate < 1200; CV bound outside [0, 0.33]; proportion CV unassessed or > 0.33",,0.5341039268429415,0.5054603991973569,10
Basketball,5-9,Knee,296,,252.65972674171104,0.3328520723241608,,False,"estimate < 1200; CV bound outside [0, 0.33]",,1.2699062098817537,0.2779020748898377,10
Basketball,5-9,Lower leg,133,,139.8175504064048,0.41640020866955174,,False,"estimate < 1200; CV bound outside [0, 0.33]; proportion CV unassessed or > 0.33",,0.812247129444551,0.40182997832815115,10
Basketball,5-9,Ankle,460,,292.40214944806564,0.2487337063058759,,False,estimate < 1200,,1.4831321139778924,0.20957468325273357,10
Basketball,5-9,Foot/toes,264,,208.12012054894348,0.29236182357609813,,False,estimate < 1200,,1.1867819963738224,0.27693793021604113,10
Basketball,5-9,Multiple/systemic,48,,88.9706547841874,0.5922725857376818,,False,"estimate < 1200; CV bound outside [0, 0.33]; proportion CV unassessed or > 0.33",,0.516381749014993,0.5710190903146689,10
Basketball,5-9,Internal/systemic,2,,1.15184,1.0,,False,"n < 20; estimate < 1200; CV bound outside [0, 0.33]; proportion CV unassessed or > 0.33",,0.007746883676758339,1.1172227688736378,10
Basketball,5-9,Not stated/other,23,,33.62990055113123,0.818512020847931,,False,"estimate < 1200; CV bound outside [0, 0.33]; proportion CV unassessed or > 0.33",,0.20794684978135994,0.8407303466202152,10
Basketball,10-14,Head/face,7462,20200.0,2292.203491578304,0.11335046501098503,20200.0,True,passes conservative screen,18.6,1.2670180493808505,0.06812959679590694,10
Basketball,10-14,Neck,307,,229.17875417589843,0.2771694397539214,,False,estimate < 1200,,0.20267285264894463,0.26653205675628217,10
Basketball,10-14,Shoulder/upper arm,1076,3200.0,542.2896281237042,0.17056340463689032,3200.0,True,passes conservative screen,2.9,0.4003902576579616,0.13693704142038188,10
Basketball,10-14,Elbow/forearm,2428,6300.0,989.6014408208342,0.15795075789835225,6300.0,True,passes conservative screen,5.8,0.6066453791637084,0.10528807118076988,10
Basketball,10-14,Wrist/hand,11104,32200.0,4069.5167813439375,0.12626610436868954,32200.0,True,passes conservative screen,29.6,1.2571176686611043,0.0424133668478999,10
Basketball,10-14,Trunk/spine,2242,6100.0,1000.1599159585079,0.16477683863876755,6100.0,True,passes conservative screen,5.6,0.6058588556901443,0.1085378119271932,10
Basketball,10-14,Hip/thigh,450,,299.87960788595893,0.25280453427288396,,False,estimate < 1200,,0.24364814304404142,0.22334894799305,10
Basketball,10-14,Knee,3611,10200.0,1382.4214970863682,0.13527729363264268,10200.0,True,passes conservative screen,9.4,0.7252978188012371,0.07717625128381599,10
Basketball,10-14,Lower leg,1254,2800.0,476.92576094067147,0.17122060917378096,2800.0,True,passes conservative screen,2.6,0.35041076371694146,0.13679353582483567,10
Basketball,10-14,Ankle,6427,19100.0,2281.494969988456,0.1191755339295058,19100.0,True,passes conservative screen,17.6,1.0291038529622538,0.05845338628815425,10
Basketball,10-14,Foot/toes,1980,5600.0,897.7390494910339,0.1596952450465478,5600.0,True,passes conservative screen,5.2,0.5382772754576767,0.10411919337538376,10
Basketball,10-14,Multiple/systemic,244,,251.56761036427218,0.34313889447538154,,False,"estimate < 1200; CV bound outside [0, 0.33]",,0.21714399963062772,0.32206678415405593,10
Basketball,10-14,Internal/systemic,2,,4.442830000000002,1.0000000000000002,,False,"n < 20; estimate < 1200; CV bound outside [0, 0.33]; proportion CV unassessed or > 0.33",,0.0044748114081012876,1.095211313663048,10
Basketball,10-14,Not stated/other,92,,119.02078931505541,0.47386774971148055,,False,"estimate < 1200; CV bound outside [0, 0.33]; proportion CV unassessed or > 0.33",,0.11144348086039586,0.4824717349079438,10
Basketball,15-17,Head/face,6219,19400.0,2174.6638372438497,0.11202180616794594,19400.0,True,passes conservative screen,21.4,1.2350575616117576,0.05774783959832696,10
Basketball,15-17,Neck,207,,209.67120308513444,0.3114943798594069,,False,estimate < 1200,,0.2184209093812744,0.2945396344637787,10
Basketball,15-17,Shoulder/upper arm,1144,3600.0,561.1553085177122,0.15586636578850777,3600.0,True,passes conservative screen,4.0,0.4940903349330725,0.12457009532001745,10
Basketball,15-17,Elbow/forearm,1026,3100.0,557.3310372915552,0.18022206496790605,3100.0,True,passes conservative screen,3.4,0.48626431742198006,0.1427267045778403,10
Basketball,15-17,Wrist/hand,5003,15400.0,1964.171975136392,0.12742172550258657,15400.0,True,passes conservative screen,17.0,1.0268286716794093,0.06046444388494009,10
Basketball,15-17,Trunk/spine,1826,5500.0,829.6207417173991,0.15164526755822383,5500.0,True,passes conservative screen,6.0,0.5930507912433015,0.09839641019136991,10
Basketball,15-17,Hip/thigh,331,,252.06848182915004,0.26372908118047894,,False,estimate < 1200,,0.25996420001848086,0.246882965462011,10
Basketball,15-17,Knee,3370,9900.0,1246.2661609848526,0.12570571113173054,9900.0,True,passes conservative screen,10.9,0.7549632166675931,0.06912069607780284,10
Basketball,15-17,Lower leg,882,2300.0,431.65925563018726,0.18874421979895095,2300.0,True,passes conservative screen,2.5,0.4080742092253095,0.16196077830700922,10
Basketball,15-17,Ankle,7552,25000.0,2892.586914293105,0.11585486681402299,25000.0,True,passes conservative screen,27.5,1.259283092033624,0.045781428726988205,10
Basketball,15-17,Foot/toes,1343,4100.0,734.1839569280454,0.17693544651089763,4100.0,True,passes conservative screen,4.6,0.5694284547664951,0.12456247415424954,10
Basketball,15-17,Multiple/systemic,206,,224.29105725926684,0.32821589848904303,,False,estimate < 1200,,0.23303443731594353,0.30953222193528807,10
Basketball,15-17,Internal/systemic,5,,10.022189999999998,0.9999999999999999,,False,"n < 20; estimate < 1200; CV bound outside [0, 0.33]; proportion CV unassessed or > 0.33",,0.01159529417817252,1.0501642842872445,10
Basketball,15-17,Not stated/other,52,,76.27143289983196,0.5535233921458629,,False,"estimate < 1200; CV bound outside [0, 0.33]; proportion CV unassessed or > 0.33",,0.08599689570730451,0.5664935279400801,10
Basketball,18-24,Head/face,3892,15300.0,1861.3736214240805,0.12129181203660601,15300.0,True,passes conservative screen,19.5,1.1730590286522309,0.060118633810822227,10
Basketball,18-24,Neck,107,,151.8244342540665,0.3577550394790703,,False,"estimate < 1200; CV bound outside [0, 0.33]; proportion CV unassessed or > 0.33",,0.18622879781265345,0.34512962166077077,10
Basketball,18-24,Shoulder/upper arm,1318,5100.0,721.5181428808269,0.140993941860709,5100.0,True,passes conservative screen,6.5,0.6600007920785486,0.10143526315265115,10
Basketball,18-24,Elbow/forearm,457,1800.0,375.4056338495112,0.20963973937464472,1800.0,True,passes conservative screen,2.3,0.42492440023709466,0.18662757040058156,10
Basketball,18-24,Wrist/hand,2893,11200.0,1384.6685609126484,0.12414546626360715,11200.0,True,passes conservative screen,14.2,0.9741699315997988,0.06869277483579156,10
Basketball,18-24,Trunk/spine,1332,5100.0,742.7528745244556,0.14639085135131283,5100.0,True,passes conservative screen,6.5,0.68609088223535,0.10635123808005964,10
Basketball,18-24,Hip/thigh,211,,222.48864135287494,0.30150330086115895,,False,estimate < 1200,,0.27764693805338686,0.2959159827630341,10
Basketball,18-24,Knee,2797,10700.0,1233.31848834107,0.11576814006558896,10700.0,True,passes conservative screen,13.5,0.9107440227994519,0.06723593531193253,10
Basketball,18-24,Lower leg,478,1800.0,388.213573114066,0.21415571713716738,1800.0,True,passes conservative screen,2.3,0.42785560255760197,0.18562971058526848,10
Basketball,18-24,Ankle,5590,21800.0,2444.217560072248,0.11236199337746368,21800.0,True,passes conservative screen,27.7,1.2112632625370026,0.043793477017457165,10
Basketball,18-24,Foot/toes,1068,3900.0,636.3935219640075,0.16227455189723997,3900.0,True,passes conservative screen,5.0,0.6217833208439297,0.1246967238425265,10
Basketball,18-24,Multiple/systemic,162,,233.95871343941167,0.35835068670333,,False,"estimate < 1200; CV bound outside [0, 0.33]; proportion CV unassessed or > 0.33",,0.2759146086898698,0.33238010370662685,10
Basketball,18-24,Internal/systemic,1,,2.7587,1.0,,False,"n < 20; estimate < 1200; CV bound outside [0, 0.33]; proportion CV unassessed or > 0.33",,0.0038129693961548076,1.087051580114579,10
Basketball,18-24,Not stated/other,52,,103.4986179272598,0.49727777825842645,,False,"estimate < 1200; CV bound outside [0, 0.33]; proportion CV unassessed or > 0.33",,0.13118295414794962,0.49571631847061165,10
Basketball,25-34,Head/face,1508,5600.0,735.8062365316915,0.13045480685351613,5600.0,True,passes conservative screen,13.7,1.3133820427871015,0.09577845472021035,10
Basketball,25-34,Neck,63,,105.33459199801703,0.4703564738422427,,False,"estimate < 1200; CV bound outside [0, 0.33]; proportion CV unassessed or > 0.33",,0.25469605243099847,0.46779809884639917,10
Basketball,25-34,Shoulder/upper arm,558,2200.0,431.2515738377171,0.19385067006154122,2200.0,True,passes conservative screen,5.4,0.9087772821640158,0.1680251166435267,10
Basketball,25-34,Elbow/forearm,238,,211.39570792042704,0.2558790066202799,,False,estimate < 1200,,0.49046171369294783,0.2441876706526967,10
Basketball,25-34,Wrist/hand,1636,6200.0,754.49558409419,0.12072802547169673,6200.0,True,passes conservative screen,15.2,1.2889599043891022,0.08483419313629206,10
Basketball,25-34,Trunk/spine,1012,4100.0,633.2208220537991,0.15402754371287214,4100.0,True,passes conservative screen,10.0,1.1547772847741469,0.11553712730567763,10
Basketball,25-34,Hip/thigh,108,,158.7137316387214,0.378115437109778,,False,"estimate < 1200; CV bound outside [0, 0.33]; proportion CV unassessed or > 0.33",,0.3772693702757437,0.3696933026257933,10
Basketball,25-34,Knee,1766,6900.0,822.0433424069981,0.11905010406197293,6900.0,True,passes conservative screen,16.8,1.2325070176666353,0.07341834558643642,10
Basketball,25-34,Lower leg,810,3000.0,502.9653927240471,0.16839808868077424,3000.0,True,passes conservative screen,7.3,1.0350418984128789,0.14254011821884136,10
Basketball,25-34,Ankle,2191,8600.0,1011.2508677486352,0.11695586413292411,8600.0,True,passes conservative screen,21.0,1.4954083608047666,0.07113822576960405,10
Basketball,25-34,Foot/toes,663,2500.0,414.84204917811513,0.16446922068458764,2500.0,True,passes conservative screen,6.1,0.8578800504011261,0.13989705188814766,10
Basketball,25-34,Multiple/systemic,60,,128.12949252650083,0.5200761325247591,,False,"estimate < 1200; CV bound outside [0, 0.33]; proportion CV unassessed or > 0.33",,0.30225975358765717,0.5046360491520142,10
Basketball,25-34,Internal/systemic,0,,0.0,,,False,CV unassessed; proportion CV unassessed or > 0.33,,0.0,,10
Basketball,25-34,Not stated/other,34,,78.67907017006883,0.6067295661475204,,False,"estimate < 1200; CV bound outside [0, 0.33]; proportion CV unassessed or > 0.33",,0.18697313502133672,0.5930554211616323,10
Basketball,35-44,Head/face,581,2400.0,407.20705610896096,0.17309808621785544,2400.0,True,passes conservative screen,13.0,1.8097098453110305,0.13929558349445917,10
Basketball,35-44,Neck,39,,87.90163765605948,0.5492192681527768,,False,"estimate < 1200; CV bound outside [0, 0.33]; proportion CV unassessed or > 0.33",,0.4747231926829666,0.5370820958056506,10
Basketball,35-44,Shoulder/upper arm,226,,238.44418534800965,0.27351506985834667,,False,estimate < 1200,,1.219344793682244,0.25326342633016136,10
Basketball,35-44,Elbow/forearm,116,,164.36449138237646,0.35071599261633796,,False,"estimate < 1200; CV bound outside [0, 0.33]; proportion CV unassessed or > 0.33",,0.8739776912849347,0.3376753382134142,10
Basketball,35-44,Wrist/hand,693,2700.0,422.2965201824125,0.15555802487656417,2700.0,True,passes conservative screen,15.0,1.9899908769693644,0.13273254735588705,10
Basketball,35-44,Trunk/spine,531,2100.0,393.88464223261565,0.19093885227334564,2100.0,True,passes conservative screen,11.4,1.821547420930905,0.15988847790549118,10
Basketball,35-44,Hip/thigh,42,,83.62280229529723,0.5111506341081016,,False,"estimate < 1200; CV bound outside [0, 0.33]; proportion CV unassessed or > 0.33",,0.45888806676002375,0.5079048702618527,10
Basketball,35-44,Knee,758,2900.0,462.48974509460595,0.15757644771779508,2900.0,True,passes conservative screen,16.2,2.1284113509994453,0.13130951316291883,10
Basketball,35-44,Lower leg,515,2100.0,412.97034833562776,0.1981758566908641,2100.0,True,passes conservative screen,11.5,1.9029608060911596,0.1653534056549349,10
Basketball,35-44,Ankle,712,2900.0,476.9205038079684,0.16274609961751138,2900.0,True,passes conservative screen,16.2,2.010149681394919,0.12420652709738936,10
Basketball,35-44,Foot/toes,308,,279.76274148149287,0.2386301527341632,,False,estimate < 1200,,1.4531218704147726,0.22443413432287626,10
Basketball,35-44,Multiple/systemic,32,,89.06085568450746,0.6559571412394691,,False,"estimate < 1200; CV bound outside [0, 0.33]; proportion CV unassessed or > 0.33",,0.49237408155863627,0.6566519089231774,10
Basketball,35-44,Internal/systemic,0,,0.0,,,False,CV unassessed; proportion CV unassessed or > 0.33,,0.0,,10
Basketball,35-44,Not stated/other,12,,41.52357265647674,0.7470309362661622,,False,"n < 20; estimate < 1200; CV bound outside [0, 0.33]; proportion CV unassessed or > 0.33",,0.23609916320168367,0.7691122855927844,10
Basketball,45-54,Head/face,288,,295.3042297924624,0.2483999146960499,,False,estimate < 1200,,3.456099252482261,0.21563543239386151,10
Basketball,45-54,Neck,15,,41.93000067574094,0.6356891735561941,,False,"n < 20; estimate < 1200; CV bound outside [0, 0.33]; proportion CV unassessed or > 0.33",,0.5942014036605241,0.668198908945782,10
Basketball,45-54,Shoulder/upper arm,122,,167.2382943810799,0.32681533785794653,,False,estimate < 1200,,2.1370063875320553,0.30975952106132004,10
Basketball,45-54,Elbow/forearm,50,,109.00402175625418,0.4872416535846552,,False,"estimate < 1200; CV bound outside [0, 0.33]; proportion CV unassessed or > 0.33",,1.4688883954442975,0.4870155517709212,10
Basketball,45-54,Wrist/hand,267,,279.88844637633235,0.24517400629569802,,False,estimate < 1200,,3.30045557436053,0.21444478380064438,10
Basketball,45-54,Trunk/spine,278,1200.0,297.22364143191174,0.24612098303063049,1200.0,True,passes conservative screen,16.3,3.3971921607880824,0.20865920426401147,10
Basketball,45-54,Hip/thigh,27,,64.3017666106967,0.649171880450829,,False,"estimate < 1200; CV bound outside [0, 0.33]; proportion CV unassessed or > 0.33",,0.8803907410553129,0.6592716559517471,10
Basketball,45-54,Knee,265,,266.1557806479494,0.2509783848586623,,False,estimate < 1200,,3.0175483585911347,0.21106042045708207,10
Basketball,45-54,Lower leg,192,,209.47062534318098,0.2894910853170136,,False,estimate < 1200,,2.604764671523711,0.26701318139800456,10
Basketball,45-54,Ankle,184,,209.5771475734917,0.27917715014821404,,False,estimate < 1200,,2.6102743031672238,0.25791359537546227,10
Basketball,45-54,Foot/toes,88,,137.68063088967205,0.399994697624139,,False,"estimate < 1200; CV bound outside [0, 0.33]; proportion CV unassessed or > 0.33",,1.8298996700161645,0.394330899057129,10
Basketball,45-54,Multiple/systemic,19,,51.16206183435441,0.6827842519990841,,False,"n < 20; estimate < 1200; CV bound outside [0, 0.33]; proportion CV unassessed or > 0.33",,0.7063958955297902,0.6992553017634762,10
Basketball,45-54,Internal/systemic,0,,0.0,,,False,CV unassessed; proportion CV unassessed or > 0.33,,0.0,,10
Basketball,45-54,Not stated/other,7,,19.009391046142063,0.7597635763086082,,False,"n < 20; estimate < 1200; CV bound outside [0, 0.33]; proportion CV unassessed or > 0.33",,0.28250913370538877,0.8375194491079957,10
Basketball,55-64,Head/face,138,,183.41038672495347,0.33207256719010725,,False,"estimate < 1200; CV bound outside [0, 0.33]",,5.3722126664840095,0.2896579836287101,10
Basketball,55-64,Neck,13,,37.50979703619072,0.7915598505881172,,False,"n < 20; estimate < 1200; CV bound outside [0, 0.33]; proportion CV unassessed or > 0.33",,1.3069076504378931,0.8213101263988147,10
Basketball,55-64,Shoulder/upper arm,40,,100.969507923376,0.6040230507576616,,False,"estimate < 1200; CV bound outside [0, 0.33]; proportion CV unassessed or > 0.33",,3.388200625001085,0.6036088860416439,10
Basketball,55-64,Elbow/forearm,20,,63.5369632656209,0.8045780229230967,,False,"estimate < 1200; CV bound outside [0, 0.33]; proportion CV unassessed or > 0.33",,2.129217978181552,0.802943653489736,10
Basketball,55-64,Wrist/hand,122,,165.81601716971687,0.3421511498185234,,False,"estimate < 1200; CV bound outside [0, 0.33]",,4.94296710072159,0.30374034224331325,10
Basketball,55-64,Trunk/spine,149,,198.84888833726325,0.3300714889497112,,False,"estimate < 1200; CV bound outside [0, 0.33]",,5.957743289273943,0.2945030959409309,10
Basketball,55-64,Hip/thigh,15,,52.30625628999782,0.7328447112663683,,False,"n < 20; estimate < 1200; CV bound outside [0, 0.33]; proportion CV unassessed or > 0.33",,1.8242641533295345,0.7611482944387633,10
Basketball,55-64,Knee,89,,141.71094963457705,0.3818624182843939,,False,"estimate < 1200; CV bound outside [0, 0.33]; proportion CV unassessed or > 0.33",,4.50173378420147,0.3612489160943003,10
Basketball,55-64,Lower leg,63,,117.45239840695801,0.4754284543238273,,False,"estimate < 1200; CV bound outside [0, 0.33]; proportion CV unassessed or > 0.33",,3.772762986019403,0.45478490072525113,10
Basketball,55-64,Ankle,51,,84.1141383123244,0.5012630080756191,,False,"estimate < 1200; CV bound outside [0, 0.33]; proportion CV unassessed or > 0.33",,2.7431909231655274,0.48682842105724283,10
Basketball,55-64,Foot/toes,30,,62.818622870754645,0.5911763431558842,,False,"estimate < 1200; CV bound outside [0, 0.33]; proportion CV unassessed or > 0.33",,2.221375492383277,0.6225494375560036,10
Basketball,55-64,Multiple/systemic,14,,46.272700958283544,0.7865554123443669,,False,"n < 20; estimate < 1200; CV bound outside [0, 0.33]; proportion CV unassessed or > 0.33",,1.557781739914616,0.7885592237354375,10
Basketball,55-64,Internal/systemic,0,,0.0,,,False,CV unassessed; proportion CV unassessed or > 0.33,,0.0,,10
Basketball,55-64,Not stated/other,5,,22.663069999999998,1.0,,False,"n < 20; estimate < 1200; CV bound outside [0, 0.33]; proportion CV unassessed or > 0.33",,0.8266995466274453,1.0863060364699355,10
Basketball,65-74,Head/face,79,,153.26016449948253,0.4431097391330316,,False,"estimate < 1200; CV bound outside [0, 0.33]; proportion CV unassessed or > 0.33",,10.862608747368368,0.3888224766555031,10
Basketball,65-74,Neck,4,,13.052349999999999,0.9999999999999998,,False,"n < 20; estimate < 1200; CV bound outside [0, 0.33]; proportion CV unassessed or > 0.33",,1.2237052990373503,1.160708985681783,10
Basketball,65-74,Shoulder/upper arm,19,,80.01590545813633,0.7524486909255831,,False,"n < 20; estimate < 1200; CV bound outside [0, 0.33]; proportion CV unassessed or > 0.33",,6.149255658349252,0.7159098423215294,10
Basketball,65-74,Elbow/forearm,10,,41.04856561379402,0.8292669673100633,,False,"n < 20; estimate < 1200; CV bound outside [0, 0.33]; proportion CV unassessed or > 0.33",,3.608186486417046,0.9024446461120363,10
Basketball,65-74,Wrist/hand,45,,91.87315676270002,0.5046733096247018,,False,"estimate < 1200; CV bound outside [0, 0.33]; proportion CV unassessed or > 0.33",,6.886285508200819,0.4683191745731518,10
Basketball,65-74,Trunk/spine,60,,111.4251256565879,0.4757713043962282,,False,"estimate < 1200; CV bound outside [0, 0.33]; proportion CV unassessed or > 0.33",,7.394660206618796,0.3909025929743422,10
Basketball,65-74,Hip/thigh,5,,19.42187402308241,0.9083711288898414,,False,"n < 20; estimate < 1200; CV bound outside [0, 0.33]; proportion CV unassessed or > 0.33",,1.7917192481763144,1.037474343919457,10
Basketball,65-74,Knee,23,,69.20145860257976,0.6574622492333626,,False,"estimate < 1200; CV bound outside [0, 0.33]; proportion CV unassessed or > 0.33",,5.6109594744848446,0.6599756638322732,10
Basketball,65-74,Lower leg,9,,25.250427610679306,0.8011219836104102,,False,"n < 20; estimate < 1200; CV bound outside [0, 0.33]; proportion CV unassessed or > 0.33",,2.358475951077965,0.9263958080060487,10
Basketball,65-74,Ankle,15,,52.764639463298536,0.7733313752099108,,False,"n < 20; estimate < 1200; CV bound outside [0, 0.33]; proportion CV unassessed or > 0.33",,4.422390291224314,0.8024443808958802,10
Basketball,65-74,Foot/toes,8,,31.13684206987445,0.9501380821215691,,False,"n < 20; estimate < 1200; CV bound outside [0, 0.33]; proportion CV unassessed or > 0.33",,2.657038057653819,1.0037952890880322,10
Basketball,65-74,Multiple/systemic,7,,16.239894373044724,0.7118177582611162,,False,"n < 20; estimate < 1200; CV bound outside [0, 0.33]; proportion CV unassessed or > 0.33",,1.5787292424891555,0.8566994507984804,10
Basketball,65-74,Internal/systemic,0,,0.0,,,False,CV unassessed; proportion CV unassessed or > 0.33,,0.0,,10
Basketball,65-74,Not stated/other,4,,19.607905088510908,0.7824439716051795,,False,"n < 20; estimate < 1200; CV bound outside [0, 0.33]; proportion CV unassessed or > 0.33",,1.9270027740334725,0.9520058332217363,10
Basketball,75+,Head/face,44,,97.64139553698222,0.531626770112343,,False,"estimate < 1200; CV bound outside [0, 0.33]; proportion CV unassessed or > 0.33",,15.982593157909001,0.4638945990902072,10
Basketball,75+,Neck,1,,8.1152,1.0,,False,"n < 20; estimate < 1200; CV bound outside [0, 0.33]; proportion CV unassessed or > 0.33",,1.9934192447730905,1.3094792684378918,10
Basketball,75+,Shoulder/upper arm,4,,21.21596638092813,0.9352136250177151,,False,"n < 20; estimate < 1200; CV bound outside [0, 0.33]; proportion CV unassessed or > 0.33",,4.821781515334175,1.1330647859975276,10
Basketball,75+,Elbow/forearm,3,,11.524382386008307,0.8726467477501777,,False,"n < 20; estimate < 1200; CV bound outside [0, 0.33]; proportion CV unassessed or > 0.33",,2.772165455017004,1.1190234039252074,10
Basketball,75+,Wrist/hand,17,,39.27907762559353,0.6088677850936663,,False,"n < 20; estimate < 1200; CV bound outside [0, 0.33]; proportion CV unassessed or > 0.33",,8.152030999968412,0.6736382607926026,10
Basketball,75+,Trunk/spine,35,,86.09634431711366,0.5532276731805533,,False,"estimate < 1200; CV bound outside [0, 0.33]; proportion CV unassessed or > 0.33",,15.125176512511077,0.51810626515605,10
Basketball,75+,Hip/thigh,3,,17.698654350726763,0.75881012744378,,False,"n < 20; estimate < 1200; CV bound outside [0, 0.33]; proportion CV unassessed or > 0.33",,4.3218265603032995,0.9877781449732479,10
Basketball,75+,Knee,1,,7.9173100000000005,1.0,,False,"n < 20; estimate < 1200; CV bound outside [0, 0.33]; proportion CV unassessed or > 0.33",,1.9511830749245058,1.3137707188212824,10
Basketball,75+,Lower leg,5,,18.446936977048484,0.8294377895723699,,False,"n < 20; estimate < 1200; CV bound outside [0, 0.33]; proportion CV unassessed or > 0.33",,4.1317153535778255,0.9903510265121438,10
Basketball,75+,Ankle,2,,15.91347,1.0,,False,"n < 20; estimate < 1200; CV bound outside [0, 0.33]; proportion CV unassessed or > 0.33",,3.7959023750894048,1.2715965844127897,10
Basketball,75+,Foot/toes,0,,0.0,,,False,CV unassessed; proportion CV unassessed or > 0.33,,0.0,,10
Basketball,75+,Multiple/systemic,4,,9.33355976376345,0.8649817629596717,,False,"n < 20; estimate < 1200; CV bound outside [0, 0.33]; proportion CV unassessed or > 0.33",,2.2439721118221745,1.1086036432303141,10
Basketball,75+,Internal/systemic,0,,0.0,,,False,CV unassessed; proportion CV unassessed or > 0.33,,0.0,,10
Basketball,75+,Not stated/other,1,,5.0929800000000025,1.0000000000000004,,False,"n < 20; estimate < 1200; CV bound outside [0, 0.33]; proportion CV unassessed or > 0.33",,1.2314350351655035,1.2889579296546834,10
Exercise/fitness,0-4,Head/face,864,2300.0,489.23117054694984,0.21121849515907642,2300.0,True,passes conservative screen,45.2,5.285577340447642,0.11695348967608601,10
Exercise/fitness,0-4,Neck,19,,36.37528976891885,0.8284661613595264,,False,"n < 20; estimate < 1200; CV bound outside [0, 0.33]; proportion CV unassessed or > 0.33",,0.7370884911402525,0.8603811191511604,10
Exercise/fitness,0-4,Shoulder/upper arm,56,,110.25172693713841,0.7437921277406602,,False,"estimate < 1200; CV bound outside [0, 0.33]; proportion CV unassessed or > 0.33",,2.0122162029580952,0.6957348319091429,10
Exercise/fitness,0-4,Elbow/forearm,124,,130.8800775844775,0.423279483225725,,False,"estimate < 1200; CV bound outside [0, 0.33]; proportion CV unassessed or > 0.33",,2.1331912665426196,0.3535789484550265,10
Exercise/fitness,0-4,Wrist/hand,615,1400.0,300.04204169736596,0.2101605075576829,1400.0,True,passes conservative screen,27.9,4.77807928526355,0.17152415043733166,10
Exercise/fitness,0-4,Trunk/spine,47,,58.84364310575548,0.6738671522441856,,False,"estimate < 1200; CV bound outside [0, 0.33]; proportion CV unassessed or > 0.33",,1.1411785877748128,0.669778614944833,10
Exercise/fitness,0-4,Hip/thigh,38,,53.555078942145904,0.6802660260131148,,False,"estimate < 1200; CV bound outside [0, 0.33]; proportion CV unassessed or > 0.33",,1.0451342217037272,0.680382469000645,10
Exercise/fitness,0-4,Knee,30,,58.14398449186058,0.5845185038785339,,False,"estimate < 1200; CV bound outside [0, 0.33]; proportion CV unassessed or > 0.33",,1.1898886834367366,0.6130596553762199,10
Exercise/fitness,0-4,Lower leg,64,,61.41661459447514,0.5859122278997471,,False,"estimate < 1200; CV bound outside [0, 0.33]; proportion CV unassessed or > 0.33",,1.1854144398052573,0.5795885933721068,10
Exercise/fitness,0-4,Ankle,31,,55.24300567077503,0.7490667435956181,,False,"estimate < 1200; CV bound outside [0, 0.33]; proportion CV unassessed or > 0.33",,1.06103522855262,0.7373538434562954,10
Exercise/fitness,0-4,Foot/toes,131,,146.34586757748937,0.39364168970548113,,False,"estimate < 1200; CV bound outside [0, 0.33]; proportion CV unassessed or > 0.33",,2.7055848495324155,0.3729792836109102,10
Exercise/fitness,0-4,Multiple/systemic,11,,19.906825093422235,0.9796665892432204,,False,"n < 20; estimate < 1200; CV bound outside [0, 0.33]; proportion CV unassessed or > 0.33",,0.4111249022023952,1.0369385201965162,10
Exercise/fitness,0-4,Internal/systemic,8,,15.47215051474656,0.857557708868118,,False,"n < 20; estimate < 1200; CV bound outside [0, 0.33]; proportion CV unassessed or > 0.33",,0.33685628547390006,0.9568861252872615,10
Exercise/fitness,0-4,Not stated/other,7,,22.828483662863732,0.8909392779620032,,False,"n < 20; estimate < 1200; CV bound outside [0, 0.33]; proportion CV unassessed or > 0.33",,0.4989787974318112,0.9980586449765242,10
Exercise/fitness,5-9,Head/face,1129,3200.0,685.8194619550429,0.21219880925657805,3200.0,True,passes conservative screen,28.4,3.380860464820813,0.11893093689784137,10
Exercise/fitness,5-9,Neck,67,,105.48447872244446,0.5713174874517482,,False,"estimate < 1200; CV bound outside [0, 0.33]; proportion CV unassessed or > 0.33",,0.931552930291499,0.5736288013584575,10
Exercise/fitness,5-9,Shoulder/upper arm,125,,145.62110850797066,0.44167154302663253,,False,"estimate < 1200; CV bound outside [0, 0.33]; proportion CV unassessed or > 0.33",,1.1266318084560074,0.38850047157515327,10
Exercise/fitness,5-9,Elbow/forearm,335,,266.5536994348807,0.32003155467920535,,False,estimate < 1200,,1.7934217400760917,0.24480764315996392,10
Exercise/fitness,5-9,Wrist/hand,528,1500.0,359.59976279059293,0.23551490077798032,1500.0,True,passes conservative screen,13.4,2.495197571702418,0.185796867715443,10
Exercise/fitness,5-9,Trunk/spine,368,,316.7165373604653,0.31862195399732096,,False,estimate < 1200,,2.002647786638985,0.2290572207222924,10
Exercise/fitness,5-9,Hip/thigh,123,,120.55035328837343,0.4296764109067894,,False,"estimate < 1200; CV bound outside [0, 0.33]; proportion CV unassessed or > 0.33",,1.0732558683356372,0.43492137454615265,10
Exercise/fitness,5-9,Knee,206,,243.62927936583847,0.335187658681948,,False,"estimate < 1200; CV bound outside [0, 0.33]",,1.6392960255182136,0.2564191056660835,10
Exercise/fitness,5-9,Lower leg,169,,183.27870590615697,0.3524832423713024,,False,"estimate < 1200; CV bound outside [0, 0.33]; proportion CV unassessed or > 0.33",,1.557376109477968,0.3405292556977912,10
Exercise/fitness,5-9,Ankle,350,,335.64631925623854,0.28995448537705315,,False,estimate < 1200,,2.228785021821401,0.2189024280266848,10
Exercise/fitness,5-9,Foot/toes,444,1300.0,315.2075198255558,0.24871627731995208,1300.0,True,passes conservative screen,11.1,2.258582982112127,0.20261805698849047,10
Exercise/fitness,5-9,Multiple/systemic,84,,132.30173118491857,0.5152040295551066,,False,"estimate < 1200; CV bound outside [0, 0.33]; proportion CV unassessed or > 0.33",,1.0675548468503275,0.47264860085356875,10
Exercise/fitness,5-9,Internal/systemic,3,,2.6426099999999986,0.9999999999999994,,False,"n < 20; estimate < 1200; CV bound outside [0, 0.33]; proportion CV unassessed or > 0.33",,0.026288719251319526,1.131021368641475,10
Exercise/fitness,5-9,Not stated/other,23,,36.917617936417784,0.6420176155196345,,False,"estimate < 1200; CV bound outside [0, 0.33]; proportion CV unassessed or > 0.33",,0.34132818875942195,0.674869631030112,10
Exercise/fitness,10-14,Head/face,833,2300.0,501.1687370286686,0.21410888670094852,2300.0,True,passes conservative screen,10.2,1.6558601066209346,0.16189097314247883,10
Exercise/fitness,10-14,Neck,106,,129.5213302880269,0.4136217948089941,,False,"estimate < 1200; CV bound outside [0, 0.33]; proportion CV unassessed or > 0.33",,0.5659105902061577,0.4135787428243607,10
Exercise/fitness,10-14,Shoulder/upper arm,274,,252.65669122221726,0.3056429499731295,,False,estimate < 1200,,1.0204875297485172,0.2825137237172281,10
Exercise/fitness,10-14,Elbow/forearm,381,,335.6341436913218,0.2878874711331866,,False,estimate < 1200,,1.1520109029800516,0.22613172128178705,10
Exercise/fitness,10-14,Wrist/hand,696,2400.0,466.36820908316804,0.19730285578933401,2400.0,True,passes conservative screen,10.3,1.4679491439300385,0.1421227859709121,10
Exercise/fitness,10-14,Trunk/spine,1261,3900.0,834.1656432583804,0.21123120521833483,3900.0,True,passes conservative screen,17.3,2.18375522154833,0.12654879199959634,10
Exercise/fitness,10-14,Hip/thigh,195,,209.79085135400373,0.35229691628518467,,False,"estimate < 1200; CV bound outside [0, 0.33]",,0.8248346114197034,0.3169840732417082,10
Exercise/fitness,10-14,Knee,837,2900.0,605.5159451821113,0.21037800815417979,2900.0,True,passes conservative screen,12.6,1.8095831939348554,0.14388038066553102,10
Exercise/fitness,10-14,Lower leg,357,,243.2295039452501,0.24078814571222942,,False,estimate < 1200,,0.9547372125675005,0.21629723489321417,10
Exercise/fitness,10-14,Ankle,1135,4200.0,809.6801674605247,0.19165774053823775,4200.0,True,passes conservative screen,18.5,2.1522298020687485,0.11658690466386741,10
Exercise/fitness,10-14,Foot/toes,590,2200.0,441.0007639602528,0.20157670740123515,2200.0,True,passes conservative screen,9.6,1.483905836724989,0.15522283721964492,10
Exercise/fitness,10-14,Multiple/systemic,247,,295.5768796726729,0.3503967904091326,,False,"estimate < 1200; CV bound outside [0, 0.33]",,1.0824393123072027,0.29365776228682233,10
Exercise/fitness,10-14,Internal/systemic,4,,13.995640000000003,1.0,,False,"n < 20; estimate < 1200; CV bound outside [0, 0.33]; proportion CV unassessed or > 0.33",,0.06689284414995725,1.093793070900763,10
Exercise/fitness,10-14,Not stated/other,64,,104.56453236295081,0.6081097148641009,,False,"estimate < 1200; CV bound outside [0, 0.33]; proportion CV unassessed or > 0.33",,0.4560477023637115,0.6069544265379129,10
Exercise/fitness,15-17,Head/face,470,1600.0,357.3113844402826,0.21786408348395592,1600.0,True,passes conservative screen,9.9,1.8403771067720165,0.18645433755817264,10
Exercise/fitness,15-17,Neck,60,,106.99744241441479,0.5036043752048402,,False,"estimate < 1200; CV bound outside [0, 0.33]; proportion CV unassessed or > 0.33",,0.611876903821554,0.4785276545128352,10
Exercise/fitness,15-17,Shoulder/upper arm,245,,210.98346571391238,0.28305078945417733,,False,estimate < 1200,,1.1885556656946574,0.26494904474963765,10
Exercise/fitness,15-17,Elbow/forearm,145,,167.07583557726642,0.3485782295395333,,False,"estimate < 1200; CV bound outside [0, 0.33]; proportion CV unassessed or > 0.33",,0.9534382351362712,0.33052633273022974,10
Exercise/fitness,15-17,Wrist/hand,270,,258.9044190310374,0.2659680599395662,,False,estimate < 1200,,1.4439280081847976,0.24646908101363435,10
Exercise/fitness,15-17,Trunk/spine,1075,3800.0,768.7617998185548,0.2006751126160495,3800.0,True,passes conservative screen,23.1,2.87513617826967,0.12470590628134903,10
Exercise/fitness,15-17,Hip/thigh,151,,186.01790706521624,0.364165748033222,,False,"estimate < 1200; CV bound outside [0, 0.33]; proportion CV unassessed or > 0.33",,1.03016658271676,0.33510328281960466,10
Exercise/fitness,15-17,Knee,594,2200.0,425.1645889129651,0.18966202388400857,2200.0,True,passes conservative screen,13.5,2.039141723106108,0.1511463237481557,10
Exercise/fitness,15-17,Lower leg,278,,256.308665595152,0.2677059743949219,,False,estimate < 1200,,1.423452566780142,0.2470385085207321,10
Exercise/fitness,15-17,Ankle,652,2700.0,546.2804374575458,0.20220284680990738,2700.0,True,passes conservative screen,16.3,2.4753968355631635,0.15224510271460429,10
Exercise/fitness,15-17,Foot/toes,307,,294.7329880379317,0.2557268068518573,,False,estimate < 1200,,1.518420830201058,0.21891047564132124,10
Exercise/fitness,15-17,Multiple/systemic,243,,342.53906457207216,0.35038022001191665,,False,"estimate < 1200; CV bound outside [0, 0.33]",,1.7522632563054426,0.29782126962833777,10
Exercise/fitness,15-17,Internal/systemic,0,,0.0,,,False,CV unassessed; proportion CV unassessed or > 0.33,,0.0,,10
Exercise/fitness,15-17,Not stated/other,54,,103.95118962262745,0.5393205563432681,,False,"estimate < 1200; CV bound outside [0, 0.33]; proportion CV unassessed or > 0.33",,0.6482657320932167,0.5588528344621463,10
Exercise/fitness,18-24,Head/face,923,3900.0,773.5750028715596,0.19896071223311856,3900.0,True,passes conservative screen,8.8,1.1722907660628705,0.1335867819102978,10
Exercise/fitness,18-24,Neck,247,,258.5729356970411,0.26263348575698126,,False,estimate < 1200,,0.5461762179608544,0.2457893504323012,10
Exercise/fitness,18-24,Shoulder/upper arm,780,3000.0,473.9093235269123,0.157703076528131,3000.0,True,passes conservative screen,6.8,0.9503157470504983,0.14011224216414625,10
Exercise/fitness,18-24,Elbow/forearm,259,,262.2914364341691,0.25777254453136034,,False,estimate < 1200,,0.5451289164529886,0.2373640870856691,10
Exercise/fitness,18-24,Wrist/hand,505,1900.0,382.63798909285526,0.20182173294598196,1900.0,True,passes conservative screen,4.3,0.7221735861454108,0.16876589608759637,10
Exercise/fitness,18-24,Trunk/spine,3020,12300.0,1960.3673415122419,0.1596426197839396,12300.0,True,passes conservative screen,27.7,2.0399042714109465,0.07360111930191801,10
Exercise/fitness,18-24,Hip/thigh,377,1500.0,341.4475871178127,0.22229292881151796,1500.0,True,passes conservative screen,3.5,0.6640999064517369,0.19155710428617168,10
Exercise/fitness,18-24,Knee,1212,4900.0,731.6309822759133,0.14786348938674376,4900.0,True,passes conservative screen,11.2,1.2099672787106164,0.10834421637094403,10
Exercise/fitness,18-24,Lower leg,552,2200.0,457.585858266291,0.20698614590510395,2200.0,True,passes conservative screen,5.0,0.8634096218121637,0.17304091881752504,10
Exercise/fitness,18-24,Ankle,1365,5800.0,922.0423947011402,0.15863576287385472,5800.0,True,passes conservative screen,13.1,1.456982234750651,0.11106256830077586,10
Exercise/fitness,18-24,Foot/toes,739,3000.0,575.2063560926533,0.19126929433212406,3000.0,True,passes conservative screen,6.8,1.0513925816973957,0.1548993987543775,10
Exercise/fitness,18-24,Multiple/systemic,725,3200.0,697.8906567877469,0.22113874479319953,3200.0,True,passes conservative screen,7.1,1.2153787379481937,0.1706287993813368,10
Exercise/fitness,18-24,Internal/systemic,3,,14.98336,1.0,,False,"n < 20; estimate < 1200; CV bound outside [0, 0.33]; proportion CV unassessed or > 0.33",,0.036442451760208085,1.077610011893713,10
Exercise/fitness,18-24,Not stated/other,140,,229.71948559807305,0.417716312960616,,False,"estimate < 1200; CV bound outside [0, 0.33]; proportion CV unassessed or > 0.33",,0.511947117819431,0.41245060749573925,10
Exercise/fitness,25-34,Head/face,1049,4300.0,759.5474097707946,0.17568930890971085,4300.0,True,passes conservative screen,7.1,0.9088407515027115,0.12769489340520543,10
Exercise/fitness,25-34,Neck,410,1500.0,321.2417342295761,0.20901390857573574,1500.0,True,passes conservative screen,2.5,0.4584073405717221,0.18117158284830565,10
Exercise/fitness,25-34,Shoulder/upper arm,981,4000.0,575.2920128010286,0.14374154630338248,4000.0,True,passes conservative screen,6.6,0.7590513377154886,0.11520210331530414,10
Exercise/fitness,25-34,Elbow/forearm,367,1400.0,321.0839241053856,0.23458096602515674,1400.0,True,passes conservative screen,2.3,0.4647318898192222,0.20623955997010163,10
Exercise/fitness,25-34,Wrist/hand,686,2900.0,514.1785215802954,0.1799523319819133,2900.0,True,passes conservative screen,4.7,0.6971727801512572,0.1482105983638549,10
Exercise/fitness,25-34,Trunk/spine,4541,18700.0,2504.1289102557807,0.13387647342584796,18700.0,True,passes conservative screen,30.8,1.8796569164884944,0.06104097456923803,10
Exercise/fitness,25-34,Hip/thigh,433,1700.0,374.9935001472858,0.22210911251732451,1700.0,True,passes conservative screen,2.8,0.5206790340897454,0.18733029523658987,10
Exercise/fitness,25-34,Knee,1621,6500.0,846.0276213045096,0.12926270653884803,6500.0,True,passes conservative screen,10.8,0.9439148098065668,0.08760255911085367,10
Exercise/fitness,25-34,Lower leg,948,4000.0,667.720337023891,0.1665967059217856,4000.0,True,passes conservative screen,6.6,0.8275683526740413,0.12542120547981891,10
Exercise/fitness,25-34,Ankle,1563,6600.0,977.527587805302,0.1471611417387453,6600.0,True,passes conservative screen,10.9,1.1627135241070377,0.10632420399435981,10
Exercise/fitness,25-34,Foot/toes,1084,4600.0,687.0002582428847,0.15094313591530148,4600.0,True,passes conservative screen,7.5,0.8756229012078618,0.1168608040463452,10
Exercise/fitness,25-34,Multiple/systemic,822,3800.0,863.471296498232,0.22456564803117413,3800.0,True,passes conservative screen,6.3,1.0833361965118369,0.17114095918209715,10
Exercise/fitness,25-34,Internal/systemic,5,,11.758869999999998,1.0,,False,"n < 20; estimate < 1200; CV bound outside [0, 0.33]; proportion CV unassessed or > 0.33",,0.02038443750845096,1.0530001504064024,10
Exercise/fitness,25-34,Not stated/other,138,,243.93587533093404,0.3710354202310842,,False,"estimate < 1200; CV bound outside [0, 0.33]; proportion CV unassessed or > 0.33",,0.3877654801456709,0.3582647910564547,10
Exercise/fitness,35-44,Head/face,807,3500.0,611.6035992574276,0.17426001671792998,3500.0,True,passes conservative screen,6.9,0.8386170564103975,0.12203928563152627,10
Exercise/fitness,35-44,Neck,324,1400.0,308.513604159989,0.2242868854197758,1400.0,True,passes conservative screen,2.7,0.5357057742380233,0.19891344320303078,10
Exercise/fitness,35-44,Shoulder/upper arm,824,3500.0,544.7199161276328,0.15374943772937744,3500.0,True,passes conservative screen,6.9,0.8631572660885212,0.12443382738331007,10
Exercise/fitness,35-44,Elbow/forearm,283,1200.0,306.1761845209509,0.24625842823776534,1200.0,True,passes conservative screen,2.4,0.5755654257543237,0.23644092042159612,10
Exercise/fitness,35-44,Wrist/hand,480,2100.0,419.6693677134066,0.1989198681401102,2100.0,True,passes conservative screen,4.1,0.7161639806664801,0.1733770516793891,10
Exercise/fitness,35-44,Trunk/spine,3915,16600.0,2245.911821907494,0.13507085897644375,16600.0,True,passes conservative screen,32.6,2.1611652466295936,0.06638426979250893,10
Exercise/fitness,35-44,Hip/thigh,310,1300.0,307.00974741102243,0.23580050771461955,1300.0,True,passes conservative screen,2.5,0.5368255523100514,0.21058818325503165,10
Exercise/fitness,35-44,Knee,1334,5700.0,823.1060620752087,0.14347563626635007,5700.0,True,passes conservative screen,11.2,1.1971613940067922,0.10658186349812503,10
Exercise/fitness,35-44,Lower leg,966,4200.0,674.0095358423958,0.1591558643141297,4200.0,True,passes conservative screen,8.3,1.0473172628697525,0.1263115642032846,10
Exercise/fitness,35-44,Ankle,1092,4900.0,785.8256620579016,0.16002558754865429,4900.0,True,passes conservative screen,9.6,1.246518373325548,0.12964929347112575,10
Exercise/fitness,35-44,Foot/toes,789,3400.0,551.4050971599029,0.1620284903691226,3400.0,True,passes conservative screen,6.7,0.8860737256038089,0.13298379270392494,10
Exercise/fitness,35-44,Multiple/systemic,558,2500.0,573.888809993281,0.2266375751888098,2500.0,True,passes conservative screen,5.0,0.9131041855985846,0.18417587366013805,10
Exercise/fitness,35-44,Internal/systemic,0,,0.0,,,False,CV unassessed; proportion CV unassessed or > 0.33,,0.0,,10
Exercise/fitness,35-44,Not stated/other,128,,231.2469801587697,0.42323988323362804,,False,"estimate < 1200; CV bound outside [0, 0.33]; proportion CV unassessed or > 0.33",,0.44411703088902504,0.4151606568572678,10
Exercise/fitness,45-54,Head/face,830,3400.0,619.7043970345954,0.18371792023036226,3400.0,True,passes conservative screen,7.5,1.140533876827793,0.15231661360531856,10
Exercise/fitness,45-54,Neck,248,,279.2301788468353,0.2585859106124702,,False,estimate < 1200,,0.5501459209424158,0.22950520755455886,10
Exercise/fitness,45-54,Shoulder/upper arm,677,2900.0,474.9470868079682,0.16426750369372184,2900.0,True,passes conservative screen,6.4,0.9521712521019305,0.14835207931669347,10
Exercise/fitness,45-54,Elbow/forearm,277,,271.2367647226768,0.23551304605163914,,False,estimate < 1200,,0.5790194173104801,0.22648095382621747,10
Exercise/fitness,45-54,Wrist/hand,429,1900.0,388.33371450067443,0.20340843151320928,1900.0,True,passes conservative screen,4.2,0.7724293054178645,0.1822614158835523,10
Exercise/fitness,45-54,Trunk/spine,3620,15800.0,2315.590105597904,0.14614901857506632,15800.0,True,passes conservative screen,35.2,2.3659015661959404,0.06726715087063698,10
Exercise/fitness,45-54,Hip/thigh,222,,243.64967524304294,0.25265967331588823,,False,estimate < 1200,,0.4979442378498639,0.23260708992150478,10
Exercise/fitness,45-54,Knee,1177,5300.0,768.0477875525977,0.1445911536448093,5300.0,True,passes conservative screen,11.8,1.309903135252418,0.11108740082187779,10
Exercise/fitness,45-54,Lower leg,809,3500.0,616.5055745127358,0.17381265868902515,3500.0,True,passes conservative screen,7.9,1.0075121379066927,0.12795781787271265,10
Exercise/fitness,45-54,Ankle,711,3200.0,581.8790296560752,0.18038592939417808,3200.0,True,passes conservative screen,7.2,1.1507232996795618,0.16069893648095204,10
Exercise/fitness,45-54,Foot/toes,631,2900.0,506.9261059855865,0.177477129547374,2900.0,True,passes conservative screen,6.3,1.0039111153260147,0.15833070473919825,10
Exercise/fitness,45-54,Multiple/systemic,516,2400.0,642.0032605649549,0.2650398856642544,2400.0,True,passes conservative screen,5.4,1.1555864243716985,0.21490601761996436,10
Exercise/fitness,45-54,Internal/systemic,2,,4.465649999999999,0.9999999999999999,,False,"n < 20; estimate < 1200; CV bound outside [0, 0.33]; proportion CV unassessed or > 0.33",,0.010783387638689955,1.0877840312971623,10
Exercise/fitness,45-54,Not stated/other,122,,177.78022492124677,0.3810217480698593,,False,"estimate < 1200; CV bound outside [0, 0.33]; proportion CV unassessed or > 0.33",,0.39401907303633144,0.38041330870058293,10
Exercise/fitness,55-64,Head/face,1006,4600.0,809.6901751975555,0.17772252820577786,4600.0,True,passes conservative screen,10.3,1.2776425388801353,0.12411925516904429,10
Exercise/fitness,55-64,Neck,164,,225.3093950371552,0.318244873239659,,False,estimate < 1200,,0.47669540320577286,0.2980089197166399,10
Exercise/fitness,55-64,Shoulder/upper arm,656,2900.0,529.5243471045076,0.18294856249654895,2900.0,True,passes conservative screen,6.5,0.9837765340279069,0.1504338989179582,10
Exercise/fitness,55-64,Elbow/forearm,297,1300.0,357.1054753731784,0.26454416703329175,1300.0,True,passes conservative screen,3.0,0.7180159646790049,0.23541924694721247,10
Exercise/fitness,55-64,Wrist/hand,543,2500.0,551.7344602713652,0.2203215798817843,2500.0,True,passes conservative screen,5.7,1.0044313814806163,0.17752249152202818,10
Exercise/fitness,55-64,Trunk/spine,3537,15700.0,2727.8509248162145,0.17397307243396817,15700.0,True,passes conservative screen,35.4,2.694900228747136,0.07606945002567962,10
Exercise/fitness,55-64,Hip/thigh,227,,265.3926916040182,0.2594653027645247,,False,estimate < 1200,,0.5488510059267507,0.23749309080458622,10
Exercise/fitness,55-64,Knee,1058,4600.0,714.7946404355247,0.15617564295501876,4600.0,True,passes conservative screen,10.3,1.261025121366288,0.12194442155690206,10
Exercise/fitness,55-64,Lower leg,636,3100.0,579.0963495093047,0.1873583122575649,3100.0,True,passes conservative screen,7.0,0.9416373547287511,0.1348379066296412,10
Exercise/fitness,55-64,Ankle,523,2400.0,493.33564236010125,0.20378845243320592,2400.0,True,passes conservative screen,5.5,0.9502692162010427,0.17373604187421884,10
Exercise/fitness,55-64,Foot/toes,457,2100.0,423.5391038398757,0.19987415171160514,2100.0,True,passes conservative screen,4.8,0.8419345167831046,0.17585212444573095,10
Exercise/fitness,55-64,Multiple/systemic,565,2700.0,699.7278591971822,0.2636452009040497,2700.0,True,passes conservative screen,6.0,1.2131863243620007,0.20231328203788124,10
Exercise/fitness,55-64,Internal/systemic,1,,2.55462,1.0,,False,"n < 20; estimate < 1200; CV bound outside [0, 0.33]; proportion CV unassessed or > 0.33",,0.0064304055102102865,1.1140847706937749,10
Exercise/fitness,55-64,Not stated/other,158,,259.1583131028677,0.38093516885847317,,False,"estimate < 1200; CV bound outside [0, 0.33]; proportion CV unassessed or > 0.33",,0.5543605426892246,0.36064874143713216,10
Exercise/fitness,65-74,Head/face,1262,6000.0,1045.4756531861756,0.17359001496714108,6000.0,True,passes conservative screen,14.2,1.5847934689464525,0.1116819946217958,10
Exercise/fitness,65-74,Neck,173,,223.52161213956066,0.28012331871397333,,False,estimate < 1200,,0.4841689893124356,0.25752914351289613,10
Exercise/fitness,65-74,Shoulder/upper arm,549,2600.0,515.2713154859468,0.20149692727490393,2600.0,True,passes conservative screen,6.0,1.0440987134349105,0.17329007663730844,10
Exercise/fitness,65-74,Elbow/forearm,268,1400.0,349.7596189165739,0.25161180457215454,1400.0,True,passes conservative screen,3.3,0.6843024051981667,0.20893398316254388,10
Exercise/fitness,65-74,Wrist/hand,468,2300.0,580.0615772595145,0.25298278424234183,2300.0,True,passes conservative screen,5.4,1.1750361377936023,0.2175042583506643,10
Exercise/fitness,65-74,Trunk/spine,3152,14900.0,3346.952102809582,0.22494485702769948,14900.0,True,passes conservative screen,35.1,3.0515384845019202,0.0870452534639368,10
Exercise/fitness,65-74,Hip/thigh,179,,244.36679663361627,0.3134901164952552,,False,estimate < 1200,,0.5589464870175299,0.30433476113937286,10
Exercise/fitness,65-74,Knee,756,3700.0,711.503442196343,0.19028226111986718,3700.0,True,passes conservative screen,8.8,1.2073486439955161,0.13704199383127696,10
Exercise/fitness,65-74,Lower leg,509,2400.0,542.5295226530359,0.22511247984763152,2400.0,True,passes conservative screen,5.7,0.9156481950396181,0.16125177791523645,10
Exercise/fitness,65-74,Ankle,330,1600.0,417.7770944158389,0.2551445839843688,1600.0,True,passes conservative screen,3.9,0.9241276503925467,0.2395374188390245,10
Exercise/fitness,65-74,Foot/toes,273,1300.0,320.92207340355503,0.2464041128517672,1300.0,True,passes conservative screen,3.1,0.6584265327910865,0.21456325971988643,10
Exercise/fitness,65-74,Multiple/systemic,689,3600.0,1102.7850048320033,0.3053163159030175,3600.0,True,passes conservative screen,8.5,1.654651205143128,0.19443090294799734,10
Exercise/fitness,65-74,Internal/systemic,0,,0.0,,,False,CV unassessed; proportion CV unassessed or > 0.33,,0.0,,10
Exercise/fitness,65-74,Not stated/other,220,,411.69619725854756,0.40280552999330943,,False,"estimate < 1200; CV bound outside [0, 0.33]; proportion CV unassessed or > 0.33",,0.9548048233947374,0.3964905537498041,10
Exercise/fitness,75+,Head/face,1560,7300.0,1526.6313444841676,0.2082977798637556,7300.0,True,passes conservative screen,20.6,2.1581208681656605,0.10465709602097807,10
Exercise/fitness,75+,Neck,119,,206.5402750855792,0.36227809064436794,,False,"estimate < 1200; CV bound outside [0, 0.33]; proportion CV unassessed or > 0.33",,0.5355639102209742,0.3338805132695224,10
Exercise/fitness,75+,Shoulder/upper arm,422,2000.0,483.2374968608474,0.23575107394081013,2000.0,True,passes conservative screen,5.8,1.0445056107283779,0.1811116055629082,10
Exercise/fitness,75+,Elbow/forearm,193,,304.9895139806835,0.3159689712574937,,False,estimate < 1200,,0.7277089073456635,0.2679536447770711,10
Exercise/fitness,75+,Wrist/hand,268,1400.0,360.2392326233374,0.26090618088329837,1400.0,True,passes conservative screen,3.9,0.9079509432281431,0.2337212458581851,10
Exercise/fitness,75+,Trunk/spine,2562,12500.0,2960.6101907350026,0.23743541388487596,12500.0,True,passes conservative screen,35.1,2.754809794725576,0.07852326216759704,10
Exercise/fitness,75+,Hip/thigh,155,,249.2384131924146,0.29847274270188195,,False,estimate < 1200,,0.6236363755983396,0.2654383000525928,10
Exercise/fitness,75+,Knee,466,2400.0,531.6599272978954,0.22588706445600926,2400.0,True,passes conservative screen,6.6,1.0106137362091112,0.15261073376989792,10
Exercise/fitness,75+,Lower leg,341,1700.0,435.44606775598476,0.2526143282504834,1700.0,True,passes conservative screen,4.8,0.9399384963123654,0.1938052304417143,10
Exercise/fitness,75+,Ankle,141,,240.42472998575448,0.3319014400304115,,False,"estimate < 1200; CV bound outside [0, 0.33]",,0.6515799172584187,0.3196981621014077,10
Exercise/fitness,75+,Foot/toes,132,,250.23726930078192,0.3700352868234073,,False,"estimate < 1200; CV bound outside [0, 0.33]; proportion CV unassessed or > 0.33",,0.6676377288879504,0.35089280992813265,10
Exercise/fitness,75+,Multiple/systemic,670,,1116.0106139120298,0.337587486254264,,False,"CV bound outside [0, 0.33]",,1.8704960157311945,0.2011023992037381,10
Exercise/fitness,75+,Internal/systemic,1,,1.9702800000000003,1.0000000000000002,,False,"n < 20; estimate < 1200; CV bound outside [0, 0.33]; proportion CV unassessed or > 0.33",,0.006515654160468601,1.1753643809436092,10
Exercise/fitness,75+,Not stated/other,251,,429.40967331437207,0.37111733142882475,,False,"estimate < 1200; CV bound outside [0, 0.33]; proportion CV unassessed or > 0.33",,1.1919644372471747,0.36613830021867333,10
Football,0-4,Head/face,130,,133.97041554314998,0.44424899799944323,,False,"estimate < 1200; CV bound outside [0, 0.33]",,12.919246282243574,0.30810171281019416,10
Football,0-4,Neck,5,,3.3409825537146434,0.8906959124587823,,False,"n < 20; estimate < 1200; CV bound outside [0, 0.33]; proportion CV unassessed or > 0.33",,0.5589561716295143,1.071697925430742,10
Football,0-4,Shoulder/upper arm,31,,37.48577656860486,0.7499598682971885,,False,"estimate < 1200; CV bound outside [0, 0.33]; proportion CV unassessed or > 0.33",,5.668366615790879,0.8155842422313193,10
Football,0-4,Elbow/forearm,37,,51.52397152561756,0.7011439730844822,,False,"estimate < 1200; CV bound outside [0, 0.33]; proportion CV unassessed or > 0.33",,7.047525954689765,0.6897217802860578,10
Football,0-4,Wrist/hand,36,,58.52310608801607,0.6599322205745399,,False,"estimate < 1200; CV bound outside [0, 0.33]; proportion CV unassessed or > 0.33",,8.036889508904638,0.651777471867325,10
Football,0-4,Trunk/spine,14,,30.592419154122403,0.8777015492437245,,False,"n < 20; estimate < 1200; CV bound outside [0, 0.33]; proportion CV unassessed or > 0.33",,4.799077970751178,0.9902166687806093,10
Football,0-4,Hip/thigh,9,,16.81370929203948,0.8776059062760545,,False,"n < 20; estimate < 1200; CV bound outside [0, 0.33]; proportion CV unassessed or > 0.33",,2.724432653421507,1.022707551729487,10
Football,0-4,Knee,13,,36.703803655546174,0.860924317713035,,False,"n < 20; estimate < 1200; CV bound outside [0, 0.33]; proportion CV unassessed or > 0.33",,5.2777346838460035,0.8903091545580599,10
Football,0-4,Lower leg,25,,26.85260931230323,0.7387388164794338,,False,"estimate < 1200; CV bound outside [0, 0.33]; proportion CV unassessed or > 0.33",,3.914968491094098,0.7745903461534297,10
Football,0-4,Ankle,13,,9.079448168002909,0.8094248604818786,,False,"n < 20; estimate < 1200; CV bound outside [0, 0.33]; proportion CV unassessed or > 0.33",,1.4389215232421628,0.9225577828111501,10
Football,0-4,Foot/toes,16,,39.55760711732624,0.8438637542076011,,False,"n < 20; estimate < 1200; CV bound outside [0, 0.33]; proportion CV unassessed or > 0.33",,5.617415581034467,0.8618233527916561,10
Football,0-4,Multiple/systemic,3,,8.389719999999997,0.9999999999999994,,False,"n < 20; estimate < 1200; CV bound outside [0, 0.33]; proportion CV unassessed or > 0.33",,1.4225944596522029,1.2194753581124602,10
Football,0-4,Internal/systemic,1,,0.4851,1.0,,False,"n < 20; estimate < 1200; CV bound outside [0, 0.33]; proportion CV unassessed or > 0.33",,0.08689919631189048,1.2883203536634615,10
Football,0-4,Not stated/other,1,,1.7513599999999996,0.9999999999999998,,False,"n < 20; estimate < 1200; CV bound outside [0, 0.33]; proportion CV unassessed or > 0.33",,0.30541672069742853,1.2541710337709135,10
Football,5-9,Head/face,2938,6800.0,1158.6421373251867,0.16918863371074397,6800.0,True,passes conservative screen,28.9,2.2019872531474736,0.07613340070868628,10
Football,5-9,Neck,222,,184.77969700412194,0.32666549069040174,,False,estimate < 1200,,0.7132834511128928,0.29857244124500093,10
Football,5-9,Shoulder/upper arm,614,1700.0,392.62138012742514,0.23516755301463754,1700.0,True,passes conservative screen,7.1,1.159199241833883,0.1643993542901338,10
Football,5-9,Elbow/forearm,1075,2400.0,494.29118002760623,0.2035224036512901,2400.0,True,passes conservative screen,10.3,1.48393942143792,0.1446718710703321,10
Football,5-9,Wrist/hand,2115,5600.0,963.4187869317608,0.17127587328494254,5600.0,True,passes conservative screen,23.8,2.217233620564822,0.09333211318358015,10
Football,5-9,Trunk/spine,581,1400.0,362.1235038691406,0.2531976832825915,1400.0,True,passes conservative screen,6.0,1.1435643368042743,0.189322478273328,10
Football,5-9,Hip/thigh,198,,166.44292788452293,0.35886888923111265,,False,"estimate < 1200; CV bound outside [0, 0.33]; proportion CV unassessed or > 0.33",,0.6588389426471134,0.33634756604268035,10
Football,5-9,Knee,581,1400.0,322.16233571261404,0.2338373824877786,1400.0,True,passes conservative screen,5.8,1.048986781329778,0.18028008549320743,10
Football,5-9,Lower leg,322,,232.77213281272066,0.32826165170143257,,False,estimate < 1200,,0.8673029836541581,0.2896000076799943,10
Football,5-9,Ankle,556,1400.0,326.3907621214807,0.24028786750708603,1400.0,True,passes conservative screen,5.7,1.137441661697933,0.19827213371071908,10
Football,5-9,Foot/toes,363,,245.30845639508394,0.2851012792843532,,False,estimate < 1200,,0.9119263969830075,0.2509487273940085,10
Football,5-9,Multiple/systemic,71,,131.72039705398794,0.5308497538277849,,False,"estimate < 1200; CV bound outside [0, 0.33]; proportion CV unassessed or > 0.33",,0.4935542857142189,0.470968738216424,10
Football,5-9,Internal/systemic,1,,0.48516000000000004,1.0,,False,"n < 20; estimate < 1200; CV bound outside [0, 0.33]; proportion CV unassessed or > 0.33",,0.0023305443164596297,1.1373940248486458,10
Football,5-9,Not stated/other,37,,63.69794461411508,0.689413477592961,,False,"estimate < 1200; CV bound outside [0, 0.33]; proportion CV unassessed or > 0.33",,0.2670302076332049,0.6843106641877524,10
Football,10-14,Head/face,9095,25000.0,3069.3148157710434,0.12280128824643298,25000.0,True,passes conservative screen,20.6,1.282216262621816,0.0622173289579013,10
Football,10-14,Neck,956,2600.0,494.3858815416702,0.19175586780371298,2600.0,True,passes conservative screen,2.1,0.35276889718679094,0.16594397336398445,10
Football,10-14,Shoulder/upper arm,3725,11000.0,1535.592478754882,0.13945768594053606,11000.0,True,passes conservative screen,9.1,0.6600827993502603,0.0727031936868983,10
Football,10-14,Elbow/forearm,4015,9700.0,1511.9032111800284,0.1552056228154286,9700.0,True,passes conservative screen,8.0,0.6628516478109072,0.08252554410330526,10
Football,10-14,Wrist/hand,10904,32900.0,4048.6227193655104,0.1229822385700137,32900.0,True,passes conservative screen,27.1,1.2286289768118206,0.045263114567565335,10
Football,10-14,Trunk/spine,3107,9100.0,1306.751098852231,0.14379398136618315,9100.0,True,passes conservative screen,7.5,0.580798504598361,0.07751074636824287,10
Football,10-14,Hip/thigh,735,1800.0,380.5181139722466,0.21725696893763574,1800.0,True,passes conservative screen,1.4,0.2506108139296583,0.17353488101067865,10
Football,10-14,Knee,3728,10900.0,1686.0742379168848,0.15496453332035606,10900.0,True,passes conservative screen,9.0,0.7097109273770797,0.07910896576231892,10
Football,10-14,Lower leg,1696,4000.0,716.4256897266941,0.1788800117647827,4000.0,True,passes conservative screen,3.3,0.4162585248264304,0.12604986932420753,10
Football,10-14,Ankle,3081,8900.0,1285.7369506059786,0.14400268198670257,8900.0,True,passes conservative screen,7.4,0.6210854343822307,0.08436423922826522,10
Football,10-14,Foot/toes,1607,4300.0,735.1818207689632,0.1693303924476435,4300.0,True,passes conservative screen,3.6,0.4324112299717359,0.12078853514554411,10
Football,10-14,Multiple/systemic,224,,246.91440826592574,0.31841636687121944,,False,estimate < 1200,,0.1845656618364966,0.288661223866677,10
Football,10-14,Internal/systemic,5,,21.802404536468124,0.7884829285680026,,False,"n < 20; estimate < 1200; CV bound outside [0, 0.33]; proportion CV unassessed or > 0.33",,0.02008568110401244,0.8809739347219971,10
Football,10-14,Not stated/other,80,,125.20380313020584,0.5289880808925205,,False,"estimate < 1200; CV bound outside [0, 0.33]; proportion CV unassessed or > 0.33",,0.10436660694982172,0.5347841470984109,10
Football,15-17,Head/face,4931,16900.0,2091.8620141723736,0.12387033244177703,16900.0,True,passes conservative screen,20.4,1.3152400899101584,0.06441287427243293,10
Football,15-17,Neck,504,1700.0,366.49733849378026,0.21405704825521055,1700.0,True,passes conservative screen,2.1,0.4010056655657319,0.1937057832669201,10
Football,15-17,Shoulder/upper arm,3016,10300.0,1456.3553827079393,0.14100353014546008,10300.0,True,passes conservative screen,12.5,0.9535530392602779,0.07635559161730605,10
Football,15-17,Elbow/forearm,1327,4100.0,693.5199154516465,0.16842378150778986,4100.0,True,passes conservative screen,5.0,0.586848254057368,0.11787010360182201,10
Football,15-17,Wrist/hand,4739,16200.0,1983.6163264628024,0.12269011018994738,16200.0,True,passes conservative screen,19.5,1.1927624187556944,0.06101536318995869,10
Football,15-17,Trunk/spine,2180,7500.0,1095.1080267897937,0.14586725132740572,7500.0,True,passes conservative screen,9.1,0.8354297901655363,0.09203312439611488,10
Football,15-17,Hip/thigh,454,1400.0,295.8709637764429,0.21896706067073918,1400.0,True,passes conservative screen,1.6,0.3388332212534727,0.2073938138795732,10
Football,15-17,Knee,2746,9200.0,1191.191507698963,0.1292565792172539,9200.0,True,passes conservative screen,11.1,0.8597227984554794,0.07715478840896468,10
Football,15-17,Lower leg,1027,3300.0,615.3863423833027,0.1888279638559247,3300.0,True,passes conservative screen,3.9,0.5372597061556328,0.13634402111046212,10
Football,15-17,Ankle,2386,8400.0,1110.0703190298238,0.1329202262404917,8400.0,True,passes conservative screen,10.1,0.9178162399690801,0.09089284354954004,10
Football,15-17,Foot/toes,747,2300.0,450.6581854204872,0.1988131686688539,2300.0,True,passes conservative screen,2.7,0.43230112182764774,0.15773120361006646,10
Football,15-17,Multiple/systemic,281,,450.30307912400986,0.3493550046290656,,False,"CV bound outside [0, 0.33]",,0.45964524127152734,0.29492948466877594,10
Football,15-17,Internal/systemic,4,,3.334489999999998,0.9999999999999996,,False,"n < 20; estimate < 1200; CV bound outside [0, 0.33]; proportion CV unassessed or > 0.33",,0.004302486529489877,1.0671450919860073,10
Football,15-17,Not stated/other,66,,127.07556328257677,0.5127475073906804,,False,"estimate < 1200; CV bound outside [0, 0.33]; proportion CV unassessed or > 0.33",,0.15291301531350504,0.5102926793808579,10
Football,18-24,Head/face,1257,5100.0,866.0677124363805,0.16975586705358947,5100.0,True,passes conservative screen,18.5,1.8241680238243587,0.09882215316190121,10
Football,18-24,Neck,110,,160.1840474106943,0.39852260127001127,,False,"estimate < 1200; CV bound outside [0, 0.33]; proportion CV unassessed or > 0.33",,0.5757554052318172,0.3959025015193741,10
Football,18-24,Shoulder/upper arm,922,3900.0,669.1304210616815,0.17098267549255963,3900.0,True,passes conservative screen,14.2,1.6197073477466941,0.11439167373473214,10
Football,18-24,Elbow/forearm,208,,271.38258773373025,0.2928973414468982,,False,estimate < 1200,,0.8739988364880552,0.26071188722446753,10
Football,18-24,Wrist/hand,1322,5400.0,922.6866056466997,0.17170365397261872,5400.0,True,passes conservative screen,19.4,2.1128075731175135,0.10866803015100546,10
Football,18-24,Trunk/spine,587,2300.0,449.05259858610026,0.19531817012526084,2300.0,True,passes conservative screen,8.3,1.4107835981035892,0.16959863920405097,10
Football,18-24,Hip/thigh,139,,202.64173689069804,0.34549035023186997,,False,"estimate < 1200; CV bound outside [0, 0.33]",,0.6826532246103401,0.3216797310779967,10
Football,18-24,Knee,894,3500.0,587.8804710067117,0.16625076840700043,3500.0,True,passes conservative screen,12.8,1.6512048185054367,0.12906013159928914,10
Football,18-24,Lower leg,266,,257.58519150205456,0.2467110421223888,,False,estimate < 1200,,0.905202357740025,0.23962377229697018,10
Football,18-24,Ankle,707,2900.0,500.91390099086385,0.1725109495146799,2900.0,True,passes conservative screen,10.5,1.4600615404448207,0.13897646837432562,10
Football,18-24,Foot/toes,244,,263.7083746236995,0.27328731359505715,,False,estimate < 1200,,0.9238421096201969,0.26461218078885684,10
Football,18-24,Multiple/systemic,116,,230.45868990322106,0.46969717547104767,,False,"estimate < 1200; CV bound outside [0, 0.33]; proportion CV unassessed or > 0.33",,0.7741082050036261,0.4360567956274541,10
Football,18-24,Internal/systemic,1,,1.6216000000000008,1.0000000000000004,,False,"n < 20; estimate < 1200; CV bound outside [0, 0.33]; proportion CV unassessed or > 0.33",,0.006529196852935701,1.112839558899303,10
Football,18-24,Not stated/other,19,,64.82490519319302,0.6863066789377283,,False,"n < 20; estimate < 1200; CV bound outside [0, 0.33]; proportion CV unassessed or > 0.33",,0.24121289864461512,0.7058190750170624,10
Football,25-34,Head/face,428,1700.0,318.31721900234237,0.18971093074939988,1700.0,True,passes conservative screen,12.1,1.9126567573321775,0.15818859830818796,10
Football,25-34,Neck,52,,108.01769540348869,0.5247083058622549,,False,"estimate < 1200; CV bound outside [0, 0.33]; proportion CV unassessed or > 0.33",,0.7613137306351253,0.5132070457342321,10
Football,25-34,Shoulder/upper arm,464,1800.0,326.2998073180769,0.17652003221596732,1800.0,True,passes conservative screen,13.3,1.984978017153337,0.14901802322409125,10
Football,25-34,Elbow/forearm,120,,156.14618153008252,0.35835592043721665,,False,"estimate < 1200; CV bound outside [0, 0.33]; proportion CV unassessed or > 0.33",,1.070864157847536,0.341054288098454,10
Football,25-34,Wrist/hand,691,2800.0,456.4140161743229,0.16055457257668834,2800.0,True,passes conservative screen,20.5,2.5117577943738714,0.12261606661847112,10
Football,25-34,Trunk/spine,393,1500.0,317.3630915803495,0.20900914939594106,1500.0,True,passes conservative screen,10.9,1.9069442839252975,0.17428210620296475,10
Football,25-34,Hip/thigh,71,,109.92658901269446,0.419513621631525,,False,"estimate < 1200; CV bound outside [0, 0.33]; proportion CV unassessed or > 0.33",,0.7704639473247632,0.4080388848921773,10
Football,25-34,Knee,529,2000.0,384.1818423034707,0.18799720033564454,2000.0,True,passes conservative screen,14.7,2.183148974046936,0.14825311763347868,10
Football,25-34,Lower leg,195,,201.1647529261474,0.2710124210455807,,False,estimate < 1200,,1.3704467706746892,0.25621549774624175,10
Football,25-34,Ankle,366,1500.0,324.6455534241007,0.21130552808093386,1500.0,True,passes conservative screen,11.1,2.037723709016188,0.18405711675337796,10
Football,25-34,Foot/toes,162,,198.87778555624593,0.3032553370609685,,False,estimate < 1200,,1.3512775715557916,0.28593851774311,10
Football,25-34,Multiple/systemic,21,,56.92145143505295,0.6812908844605001,,False,"estimate < 1200; CV bound outside [0, 0.33]; proportion CV unassessed or > 0.33",,0.41682846273971996,0.6923407515183887,10
Football,25-34,Internal/systemic,0,,0.0,,,False,CV unassessed; proportion CV unassessed or > 0.33,,0.0,,10
Football,25-34,Not stated/other,8,,23.07018038794119,0.9389125706240765,,False,"n < 20; estimate < 1200; CV bound outside [0, 0.33]; proportion CV unassessed or > 0.33",,0.1748616815173282,0.9875855560687034,10
Football,35-44,Head/face,144,,170.79258815797752,0.30142071529282805,,False,estimate < 1200,,2.69460444537677,0.27791151595052654,10
Football,35-44,Neck,16,,54.428516373226344,0.7756246902080283,,False,"n < 20; estimate < 1200; CV bound outside [0, 0.33]; proportion CV unassessed or > 0.33",,0.9580138623583981,0.7978189862719686,10
Football,35-44,Shoulder/upper arm,186,,219.78262412890527,0.2803987955178438,,False,estimate < 1200,,3.4100042534161497,0.25424074648910056,10
Football,35-44,Elbow/forearm,36,,91.38673658647961,0.5920399916045072,,False,"estimate < 1200; CV bound outside [0, 0.33]; proportion CV unassessed or > 0.33",,1.521242170064164,0.5759352704845128,10
Football,35-44,Wrist/hand,312,1300.0,290.7661843110559,0.2180534864999677,1300.0,True,passes conservative screen,22.8,3.9385057187733623,0.1726068643995408,10
Football,35-44,Trunk/spine,183,,218.1157747098817,0.28034641615802663,,False,estimate < 1200,,3.257018961504827,0.24464461711522847,10
Football,35-44,Hip/thigh,23,,69.30551274529361,0.6767233566528197,,False,"estimate < 1200; CV bound outside [0, 0.33]; proportion CV unassessed or > 0.33",,1.1711771501929233,0.668303015648815,10
Football,35-44,Knee,163,,209.11804835122226,0.29517641267654254,,False,estimate < 1200,,3.1847899706195393,0.2627110711675022,10
Football,35-44,Lower leg,100,,168.76776090220687,0.36940149073264683,,False,"estimate < 1200; CV bound outside [0, 0.33]; proportion CV unassessed or > 0.33",,2.7416551868663794,0.35069488664297066,10
Football,35-44,Ankle,121,,182.0570867720828,0.35071627861242743,,False,"estimate < 1200; CV bound outside [0, 0.33]",,2.843459747609942,0.32011267087402606,10
Football,35-44,Foot/toes,61,,141.45894975543973,0.47968453354635826,,False,"estimate < 1200; CV bound outside [0, 0.33]; proportion CV unassessed or > 0.33",,2.330319587926407,0.461793926790049,10
Football,35-44,Multiple/systemic,14,,54.89299664727319,0.7720024747632427,,False,"n < 20; estimate < 1200; CV bound outside [0, 0.33]; proportion CV unassessed or > 0.33",,0.9734928627374837,0.8000957609277455,10
Football,35-44,Internal/systemic,0,,0.0,,,False,CV unassessed; proportion CV unassessed or > 0.33,,0.0,,10
Football,35-44,Not stated/other,3,,4.6602000000000015,1.0000000000000002,,False,"n < 20; estimate < 1200; CV bound outside [0, 0.33]; proportion CV unassessed or > 0.33",,0.08700037274697926,1.0909981213885493,10
Football,45-54,Head/face,63,,124.84327831099684,0.4778882880518771,,False,"estimate < 1200; CV bound outside [0, 0.33]; proportion CV unassessed or > 0.33",,5.218382001184658,0.44390630193939207,10
Football,45-54,Neck,11,,44.07516568521466,0.8126060243649003,,False,"n < 20; estimate < 1200; CV bound outside [0, 0.33]; proportion CV unassessed or > 0.33",,2.0494664979169417,0.8396941507026143,10
Football,45-54,Shoulder/upper arm,70,,139.4091861664024,0.42412356310656063,,False,"estimate < 1200; CV bound outside [0, 0.33]; proportion CV unassessed or > 0.33",,5.879538946389285,0.39750125232739203,10
Football,45-54,Elbow/forearm,9,,37.08783577939972,0.813914643909663,,False,"n < 20; estimate < 1200; CV bound outside [0, 0.33]; proportion CV unassessed or > 0.33",,1.8116180844026923,0.8835034277204664,10
Football,45-54,Wrist/hand,98,,160.84292228062355,0.3520861222396192,,False,"estimate < 1200; CV bound outside [0, 0.33]",,6.334254933022088,0.3081319348444835,10
Football,45-54,Trunk/spine,89,,144.3277095320376,0.3498008699911766,,False,"estimate < 1200; CV bound outside [0, 0.33]; proportion CV unassessed or > 0.33",,6.31377555467121,0.34005919739648816,10
Football,45-54,Hip/thigh,13,,47.70952623671887,0.7805266281768637,,False,"n < 20; estimate < 1200; CV bound outside [0, 0.33]; proportion CV unassessed or > 0.33",,2.27649209279262,0.8276428860001941,10
Football,45-54,Knee,53,,119.1867144361355,0.5594593144711105,,False,"estimate < 1200; CV bound outside [0, 0.33]; proportion CV unassessed or > 0.33",,5.133965420290725,0.5355349517809229,10
Football,45-54,Lower leg,39,,104.38123952823533,0.573470137840714,,False,"estimate < 1200; CV bound outside [0, 0.33]; proportion CV unassessed or > 0.33",,4.516132766704298,0.5513778040780235,10
Football,45-54,Ankle,30,,82.43736793678113,0.6455943392066057,,False,"estimate < 1200; CV bound outside [0, 0.33]; proportion CV unassessed or > 0.33",,3.6915137737326145,0.642442568970285,10
Football,45-54,Foot/toes,18,,36.900043764473615,0.6939931068035996,,False,"n < 20; estimate < 1200; CV bound outside [0, 0.33]; proportion CV unassessed or > 0.33",,1.7222134034292882,0.7197960528119232,10
Football,45-54,Multiple/systemic,5,,22.12829021653886,0.9504883265834224,,False,"n < 20; estimate < 1200; CV bound outside [0, 0.33]; proportion CV unassessed or > 0.33",,1.0942256902966392,1.0444798260937225,10
Football,45-54,Internal/systemic,0,,0.0,,,False,CV unassessed; proportion CV unassessed or > 0.33,,0.0,,10
Football,45-54,Not stated/other,1,,2.7587000000000006,1.0000000000000002,,False,"n < 20; estimate < 1200; CV bound outside [0, 0.33]; proportion CV unassessed or > 0.33",,0.14232642257125647,1.1465032199930312,10
Football,55-64,Head/face,31,,85.61560951672783,0.6752089435366234,,False,"estimate < 1200; CV bound outside [0, 0.33]; proportion CV unassessed or > 0.33",,7.591919588516176,0.6333958865779991,10
Football,55-64,Neck,4,,13.14598238600831,0.8865743349003166,,False,"n < 20; estimate < 1200; CV bound outside [0, 0.33]; proportion CV unassessed or > 0.33",,1.5022801393463516,1.0717942936503204,10
Football,55-64,Shoulder/upper arm,32,,81.92326332966216,0.6258743772993753,,False,"estimate < 1200; CV bound outside [0, 0.33]; proportion CV unassessed or > 0.33",,7.606753519385324,0.614777095222549,10
Football,55-64,Elbow/forearm,10,,40.8106532412765,0.8329168796807762,,False,"n < 20; estimate < 1200; CV bound outside [0, 0.33]; proportion CV unassessed or > 0.33",,4.1159914425693875,0.8886709549621089,10
Football,55-64,Wrist/hand,42,,115.88038590356685,0.5579955195033512,,False,"estimate < 1200; CV bound outside [0, 0.33]; proportion CV unassessed or > 0.33",,9.789716567870482,0.49868844229089765,10
Football,55-64,Trunk/spine,52,,104.24678324450777,0.5225900373695127,,False,"estimate < 1200; CV bound outside [0, 0.33]; proportion CV unassessed or > 0.33",,9.164163179310886,0.48599262955389655,10
Football,55-64,Hip/thigh,4,,21.93165539655842,0.8433001112994617,,False,"n < 20; estimate < 1200; CV bound outside [0, 0.33]; proportion CV unassessed or > 0.33",,2.471025172501168,1.005139452537717,10
Football,55-64,Knee,29,,90.77053841127808,0.5573377429574933,,False,"estimate < 1200; CV bound outside [0, 0.33]; proportion CV unassessed or > 0.33",,8.078553162591339,0.5247416494972432,10
Football,55-64,Lower leg,6,,20.971897896658398,0.9566254065590374,,False,"n < 20; estimate < 1200; CV bound outside [0, 0.33]; proportion CV unassessed or > 0.33",,2.216287716384809,1.069470283084562,10
Football,55-64,Ankle,17,,50.17848196127136,0.7652288574926507,,False,"n < 20; estimate < 1200; CV bound outside [0, 0.33]; proportion CV unassessed or > 0.33",,4.880371986757367,0.7873451420394131,10
Football,55-64,Foot/toes,6,,18.28885566473611,0.9281049521854515,,False,"n < 20; estimate < 1200; CV bound outside [0, 0.33]; proportion CV unassessed or > 0.33",,1.9361618848213746,1.039418948543644,10
Football,55-64,Multiple/systemic,9,,27.226670000000002,1.0,,False,"n < 20; estimate < 1200; CV bound outside [0, 0.33]; proportion CV unassessed or > 0.33",,2.8054543180097,1.0900516576204986,10
Football,55-64,Internal/systemic,0,,0.0,,,False,CV unassessed; proportion CV unassessed or > 0.33,,0.0,,10
Football,55-64,Not stated/other,3,,5.913689999999999,0.9999999999999999,,False,"n < 20; estimate < 1200; CV bound outside [0, 0.33]; proportion CV unassessed or > 0.33",,0.6611132760454094,1.1826486205475295,10
Football,65-74,Head/face,23,,72.76540361795246,0.6601362869542722,,False,"estimate < 1200; CV bound outside [0, 0.33]; proportion CV unassessed or > 0.33",,11.800859357889129,0.55599882123437,10
Football,65-74,Neck,2,,7.250249999999999,1.0,,False,"n < 20; estimate < 1200; CV bound outside [0, 0.33]; proportion CV unassessed or > 0.33",,1.8460050056862083,1.3223044675864613,10
Football,65-74,Shoulder/upper arm,9,,42.26299090509457,0.9281168972321534,,False,"n < 20; estimate < 1200; CV bound outside [0, 0.33]; proportion CV unassessed or > 0.33",,8.850964058357077,1.009449509234349,10
Football,65-74,Elbow/forearm,7,,36.991998468965065,0.7725942574424243,,False,"n < 20; estimate < 1200; CV bound outside [0, 0.33]; proportion CV unassessed or > 0.33",,8.186484260479803,0.8879585338505734,10
Football,65-74,Wrist/hand,16,,66.07647287702848,0.72630935435949,,False,"n < 20; estimate < 1200; CV bound outside [0, 0.33]; proportion CV unassessed or > 0.33",,12.40407551069921,0.7080937471350475,10
Football,65-74,Trunk/spine,16,,60.794334906429086,0.6908778455788345,,False,"n < 20; estimate < 1200; CV bound outside [0, 0.33]; proportion CV unassessed or > 0.33",,12.557087467721544,0.7411031292393244,10
Football,65-74,Hip/thigh,3,,16.636319999999998,0.9999999999999998,,False,"n < 20; estimate < 1200; CV bound outside [0, 0.33]; proportion CV unassessed or > 0.33",,4.091151807295158,1.2771441026165844,10
Football,65-74,Knee,11,,38.142219888514305,0.8849986354206771,,False,"n < 20; estimate < 1200; CV bound outside [0, 0.33]; proportion CV unassessed or > 0.33",,8.289543499729236,0.9988926633054473,10
Football,65-74,Lower leg,3,,13.525630000000001,1.0,,False,"n < 20; estimate < 1200; CV bound outside [0, 0.33]; proportion CV unassessed or > 0.33",,3.1905506067516907,1.2250666226846938,10
Football,65-74,Ankle,5,,27.164589999999997,1.0,,False,"n < 20; estimate < 1200; CV bound outside [0, 0.33]; proportion CV unassessed or > 0.33",,5.575136941964446,1.065869310527768,10
Football,65-74,Foot/toes,6,,26.00580827805722,0.9508748207199519,,False,"n < 20; estimate < 1200; CV bound outside [0, 0.33]; proportion CV unassessed or > 0.33",,5.814413044345525,1.1041051706864236,10
Football,65-74,Multiple/systemic,0,,0.0,,,False,CV unassessed; proportion CV unassessed or > 0.33,,0.0,,10
Football,65-74,Internal/systemic,0,,0.0,,,False,CV unassessed; proportion CV unassessed or > 0.33,,0.0,,10
Football,65-74,Not stated/other,1,,1.699189999999999,0.9999999999999993,,False,"n < 20; estimate < 1200; CV bound outside [0, 0.33]; proportion CV unassessed or > 0.33",,0.45208367930466026,1.3817467705789181,10
Football,75+,Head/face,11,,48.47082410664181,0.8374217335258053,,False,"n < 20; estimate < 1200; CV bound outside [0, 0.33]; proportion CV unassessed or > 0.33",,23.884059331026243,0.6999757993270657,10
Football,75+,Neck,2,,18.921760000000006,1.0000000000000002,,False,"n < 20; estimate < 1200; CV bound outside [0, 0.33]; proportion CV unassessed or > 0.33",,14.808486145424506,1.327578447608952,10
Football,75+,Shoulder/upper arm,2,,3.2781600000000006,1.0000000000000002,,False,"n < 20; estimate < 1200; CV bound outside [0, 0.33]; proportion CV unassessed or > 0.33",,2.77304610205161,1.434954077538099,10
Football,75+,Elbow/forearm,1,,1.65988,1.0,,False,"n < 20; estimate < 1200; CV bound outside [0, 0.33]; proportion CV unassessed or > 0.33",,1.4708983508797442,1.503200904922777,10
Football,75+,Wrist/hand,6,,36.37740834988175,0.9368167221049064,,False,"n < 20; estimate < 1200; CV bound outside [0, 0.33]; proportion CV unassessed or > 0.33",,20.846897104096332,0.9107000521982542,10
Football,75+,Trunk/spine,4,,20.689651004323913,0.9133306142339798,,False,"n < 20; estimate < 1200; CV bound outside [0, 0.33]; proportion CV unassessed or > 0.33",,15.569513429169257,1.165899054734999,10
Football,75+,Hip/thigh,1,,2.55462,1.0,,False,"n < 20; estimate < 1200; CV bound outside [0, 0.33]; proportion CV unassessed or > 0.33",,2.1891857735987506,1.4536751583597307,10
Football,75+,Knee,1,,1.6991900000000002,1.0,,False,"n < 20; estimate < 1200; CV bound outside [0, 0.33]; proportion CV unassessed or > 0.33",,1.5178082664836139,1.5152560611510748,10
Football,75+,Lower leg,1,,5.62517,1.0,,False,"n < 20; estimate < 1200; CV bound outside [0, 0.33]; proportion CV unassessed or > 0.33",,5.030993354165475,1.517152200422905,10
Football,75+,Ankle,1,,2.55462,1.0,,False,"n < 20; estimate < 1200; CV bound outside [0, 0.33]; proportion CV unassessed or > 0.33",,2.1891857735987506,1.4536751583597307,10
Football,75+,Foot/toes,2,,4.380300000000001,1.0000000000000002,,False,"n < 20; estimate < 1200; CV bound outside [0, 0.33]; proportion CV unassessed or > 0.33",,3.8149403064405374,1.477389304809519,10
Football,75+,Multiple/systemic,2,,9.594719999999999,1.0,,False,"n < 20; estimate < 1200; CV bound outside [0, 0.33]; proportion CV unassessed or > 0.33",,7.931849587998979,1.4023396848255245,10
Football,75+,Internal/systemic,0,,0.0,,,False,CV unassessed; proportion CV unassessed or > 0.33,,0.0,,10
Football,75+,Not stated/other,0,,0.0,,,False,CV unassessed; proportion CV unassessed or > 0.33,,0.0,,10
Soccer,0-4,Head/face,321,,221.0257319941786,0.31446486195878215,,False,estimate < 1200,,9.674551858860559,0.21852901037396918,10
Soccer,0-4,Neck,10,,14.85122462679887,0.8763051076290596,,False,"n < 20; estimate < 1200; CV bound outside [0, 0.33]; proportion CV unassessed or > 0.33",,1.0783053916126117,1.0101452074218344,10
Soccer,0-4,Shoulder/upper arm,39,,72.28800208038693,0.7032865284499078,,False,"estimate < 1200; CV bound outside [0, 0.33]; proportion CV unassessed or > 0.33",,4.273094139456441,0.6600206027356018,10
Soccer,0-4,Elbow/forearm,102,,73.1408384850929,0.4747989332342778,,False,"estimate < 1200; CV bound outside [0, 0.33]; proportion CV unassessed or > 0.33",,4.656998025778247,0.4799597389154341,10
Soccer,0-4,Wrist/hand,52,,49.150709545145574,0.5587468602363571,,False,"estimate < 1200; CV bound outside [0, 0.33]; proportion CV unassessed or > 0.33",,3.38111829130313,0.6102315027531355,10
Soccer,0-4,Trunk/spine,34,,44.55537348978873,0.6301975977839624,,False,"estimate < 1200; CV bound outside [0, 0.33]; proportion CV unassessed or > 0.33",,3.043331557476518,0.6833998499068745,10
Soccer,0-4,Hip/thigh,42,,46.73542641990749,0.655790661069227,,False,"estimate < 1200; CV bound outside [0, 0.33]; proportion CV unassessed or > 0.33",,2.9992648502846344,0.6681635664886986,10
Soccer,0-4,Knee,30,,42.26616142626069,0.6719843323961586,,False,"estimate < 1200; CV bound outside [0, 0.33]; proportion CV unassessed or > 0.33",,2.56218266142745,0.6467335377558066,10
Soccer,0-4,Lower leg,74,,59.26169453464003,0.5081870532342876,,False,"estimate < 1200; CV bound outside [0, 0.33]; proportion CV unassessed or > 0.33",,3.922656987230935,0.5340461877298902,10
Soccer,0-4,Ankle,31,,79.91149579824534,0.7997440366416758,,False,"estimate < 1200; CV bound outside [0, 0.33]; proportion CV unassessed or > 0.33",,4.929758774839675,0.7832788032566661,10
Soccer,0-4,Foot/toes,39,,56.23175275093752,0.6872626295505594,,False,"estimate < 1200; CV bound outside [0, 0.33]; proportion CV unassessed or > 0.33",,3.490095198718575,0.6772161973968154,10
Soccer,0-4,Multiple/systemic,5,,4.879790000000001,1.0000000000000002,,False,"n < 20; estimate < 1200; CV bound outside [0, 0.33]; proportion CV unassessed or > 0.33",,0.3460888265914254,1.1259922479252416,10
Soccer,0-4,Internal/systemic,1,,0.6580099999999999,0.9999999999999999,,False,"n < 20; estimate < 1200; CV bound outside [0, 0.33]; proportion CV unassessed or > 0.33",,0.05117605161834329,1.2347619467905628,10
Soccer,0-4,Not stated/other,6,,11.24938096065257,0.7886913635753572,,False,"n < 20; estimate < 1200; CV bound outside [0, 0.33]; proportion CV unassessed or > 0.33",,0.8528882899236941,0.9493351629324052,10
Soccer,5-9,Head/face,1965,4700.0,908.6007227214707,0.19167450220582258,4700.0,True,passes conservative screen,22.8,2.5104024298004273,0.10997048016991956,10
Soccer,5-9,Neck,108,,99.12080105499699,0.4381921371892677,,False,"estimate < 1200; CV bound outside [0, 0.33]; proportion CV unassessed or > 0.33",,0.4360233858877579,0.4002681822491319,10
Soccer,5-9,Shoulder/upper arm,425,,307.3979365911748,0.3025601867916915,,False,estimate < 1200,,0.9857232920064505,0.20146859560319808,10
Soccer,5-9,Elbow/forearm,1147,2500.0,669.1901409514819,0.2638410507221241,2500.0,True,passes conservative screen,12.2,1.6422907690309425,0.13445730256227906,10
Soccer,5-9,Wrist/hand,1626,4500.0,982.1323722706726,0.22054786750382402,4500.0,True,passes conservative screen,21.4,2.0818519383372616,0.09707875199275805,10
Soccer,5-9,Trunk/spine,521,,333.47782463972004,0.2822914944324776,,False,estimate < 1200,,1.1657298892331989,0.20491335952509143,10
Soccer,5-9,Hip/thigh,193,,148.17913986390244,0.3386346018741937,,False,"estimate < 1200; CV bound outside [0, 0.33]",,0.5868140962191429,0.2784750620473413,10
Soccer,5-9,Knee,465,,329.49224926445635,0.30990103706749667,,False,estimate < 1200,,1.087198148935479,0.21233815501644546,10
Soccer,5-9,Lower leg,332,,276.22947275431727,0.34609132590381836,,False,"estimate < 1200; CV bound outside [0, 0.33]",,1.046535800895269,0.2722803489729634,10
Soccer,5-9,Ankle,788,2200.0,574.7435376616792,0.26287734542190244,2200.0,True,passes conservative screen,10.5,1.5366181149451934,0.14594409273086362,10
Soccer,5-9,Foot/toes,696,1800.0,472.7425561628135,0.2618744112547121,1800.0,True,passes conservative screen,8.7,1.4303416393336412,0.16453172659163964,10
Soccer,5-9,Multiple/systemic,77,,132.33323913850737,0.5280804131836075,,False,"estimate < 1200; CV bound outside [0, 0.33]; proportion CV unassessed or > 0.33",,0.5656601723164462,0.46873591057968145,10
Soccer,5-9,Internal/systemic,1,,0.6580099999999999,0.9999999999999999,,False,"n < 20; estimate < 1200; CV bound outside [0, 0.33]; proportion CV unassessed or > 0.33",,0.003745909399913304,1.1821328445511372,10
Soccer,5-9,Not stated/other,21,,40.30417351787171,0.5728938879813013,,False,"estimate < 1200; CV bound outside [0, 0.33]; proportion CV unassessed or > 0.33",,0.22165353611698946,0.6542448938752717,10
Soccer,10-14,Head/face,4838,12200.0,1951.5660298406947,0.1603645134245524,12200.0,True,passes conservative screen,17.6,1.3636176976662306,0.07755230747533079,10
Soccer,10-14,Neck,256,,188.0645802736611,0.3082841744235166,,False,estimate < 1200,,0.23631867054006345,0.26811390062433627,10
Soccer,10-14,Shoulder/upper arm,1230,3100.0,685.6258362080083,0.222949805421844,3100.0,True,passes conservative screen,4.4,0.5935192031298805,0.13357702670336508,10
Soccer,10-14,Elbow/forearm,2584,5400.0,1155.4244527188496,0.21208321319357157,5400.0,True,passes conservative screen,7.9,0.8474011843332309,0.10765417596450667,10
Soccer,10-14,Wrist/hand,5291,14100.0,2512.24337696453,0.17776927933522804,14100.0,True,passes conservative screen,20.4,1.2837940384102806,0.06287347012458706,10
Soccer,10-14,Trunk/spine,2083,5400.0,1145.119133775395,0.21058466922723398,5400.0,True,passes conservative screen,7.9,0.881300009677641,0.11217005393295748,10
Soccer,10-14,Hip/thigh,475,,314.68109980401994,0.27871066512996073,,False,estimate < 1200,,0.34959798135469233,0.21430332969607474,10
Soccer,10-14,Knee,2791,7600.0,1553.0711270789523,0.2048449328372126,7600.0,True,passes conservative screen,11.0,0.9486670994971222,0.08660137609009236,10
Soccer,10-14,Lower leg,1254,2800.0,567.7773765036673,0.20178145742648246,2800.0,True,passes conservative screen,4.1,0.5368502378292779,0.1320484764687949,10
Soccer,10-14,Ankle,3626,9800.0,1693.9353139021568,0.1734230192307721,9800.0,True,passes conservative screen,14.1,1.0888530641399392,0.07715361378499501,10
Soccer,10-14,Foot/toes,2386,6300.0,1198.3755841813568,0.19086358133033102,6300.0,True,passes conservative screen,9.1,0.9305566044848661,0.10257699837703159,10
Soccer,10-14,Multiple/systemic,184,,238.3835457300067,0.392123784603787,,False,"estimate < 1200; CV bound outside [0, 0.33]; proportion CV unassessed or > 0.33",,0.29624740067222777,0.3372706371485387,10
Soccer,10-14,Internal/systemic,7,,5.919081601633628,0.7870773758111184,,False,"n < 20; estimate < 1200; CV bound outside [0, 0.33]; proportion CV unassessed or > 0.33",,0.009707357473353122,0.8933902298790762,10
Soccer,10-14,Not stated/other,67,,83.50729189856995,0.5484627072249084,,False,"estimate < 1200; CV bound outside [0, 0.33]; proportion CV unassessed or > 0.33",,0.12308623405579294,0.5595118146293284,10
Soccer,15-17,Head/face,3607,10300.0,1601.6850926048614,0.15497120493702096,10300.0,True,passes conservative screen,23.2,1.5566627469781287,0.06719796722846413,10
Soccer,15-17,Neck,161,,155.09806176129368,0.3437656505895969,,False,"estimate < 1200; CV bound outside [0, 0.33]; proportion CV unassessed or > 0.33",,0.33819300209639797,0.33443248261844905,10
Soccer,15-17,Shoulder/upper arm,810,2400.0,496.3845965390832,0.20549024995261062,2400.0,True,passes conservative screen,5.4,0.7835679638367357,0.1447229220700067,10
Soccer,15-17,Elbow/forearm,701,1700.0,389.23454394755737,0.2305783907838374,1700.0,True,passes conservative screen,3.8,0.7292783837836875,0.19274729668051224,10
Soccer,15-17,Wrist/hand,1788,4800.0,814.7398659554478,0.16920447094040308,4800.0,True,passes conservative screen,10.8,1.145986097181543,0.10618421067145954,10
Soccer,15-17,Trunk/spine,1300,3600.0,660.9515785914007,0.1859982172611974,3600.0,True,passes conservative screen,8.0,0.9403096978533523,0.11805864101828858,10
Soccer,15-17,Hip/thigh,332,,239.5993271720456,0.27655966836852797,,False,estimate < 1200,,0.4718252243235996,0.2429808985057712,10
Soccer,15-17,Knee,2377,6600.0,1215.3579045513652,0.1835229819096978,6600.0,True,passes conservative screen,14.8,1.2586839859545969,0.08479899416744933,10
Soccer,15-17,Lower leg,854,2200.0,466.890165034401,0.20808759016547482,2200.0,True,passes conservative screen,5.0,0.7938722474853412,0.15785916527862445,10
Soccer,15-17,Ankle,2793,8200.0,1397.4089043384454,0.16985715968593385,8200.0,True,passes conservative screen,18.4,1.3784097136896176,0.07475261733286921,10
Soccer,15-17,Foot/toes,1039,2900.0,579.9010822876642,0.1984274169937522,2900.0,True,passes conservative screen,6.6,0.8995143089937975,0.13732308867957496,10
Soccer,15-17,Multiple/systemic,96,,151.43082793220643,0.4387802293084479,,False,"estimate < 1200; CV bound outside [0, 0.33]; proportion CV unassessed or > 0.33",,0.31828949670092316,0.4114743695299891,10
Soccer,15-17,Internal/systemic,3,,1.8678199999999996,0.9999999999999998,,False,"n < 20; estimate < 1200; CV bound outside [0, 0.33]; proportion CV unassessed or > 0.33",,0.0046662804551428705,1.1146115603317883,10
Soccer,15-17,Not stated/other,50,,68.26445258500927,0.533641306873215,,False,"estimate < 1200; CV bound outside [0, 0.33]; proportion CV unassessed or > 0.33",,0.15613771343006566,0.5445658075355678,10
Soccer,18-24,Head/face,1431,5600.0,898.6253196448755,0.16149129556159117,5600.0,True,passes conservative screen,19.4,1.8848405158913624,0.09693600261686906,10
Soccer,18-24,Neck,48,,100.22439321569814,0.4799722067744669,,False,"estimate < 1200; CV bound outside [0, 0.33]; proportion CV unassessed or > 0.33",,0.35726860269079724,0.4896407292551204,10
Soccer,18-24,Shoulder/upper arm,508,1900.0,413.47567671120885,0.21870308639955494,1900.0,True,passes conservative screen,6.6,1.0425839434295596,0.1578178083243349,10
Soccer,18-24,Elbow/forearm,211,,219.10643957093907,0.2945217058617104,,False,estimate < 1200,,0.7171496730832374,0.27587478052538583,10
Soccer,18-24,Wrist/hand,708,2600.0,495.5586514175435,0.18717739334273797,2600.0,True,passes conservative screen,9.3,1.2587845501430222,0.1360660466847751,10
Soccer,18-24,Trunk/spine,525,2100.0,424.80229813336507,0.2042401389547408,2100.0,True,passes conservative screen,7.3,1.1410604020000228,0.15700117564620844,10
Soccer,18-24,Hip/thigh,179,,206.77296493166278,0.3177497403948894,,False,estimate < 1200,,0.6272648146193723,0.2758559824004001,10
Soccer,18-24,Knee,1502,5600.0,932.9221904489956,0.16518257523839008,5600.0,True,passes conservative screen,19.7,1.7530030601033346,0.08882628806301884,10
Soccer,18-24,Lower leg,437,1500.0,329.2479611069163,0.21444424003725543,1500.0,True,passes conservative screen,5.4,0.9960850193521689,0.1856640117647605,10
Soccer,18-24,Ankle,1445,5200.0,781.8033258493624,0.1505068841319851,5200.0,True,passes conservative screen,18.2,1.645018861416588,0.09062953744753854,10
Soccer,18-24,Foot/toes,586,2200.0,441.38765162396464,0.20103903634801595,2200.0,True,passes conservative screen,7.7,1.2028185744136861,0.15678350574064773,10
Soccer,18-24,Multiple/systemic,42,,110.36550169841448,0.5385458634796443,,False,"estimate < 1200; CV bound outside [0, 0.33]; proportion CV unassessed or > 0.33",,0.37967444403646744,0.5302012516967843,10
Soccer,18-24,Internal/systemic,0,,0.0,,,False,CV unassessed; proportion CV unassessed or > 0.33,,0.0,,10
Soccer,18-24,Not stated/other,15,,41.38323746326285,0.7682237443367023,,False,"n < 20; estimate < 1200; CV bound outside [0, 0.33]; proportion CV unassessed or > 0.33",,0.14735131724305045,0.7828117145658173,10
Soccer,25-34,Head/face,751,2700.0,560.2227048851654,0.20432385026014835,2700.0,True,passes conservative screen,15.7,1.9743767202240872,0.12591283920456187,10
Soccer,25-34,Neck,37,,83.74879815632619,0.537485227167468,,False,"estimate < 1200; CV bound outside [0, 0.33]; proportion CV unassessed or > 0.33",,0.4681906544987414,0.5254027321773076,10
Soccer,25-34,Shoulder/upper arm,332,1200.0,286.3262970958386,0.23618596326666327,1200.0,True,passes conservative screen,6.9,1.3400104380504378,0.19327810799304868,10
Soccer,25-34,Elbow/forearm,154,,182.25580132760834,0.3419157450511374,,False,"estimate < 1200; CV bound outside [0, 0.33]",,0.9466468558365233,0.3105327244157343,10
Soccer,25-34,Wrist/hand,420,1500.0,326.19851767607986,0.2244687224921034,1500.0,True,passes conservative screen,8.3,1.4513675306607525,0.17463564489499073,10
Soccer,25-34,Trunk/spine,429,1600.0,404.7879160287994,0.2523471265200281,1600.0,True,passes conservative screen,9.2,1.7968666595903668,0.1958701755990512,10
Soccer,25-34,Hip/thigh,103,,154.72434693101866,0.36442672126967174,,False,"estimate < 1200; CV bound outside [0, 0.33]; proportion CV unassessed or > 0.33",,0.8530590153618874,0.3513276009327073,10
Soccer,25-34,Knee,881,3300.0,586.7669376393238,0.17804551809884414,3300.0,True,passes conservative screen,18.8,2.0701735364801284,0.1098382996243268,10
Soccer,25-34,Lower leg,422,1600.0,381.8574861776273,0.23223821695294272,1600.0,True,passes conservative screen,9.4,1.644705471299059,0.1749049714736523,10
Soccer,25-34,Ankle,785,3000.0,546.0640339793547,0.179080373938334,3000.0,True,passes conservative screen,17.4,2.1737028907595284,0.1246482656130506,10
Soccer,25-34,Foot/toes,329,1300.0,326.4584934831854,0.2606933652075968,1300.0,True,passes conservative screen,7.2,1.560393314956348,0.21788017966726195,10
Soccer,25-34,Multiple/systemic,27,,67.15074853206103,0.6305456627070064,,False,"estimate < 1200; CV bound outside [0, 0.33]; proportion CV unassessed or > 0.33",,0.38023775121613734,0.6243132539200442,10
Soccer,25-34,Internal/systemic,0,,0.0,,,False,CV unassessed; proportion CV unassessed or > 0.33,,0.0,,10
Soccer,25-34,Not stated/other,2,,12.909000000000002,1.0000000000000002,,False,"n < 20; estimate < 1200; CV bound outside [0, 0.33]; proportion CV unassessed or > 0.33",,0.08296271697143384,1.1237559473910046,10
Soccer,35-44,Head/face,346,1300.0,333.5264322094585,0.2555434099592695,1300.0,True,passes conservative screen,14.3,2.658441133753104,0.18618400527655163,10
Soccer,35-44,Neck,15,,29.328172769553742,0.7324111179980517,,False,"n < 20; estimate < 1200; CV bound outside [0, 0.33]; proportion CV unassessed or > 0.33",,0.3482152614117712,0.794874594189052,10
Soccer,35-44,Shoulder/upper arm,163,,186.37505478389943,0.30710743666087,,False,estimate < 1200,,1.8322059941478805,0.2759673742162683,10
Soccer,35-44,Elbow/forearm,69,,133.10391983169845,0.50763264737579,,False,"estimate < 1200; CV bound outside [0, 0.33]; proportion CV unassessed or > 0.33",,1.4046420629462646,0.48967198954083774,10
Soccer,35-44,Wrist/hand,234,,295.5114272341554,0.31869484896573436,,False,estimate < 1200,,2.5624585828013706,0.25260300460554613,10
Soccer,35-44,Trunk/spine,261,,280.2842214171151,0.2837068983203485,,False,estimate < 1200,,2.449542800519982,0.22664031801358436,10
Soccer,35-44,Hip/thigh,45,,86.85886376323087,0.5334579011899159,,False,"estimate < 1200; CV bound outside [0, 0.33]; proportion CV unassessed or > 0.33",,0.9139700374113398,0.5130962722043834,10
Soccer,35-44,Knee,362,1400.0,349.5490750630257,0.24113210790370346,1400.0,True,passes conservative screen,15.9,2.7501697399929417,0.1734152464133366,10
Soccer,35-44,Lower leg,318,1300.0,336.32015083852195,0.26697709527631425,1300.0,True,passes conservative screen,13.8,2.8702890765405273,0.208270445232677,10
Soccer,35-44,Ankle,324,1200.0,305.0345188952987,0.24791807445803316,1200.0,True,passes conservative screen,13.5,2.7675739069226277,0.2056076747897383,10
Soccer,35-44,Foot/toes,193,,227.65828924813272,0.2769898287394434,,False,estimate < 1200,,2.24907536438597,0.250129695844153,10
Soccer,35-44,Multiple/systemic,15,,43.43659103867371,0.7310495952517382,,False,"n < 20; estimate < 1200; CV bound outside [0, 0.33]; proportion CV unassessed or > 0.33",,0.49781625287033326,0.7658453351207369,10
Soccer,35-44,Internal/systemic,0,,0.0,,,False,CV unassessed; proportion CV unassessed or > 0.33,,0.0,,10
Soccer,35-44,Not stated/other,8,,21.075931790554478,0.7698259043293707,,False,"n < 20; estimate < 1200; CV bound outside [0, 0.33]; proportion CV unassessed or > 0.33",,0.25213050397643516,0.8418060083013866,10
Soccer,45-54,Head/face,159,,212.71177770575568,0.355844009745062,,False,"estimate < 1200; CV bound outside [0, 0.33]",,4.183951534047917,0.2714118063234554,10
Soccer,45-54,Neck,14,,33.36939214860486,0.8178568121239337,,False,"n < 20; estimate < 1200; CV bound outside [0, 0.33]; proportion CV unassessed or > 0.33",,0.9159174539752475,0.8704809733618525,10
Soccer,45-54,Shoulder/upper arm,73,,136.0950086433113,0.48150107838725714,,False,"estimate < 1200; CV bound outside [0, 0.33]; proportion CV unassessed or > 0.33",,3.1947697909322335,0.4382971068061018,10
Soccer,45-54,Elbow/forearm,32,,96.12336822996096,0.6678960208074489,,False,"estimate < 1200; CV bound outside [0, 0.33]; proportion CV unassessed or > 0.33",,2.288481364508426,0.6165967396455091,10
Soccer,45-54,Wrist/hand,88,,166.04211136288157,0.4643239152323812,,False,"estimate < 1200; CV bound outside [0, 0.33]; proportion CV unassessed or > 0.33",,3.3697228120173457,0.36540202659683346,10
Soccer,45-54,Trunk/spine,140,,174.8306101089712,0.3276428660413704,,False,estimate < 1200,,3.921498095136042,0.2849766124139366,10
Soccer,45-54,Hip/thigh,12,,31.574341767788958,0.7341777448888761,,False,"n < 20; estimate < 1200; CV bound outside [0, 0.33]; proportion CV unassessed or > 0.33",,0.9051299251280546,0.8161158299095758,10
Soccer,45-54,Knee,132,,179.60104481820446,0.3477706257292505,,False,"estimate < 1200; CV bound outside [0, 0.33]",,4.001425966626484,0.3004504038646892,10
Soccer,45-54,Lower leg,133,,175.61572070170106,0.3486750396943726,,False,"estimate < 1200; CV bound outside [0, 0.33]",,3.800938692266426,0.29263232742710527,10
Soccer,45-54,Ankle,109,,160.62206094738684,0.3683299070608085,,False,"estimate < 1200; CV bound outside [0, 0.33]",,3.5219602925265625,0.3131772547059626,10
Soccer,45-54,Foot/toes,74,,132.03411173297275,0.40798712667496934,,False,"estimate < 1200; CV bound outside [0, 0.33]; proportion CV unassessed or > 0.33",,3.245866500451843,0.3889241700945407,10
Soccer,45-54,Multiple/systemic,14,,57.35042018080306,0.7444306053728034,,False,"n < 20; estimate < 1200; CV bound outside [0, 0.33]; proportion CV unassessed or > 0.33",,1.5313339312700978,0.7707818675355199,10
Soccer,45-54,Internal/systemic,0,,0.0,,,False,CV unassessed; proportion CV unassessed or > 0.33,,0.0,,10
Soccer,45-54,Not stated/other,5,,20.093065664736123,0.934135401758088,,False,"n < 20; estimate < 1200; CV bound outside [0, 0.33]; proportion CV unassessed or > 0.33",,0.5890814285998044,1.0619716598657445,10
Soccer,55-64,Head/face,54,,86.85261750354027,0.49223140845882696,,False,"estimate < 1200; CV bound outside [0, 0.33]; proportion CV unassessed or > 0.33",,6.824869532650473,0.45161475785333627,10
Soccer,55-64,Neck,5,,11.433888604774102,0.8901521467149222,,False,"n < 20; estimate < 1200; CV bound outside [0, 0.33]; proportion CV unassessed or > 0.33",,1.1291844231343455,1.0264139043815093,10
Soccer,55-64,Shoulder/upper arm,35,,79.29101224586651,0.6178352094707849,,False,"estimate < 1200; CV bound outside [0, 0.33]; proportion CV unassessed or > 0.33",,6.2464321844109705,0.5682874731302273,10
Soccer,55-64,Elbow/forearm,6,,27.09906427462344,0.7553367154992486,,False,"n < 20; estimate < 1200; CV bound outside [0, 0.33]; proportion CV unassessed or > 0.33",,2.831044262495258,0.9213408374239616,10
Soccer,55-64,Wrist/hand,29,,64.54087221012836,0.6116298142109836,,False,"estimate < 1200; CV bound outside [0, 0.33]; proportion CV unassessed or > 0.33",,5.487725495122712,0.6072025089967149,10
Soccer,55-64,Trunk/spine,39,,102.857649514419,0.5472056205590743,,False,"estimate < 1200; CV bound outside [0, 0.33]; proportion CV unassessed or > 0.33",,7.887724589573708,0.4899514569071144,10
Soccer,55-64,Hip/thigh,7,,14.534513387215702,0.9370026507210167,,False,"n < 20; estimate < 1200; CV bound outside [0, 0.33]; proportion CV unassessed or > 0.33",,1.3540670801191643,1.0192198288997978,10
Soccer,55-64,Knee,22,,60.75440797159255,0.6832227507981323,,False,"estimate < 1200; CV bound outside [0, 0.33]; proportion CV unassessed or > 0.33",,5.080780246154805,0.6671174471863275,10
Soccer,55-64,Lower leg,35,,75.92633697256221,0.5892329991719626,,False,"estimate < 1200; CV bound outside [0, 0.33]; proportion CV unassessed or > 0.33",,5.767842709684759,0.5226312602706905,10
Soccer,55-64,Ankle,35,,84.28406514543944,0.5861263813722571,,False,"estimate < 1200; CV bound outside [0, 0.33]; proportion CV unassessed or > 0.33",,6.676136282038753,0.5420737162580312,10
Soccer,55-64,Foot/toes,27,,78.41164709796661,0.6540758017804619,,False,"estimate < 1200; CV bound outside [0, 0.33]; proportion CV unassessed or > 0.33",,6.46112441243478,0.6292786112387627,10
Soccer,55-64,Multiple/systemic,2,,11.528110000000002,1.0000000000000002,,False,"n < 20; estimate < 1200; CV bound outside [0, 0.33]; proportion CV unassessed or > 0.33",,1.188445170337148,1.203672669498274,10
Soccer,55-64,Internal/systemic,0,,0.0,,,False,CV unassessed; proportion CV unassessed or > 0.33,,0.0,,10
Soccer,55-64,Not stated/other,3,,8.631176666666668,0.7141673527420261,,False,"n < 20; estimate < 1200; CV bound outside [0, 0.33]; proportion CV unassessed or > 0.33",,0.947609964707412,0.9154760083274068,10
Soccer,65-74,Head/face,27,,64.4609586671626,0.5609404886946204,,False,"estimate < 1200; CV bound outside [0, 0.33]; proportion CV unassessed or > 0.33",,13.430803720000412,0.5553074221086369,10
Soccer,65-74,Neck,2,,4.41858,1.0000000000000002,,False,"n < 20; estimate < 1200; CV bound outside [0, 0.33]; proportion CV unassessed or > 0.33",,1.144305273330139,1.2304688514897282,10
Soccer,65-74,Shoulder/upper arm,13,,43.44459694756186,0.8381119426139623,,False,"n < 20; estimate < 1200; CV bound outside [0, 0.33]; proportion CV unassessed or > 0.33",,8.854597742045636,0.8116084133986927,10
Soccer,65-74,Elbow/forearm,3,,14.865099999999995,0.9999999999999997,,False,"n < 20; estimate < 1200; CV bound outside [0, 0.33]; proportion CV unassessed or > 0.33",,3.5982207626253087,1.1500889149103093,10
Soccer,65-74,Wrist/hand,17,,43.62042181469503,0.6805504981636864,,False,"n < 20; estimate < 1200; CV bound outside [0, 0.33]; proportion CV unassessed or > 0.33",,9.66475630758039,0.7164284944750243,10
Soccer,65-74,Trunk/spine,17,,57.24227651218805,0.6321839342672811,,False,"n < 20; estimate < 1200; CV bound outside [0, 0.33]; proportion CV unassessed or > 0.33",,12.300148420421893,0.6454288247436705,10
Soccer,65-74,Hip/thigh,3,,7.788088434970399,0.8854628429276789,,False,"n < 20; estimate < 1200; CV bound outside [0, 0.33]; proportion CV unassessed or > 0.33",,2.025341682782747,1.0940803432035875,10
Soccer,65-74,Knee,9,,26.149843780639106,0.8186082756199815,,False,"n < 20; estimate < 1200; CV bound outside [0, 0.33]; proportion CV unassessed or > 0.33",,6.188202504304341,0.9204135354626563,10
Soccer,65-74,Lower leg,8,,24.186404471484895,0.8680604765059406,,False,"n < 20; estimate < 1200; CV bound outside [0, 0.33]; proportion CV unassessed or > 0.33",,5.7970303220849955,0.9885432864432832,10
Soccer,65-74,Ankle,9,,25.41699348451052,0.8544960477239888,,False,"n < 20; estimate < 1200; CV bound outside [0, 0.33]; proportion CV unassessed or > 0.33",,5.813352349112675,0.9285899406140128,10
Soccer,65-74,Foot/toes,4,,20.18079000000001,1.0000000000000002,,False,"n < 20; estimate < 1200; CV bound outside [0, 0.33]; proportion CV unassessed or > 0.33",,4.799631881784385,1.1300072080414811,10
Soccer,65-74,Multiple/systemic,3,,9.20129,1.0,,False,"n < 20; estimate < 1200; CV bound outside [0, 0.33]; proportion CV unassessed or > 0.33",,2.3357223556252062,1.2061017460960506,10
Soccer,65-74,Internal/systemic,0,,0.0,,,False,CV unassessed; proportion CV unassessed or > 0.33,,0.0,,10
Soccer,65-74,Not stated/other,1,,6.7209900000000005,1.0,,False,"n < 20; estimate < 1200; CV bound outside [0, 0.33]; proportion CV unassessed or > 0.33",,1.8308413443001308,1.294281994158364,10
Soccer,75+,Head/face,12,,44.73529047630368,0.7549211388241546,,False,"n < 20; estimate < 1200; CV bound outside [0, 0.33]; proportion CV unassessed or > 0.33",,17.753517689109348,0.832872589704436,10
Soccer,75+,Neck,0,,0.0,,,False,CV unassessed; proportion CV unassessed or > 0.33,,0.0,,10
Soccer,75+,Shoulder/upper arm,2,,14.166650000000004,1.0000000000000004,,False,"n < 20; estimate < 1200; CV bound outside [0, 0.33]; proportion CV unassessed or > 0.33",,6.839631898129094,1.342172672963401,10
Soccer,75+,Elbow/forearm,4,,22.394761499754672,0.7601615279750457,,False,"n < 20; estimate < 1200; CV bound outside [0, 0.33]; proportion CV unassessed or > 0.33",,10.60434904101646,1.0006594151302723,10
Soccer,75+,Wrist/hand,11,,37.40702247052771,0.7348629457075108,,False,"n < 20; estimate < 1200; CV bound outside [0, 0.33]; proportion CV unassessed or > 0.33",,14.44132132279156,0.7886838858840836,10
Soccer,75+,Trunk/spine,15,,41.064805928473525,0.7784626144424791,,False,"n < 20; estimate < 1200; CV bound outside [0, 0.33]; proportion CV unassessed or > 0.33",,15.879882899233516,0.8368702105004826,10
Soccer,75+,Hip/thigh,1,,1.65988,1.0,,False,"n < 20; estimate < 1200; CV bound outside [0, 0.33]; proportion CV unassessed or > 0.33",,0.8534720201277833,1.4294054161793526,10
Soccer,75+,Knee,2,,12.295,1.0,,False,"n < 20; estimate < 1200; CV bound outside [0, 0.33]; proportion CV unassessed or > 0.33",,5.810633990627713,1.3138258869423962,10
Soccer,75+,Lower leg,5,,25.5410538078437,0.871303001635884,,False,"n < 20; estimate < 1200; CV bound outside [0, 0.33]; proportion CV unassessed or > 0.33",,11.42234183866549,1.0832492048914752,10
Soccer,75+,Ankle,1,,7.766410000000002,1.0000000000000002,,False,"n < 20; estimate < 1200; CV bound outside [0, 0.33]; proportion CV unassessed or > 0.33",,3.984163415851304,1.4261317771798792,10
Soccer,75+,Foot/toes,2,,13.140060000000002,1.0000000000000002,,False,"n < 20; estimate < 1200; CV bound outside [0, 0.33]; proportion CV unassessed or > 0.33",,6.3849892142589235,1.3508453968076026,10
Soccer,75+,Multiple/systemic,1,,7.283789999999996,0.9999999999999994,,False,"n < 20; estimate < 1200; CV bound outside [0, 0.33]; proportion CV unassessed or > 0.33",,3.743378164389059,1.428726546267357,10
Soccer,75+,Internal/systemic,0,,0.0,,,False,CV unassessed; proportion CV unassessed or > 0.33,,0.0,,10
Soccer,75+,Not stated/other,0,,0.0,,,False,CV unassessed; proportion CV unassessed or > 0.33,,0.0,,10
Swimming/diving,0-4,Head/face,2992,,4031.182789966403,0.3952125251060733,,False,"CV bound outside [0, 0.33]",,3.978073696743197,0.0772060974587871,10
Swimming/diving,0-4,Neck,44,,69.45143341419615,0.6087432609190349,,False,"estimate < 1200; CV bound outside [0, 0.33]; proportion CV unassessed or > 0.33",,0.37491781239000593,0.6505333932502674,10
Swimming/diving,0-4,Shoulder/upper arm,63,,114.08308005151852,0.5718604917201695,,False,"estimate < 1200; CV bound outside [0, 0.33]; proportion CV unassessed or > 0.33",,0.5317573083554685,0.5276705916462178,10
Swimming/diving,0-4,Elbow/forearm,180,,211.64764362140644,0.4252662517290515,,False,"estimate < 1200; CV bound outside [0, 0.33]",,0.7571913777779998,0.3011852569739285,10
Swimming/diving,0-4,Wrist/hand,73,,136.1903194182541,0.565709923449496,,False,"estimate < 1200; CV bound outside [0, 0.33]; proportion CV unassessed or > 0.33",,0.6961850846072182,0.5724701424704881,10
Swimming/diving,0-4,Trunk/spine,270,,303.3435173509366,0.37613307143480335,,False,"estimate < 1200; CV bound outside [0, 0.33]",,1.3129080288996569,0.3222713319195424,10
Swimming/diving,0-4,Hip/thigh,223,,301.4384811297996,0.48138803395897894,,False,"estimate < 1200; CV bound outside [0, 0.33]",,0.8621679944899112,0.27256435665029943,10
Swimming/diving,0-4,Knee,67,,113.54482276225778,0.553129164702085,,False,"estimate < 1200; CV bound outside [0, 0.33]; proportion CV unassessed or > 0.33",,0.5707597714469888,0.550418654412029,10
Swimming/diving,0-4,Lower leg,125,,162.3702977151096,0.4712978830096934,,False,"estimate < 1200; CV bound outside [0, 0.33]; proportion CV unassessed or > 0.33",,0.7795083829821844,0.4479094854567839,10
Swimming/diving,0-4,Ankle,35,,89.58644695979771,0.6290136631047666,,False,"estimate < 1200; CV bound outside [0, 0.33]; proportion CV unassessed or > 0.33",,0.41394454010386295,0.5753610956591887,10
Swimming/diving,0-4,Foot/toes,166,,195.66184602776656,0.42227086831734023,,False,"estimate < 1200; CV bound outside [0, 0.33]; proportion CV unassessed or > 0.33",,0.8710753541995961,0.3721527807575784,10
Swimming/diving,0-4,Multiple/systemic,2108,,2275.7778876914467,0.39712399715295155,,False,"CV bound outside [0, 0.33]",,3.0968814317082702,0.1069797068629492,10
Swimming/diving,0-4,Internal/systemic,22,,53.85940329845242,0.8744054074513352,,False,"estimate < 1200; CV bound outside [0, 0.33]; proportion CV unassessed or > 0.33",,0.28192843782318966,0.9060887737541723,10
Swimming/diving,0-4,Not stated/other,64,,93.50342848055728,0.5714969559004944,,False,"estimate < 1200; CV bound outside [0, 0.33]; proportion CV unassessed or > 0.33",,0.5592297363581564,0.6766392869222967,10
Swimming/diving,5-9,Head/face,8094,,9172.432492651098,0.3335894581907358,,False,"CV bound outside [0, 0.33]",,3.3215702589288334,0.04732493479856235,10
Swimming/diving,5-9,Neck,180,,204.26272115310604,0.40934936433276653,,False,"estimate < 1200; CV bound outside [0, 0.33]; proportion CV unassessed or > 0.33",,0.4715593331966352,0.3702202240024271,10
Swimming/diving,5-9,Shoulder/upper arm,123,,171.92771791921842,0.440210767097654,,False,"estimate < 1200; CV bound outside [0, 0.33]; proportion CV unassessed or > 0.33",,0.40241639964086595,0.4036539628632571,10
Swimming/diving,5-9,Elbow/forearm,217,,187.4777232268394,0.31571392567052703,,False,estimate < 1200; proportion CV unassessed or > 0.33,,0.590501038259949,0.3895682195223348,10
Swimming/diving,5-9,Wrist/hand,206,,280.1096545346604,0.3550096690662986,,False,"estimate < 1200; CV bound outside [0, 0.33]",,0.6541099499116031,0.3247742932767979,10
Swimming/diving,5-9,Trunk/spine,617,1800.0,438.0875165118039,0.2400270278418652,1800.0,True,passes conservative screen,4.7,1.027591232065003,0.22056593878203717,10
Swimming/diving,5-9,Hip/thigh,490,1200.0,399.4305609700116,0.32365441186904004,1200.0,True,passes conservative screen,3.2,0.667377647749027,0.21185108143578357,10
Swimming/diving,5-9,Knee,167,,182.80137085421308,0.36190160296701074,,False,"estimate < 1200; CV bound outside [0, 0.33]; proportion CV unassessed or > 0.33",,0.4337604462772431,0.33641844010237193,10
Swimming/diving,5-9,Lower leg,225,,251.20825970034244,0.4066333044620377,,False,"estimate < 1200; CV bound outside [0, 0.33]",,0.5088772153613967,0.32270138115208763,10
Swimming/diving,5-9,Ankle,142,,197.35442905315148,0.445995363499536,,False,"estimate < 1200; CV bound outside [0, 0.33]; proportion CV unassessed or > 0.33",,0.4371191343004572,0.38699207490179566,10
Swimming/diving,5-9,Foot/toes,573,2000.0,575.3694911724053,0.2841391871942915,2000.0,True,passes conservative screen,5.2,0.9670339228799381,0.18708751233407875,10
Swimming/diving,5-9,Multiple/systemic,926,2500.0,737.8151229250687,0.3007476016869323,2500.0,True,passes conservative screen,6.3,1.1807673789021007,0.18855486991578424,10
Swimming/diving,5-9,Internal/systemic,17,,34.41452902034224,0.6397643281628288,,False,"n < 20; estimate < 1200; CV bound outside [0, 0.33]; proportion CV unassessed or > 0.33",,0.10990063305357234,0.8003817399658979,10
Swimming/diving,5-9,Not stated/other,78,,134.5542239315394,0.5368813496806919,,False,"estimate < 1200; CV bound outside [0, 0.33]; proportion CV unassessed or > 0.33",,0.3842464981832114,0.6006336885002801,10
Swimming/diving,10-14,Head/face,6466,22300.0,5952.122857514451,0.26690115393002206,22300.0,True,passes conservative screen,65.9,3.6607915506318536,0.055563971579567335,10
Swimming/diving,10-14,Neck,198,,199.86417286309913,0.3452495482545597,,False,"estimate < 1200; CV bound outside [0, 0.33]; proportion CV unassessed or > 0.33",,0.5931446164039323,0.3468154824539502,10
Swimming/diving,10-14,Shoulder/upper arm,229,,243.35207598827992,0.33945473640672524,,False,"estimate < 1200; CV bound outside [0, 0.33]",,0.6756309822996874,0.31900397123822827,10
Swimming/diving,10-14,Elbow/forearm,162,,179.6208006018063,0.39551245013521463,,False,"estimate < 1200; CV bound outside [0, 0.33]; proportion CV unassessed or > 0.33",,0.5331782768751373,0.39738886471893214,10
Swimming/diving,10-14,Wrist/hand,333,,309.9551953952387,0.27030390474609833,,False,estimate < 1200,,0.8008688062057302,0.2364038216516214,10
Swimming/diving,10-14,Trunk/spine,590,1800.0,427.3964975429124,0.2348206568594774,1800.0,True,passes conservative screen,5.4,1.134359600814732,0.21095790621289887,10
Swimming/diving,10-14,Hip/thigh,216,,225.3080158584903,0.3775553869522511,,False,"estimate < 1200; CV bound outside [0, 0.33]",,0.5743537412661723,0.32577908412789297,10
Swimming/diving,10-14,Knee,231,,221.26658351779815,0.3164763512449406,,False,estimate < 1200,,0.6077247620304203,0.29421992502383026,10
Swimming/diving,10-14,Lower leg,230,,253.02013324457485,0.33357952520034945,,False,"estimate < 1200; CV bound outside [0, 0.33]",,0.6561297369580883,0.2928018004184962,10
Swimming/diving,10-14,Ankle,194,,229.6683353361819,0.32146357804864156,,False,estimate < 1200,,0.6372553847795878,0.3019144373523973,10
Swimming/diving,10-14,Foot/toes,697,2400.0,553.4108210834721,0.23107518449628237,2400.0,True,passes conservative screen,7.1,1.2018204659673393,0.16985759575459108,10
Swimming/diving,10-14,Multiple/systemic,500,1500.0,438.62674932846676,0.29631812414561953,1500.0,True,passes conservative screen,4.4,0.9329966718331225,0.21334521782751598,10
Swimming/diving,10-14,Internal/systemic,10,,21.372595023134366,0.920792786166536,,False,"n < 20; estimate < 1200; CV bound outside [0, 0.33]; proportion CV unassessed or > 0.33",,0.0701582226276957,1.0231114506365375,10
Swimming/diving,10-14,Not stated/other,54,,90.34680031003276,0.551961317902018,,False,"estimate < 1200; CV bound outside [0, 0.33]; proportion CV unassessed or > 0.33",,0.29228375181131877,0.6044219887936467,10
Swimming/diving,15-17,Head/face,1736,6100.0,1406.3594606969223,0.23137570779611302,6100.0,True,passes conservative screen,53.2,4.3090418389684,0.08093911116646087,10
Swimming/diving,15-17,Neck,81,,113.67420489050528,0.45202646418432296,,False,"estimate < 1200; CV bound outside [0, 0.33]; proportion CV unassessed or > 0.33",,1.017172133976507,0.4617986819988174,10
Swimming/diving,15-17,Shoulder/upper arm,175,,227.1190565832761,0.3345812859319152,,False,"estimate < 1200; CV bound outside [0, 0.33]",,1.709353633436355,0.287498967035156,10
Swimming/diving,15-17,Elbow/forearm,58,,99.91944166706587,0.5199094735718884,,False,"estimate < 1200; CV bound outside [0, 0.33]; proportion CV unassessed or > 0.33",,0.8973160998007866,0.5330641685514377,10
Swimming/diving,15-17,Wrist/hand,117,,193.57064380529405,0.3819169991491865,,False,"estimate < 1200; CV bound outside [0, 0.33]; proportion CV unassessed or > 0.33",,1.5770516242274843,0.3552480506671124,10
Swimming/diving,15-17,Trunk/spine,252,,245.82455279935976,0.3073961297732844,,False,estimate < 1200,,1.7463641773326848,0.24932409450754134,10
Swimming/diving,15-17,Hip/thigh,42,,74.62225420882461,0.5937929756526342,,False,"estimate < 1200; CV bound outside [0, 0.33]; proportion CV unassessed or > 0.33",,0.648125735264617,0.5888195983608963,10
Swimming/diving,15-17,Knee,79,,139.03721144535137,0.4458249644200282,,False,"estimate < 1200; CV bound outside [0, 0.33]; proportion CV unassessed or > 0.33",,1.172303247768943,0.42917024251706576,10
Swimming/diving,15-17,Lower leg,72,,132.05397780763172,0.5116186740097008,,False,"estimate < 1200; CV bound outside [0, 0.33]; proportion CV unassessed or > 0.33",,1.1439387071074436,0.506004004694771,10
Swimming/diving,15-17,Ankle,94,,152.4498053952617,0.42108008711869954,,False,"estimate < 1200; CV bound outside [0, 0.33]; proportion CV unassessed or > 0.33",,1.3506187529450815,0.42591889197987115,10
Swimming/diving,15-17,Foot/toes,266,,334.99017272463345,0.2992061815744031,,False,estimate < 1200,,2.5744468351965173,0.2625298687174456,10
Swimming/diving,15-17,Multiple/systemic,183,,223.1815278421741,0.35231144965409306,,False,"estimate < 1200; CV bound outside [0, 0.33]",,1.8017677044567182,0.32473089386867193,10
Swimming/diving,15-17,Internal/systemic,5,,11.13239,1.0,,False,"n < 20; estimate < 1200; CV bound outside [0, 0.33]; proportion CV unassessed or > 0.33",,0.10999398854844705,1.128072044168814,10
Swimming/diving,15-17,Not stated/other,27,,53.503467757448654,0.6083563385990683,,False,"estimate < 1200; CV bound outside [0, 0.33]; proportion CV unassessed or > 0.33",,0.5180956194890901,0.6725774856056337,10
Swimming/diving,18-24,Head/face,1622,7800.0,1441.1661798239784,0.18432624352593435,7800.0,True,passes conservative screen,49.0,3.8205642412457617,0.07804406236914613,10
Swimming/diving,18-24,Neck,91,,155.0098769374036,0.3853317405083952,,False,"estimate < 1200; CV bound outside [0, 0.33]; proportion CV unassessed or > 0.33",,1.0169975247760126,0.4037704749835263,10
Swimming/diving,18-24,Shoulder/upper arm,241,,314.62439195709646,0.26463482796633503,,False,estimate < 1200,,1.8863230331526037,0.2534019361107964,10
Swimming/diving,18-24,Elbow/forearm,54,,129.13172862549794,0.49692105335654635,,False,"estimate < 1200; CV bound outside [0, 0.33]; proportion CV unassessed or > 0.33",,0.7842103233905644,0.48197691507472057,10
Swimming/diving,18-24,Wrist/hand,148,,214.8879998147041,0.31390591735429013,,False,estimate < 1200,,1.2525814819220582,0.292235233738554,10
Swimming/diving,18-24,Trunk/spine,303,1500.0,365.9739542043047,0.2486937276325725,1500.0,True,passes conservative screen,9.2,1.985842439556868,0.21552551497589312,10
Swimming/diving,18-24,Hip/thigh,44,,117.27749304182962,0.5516937356999796,,False,"estimate < 1200; CV bound outside [0, 0.33]; proportion CV unassessed or > 0.33",,0.713423964618815,0.5360068288107309,10
Swimming/diving,18-24,Knee,123,,170.36697480667368,0.3046850305385659,,False,estimate < 1200,,1.0445472929157844,0.29835482368464716,10
Swimming/diving,18-24,Lower leg,78,,169.60758475851077,0.4271416664773932,,False,"estimate < 1200; CV bound outside [0, 0.33]; proportion CV unassessed or > 0.33",,1.029240846994217,0.4139834043667704,10
Swimming/diving,18-24,Ankle,93,,164.7102322927829,0.3746297998031369,,False,"estimate < 1200; CV bound outside [0, 0.33]; proportion CV unassessed or > 0.33",,1.0316541855287475,0.3747616437841792,10
Swimming/diving,18-24,Foot/toes,326,1400.0,350.7653350957704,0.2434375608364436,1400.0,True,passes conservative screen,9.0,1.840855076405664,0.20404679165341233,10
Swimming/diving,18-24,Multiple/systemic,192,,287.5995695136637,0.30031044640292,,False,estimate < 1200,,1.5233703172871014,0.25405453237801934,10
Swimming/diving,18-24,Internal/systemic,1,,2.1814899999999993,0.9999999999999997,,False,"n < 20; estimate < 1200; CV bound outside [0, 0.33]; proportion CV unassessed or > 0.33",,0.01541369043057743,1.128476854570602,10
Swimming/diving,18-24,Not stated/other,24,,93.52224055954447,0.6861416108911987,,False,"estimate < 1200; CV bound outside [0, 0.33]; proportion CV unassessed or > 0.33",,0.6060558544968693,0.7101510866688148,10
Swimming/diving,25-34,Head/face,1381,6800.0,1270.6451043563939,0.18561562519980343,6800.0,True,passes conservative screen,45.3,3.618485207120767,0.07988398215983145,10
Swimming/diving,25-34,Neck,113,,197.26733058139718,0.3406544151588883,,False,"estimate < 1200; CV bound outside [0, 0.33]",,1.2036237540588037,0.3141175807906788,10
Swimming/diving,25-34,Shoulder/upper arm,179,,243.88904370694848,0.28274188725547217,,False,estimate < 1200,,1.5262816327953141,0.2674084823238698,10
Swimming/diving,25-34,Elbow/forearm,68,,143.1824629599885,0.4167937057140319,,False,"estimate < 1200; CV bound outside [0, 0.33]; proportion CV unassessed or > 0.33",,0.919338497677553,0.40443563021708007,10
Swimming/diving,25-34,Wrist/hand,135,,198.91641650176547,0.3200410605046746,,False,estimate < 1200,,1.280070156334678,0.3112515236558743,10
Swimming/diving,25-34,Trunk/spine,374,1800.0,403.50593625381305,0.21890338031964038,1800.0,True,passes conservative screen,12.2,2.209945005864162,0.18118683790075255,10
Swimming/diving,25-34,Hip/thigh,35,,87.93895666921512,0.5860537327761544,,False,"estimate < 1200; CV bound outside [0, 0.33]; proportion CV unassessed or > 0.33",,0.5769151503321835,0.5810462616044558,10
Swimming/diving,25-34,Knee,134,,216.62138995960854,0.3253238040786659,,False,estimate < 1200,,1.3411958969975257,0.3044033022334256,10
Swimming/diving,25-34,Lower leg,100,,165.3572232794357,0.3760477983503871,,False,"estimate < 1200; CV bound outside [0, 0.33]; proportion CV unassessed or > 0.33",,1.0156592883405402,0.3490684226312659,10
Swimming/diving,25-34,Ankle,111,,185.5367949232016,0.35305675751480053,,False,"estimate < 1200; CV bound outside [0, 0.33]; proportion CV unassessed or > 0.33",,1.2753182311894045,0.3667546981707223,10
Swimming/diving,25-34,Foot/toes,273,1300.0,333.1161733503441,0.2557691421644936,1300.0,True,passes conservative screen,8.6,1.8844151913731715,0.21866116827152396,10
Swimming/diving,25-34,Multiple/systemic,170,,287.4530919048894,0.34508685507404685,,False,"estimate < 1200; CV bound outside [0, 0.33]",,1.6270095625803758,0.2951849268912441,10
Swimming/diving,25-34,Internal/systemic,1,,1.9710999999999999,1.0,,False,"n < 20; estimate < 1200; CV bound outside [0, 0.33]; proportion CV unassessed or > 0.33",,0.014772291409673288,1.1326137973997903,10
Swimming/diving,25-34,Not stated/other,19,,73.1416398232235,0.741940076274107,,False,"n < 20; estimate < 1200; CV bound outside [0, 0.33]; proportion CV unassessed or > 0.33",,0.4925411358491681,0.7550735972712329,10
Swimming/diving,35-44,Head/face,898,4500.0,904.2444333017911,0.2005846044732386,4500.0,True,passes conservative screen,35.7,3.8577338072569107,0.10816281794766329,10
Swimming/diving,35-44,Neck,92,,193.6973334824506,0.3740034076339541,,False,"estimate < 1200; CV bound outside [0, 0.33]; proportion CV unassessed or > 0.33",,1.4104086837360226,0.3442158577527677,10
Swimming/diving,35-44,Shoulder/upper arm,172,,265.5988349033065,0.2848357071515605,,False,estimate < 1200,,1.9951841125009948,0.27044890526110904,10
Swimming/diving,35-44,Elbow/forearm,64,,147.41729365434003,0.4990721145846872,,False,"estimate < 1200; CV bound outside [0, 0.33]; proportion CV unassessed or > 0.33",,1.127848811354926,0.48261380489165706,10
Swimming/diving,35-44,Wrist/hand,123,,219.41791603317424,0.33321975228755396,,False,"estimate < 1200; CV bound outside [0, 0.33]",,1.5354059554350323,0.29472423955009935,10
Swimming/diving,35-44,Trunk/spine,361,1900.0,423.89038475137147,0.22873730579059195,1900.0,True,passes conservative screen,14.7,2.6301734570453617,0.17939147898955513,10
Swimming/diving,35-44,Hip/thigh,34,,98.93978721306333,0.6280162711600542,,False,"estimate < 1200; CV bound outside [0, 0.33]; proportion CV unassessed or > 0.33",,0.7842102023115431,0.6291676664749751,10
Swimming/diving,35-44,Knee,125,,195.12827788987562,0.3317328670351926,,False,"estimate < 1200; CV bound outside [0, 0.33]",,1.4382483150187875,0.30905526613266415,10
Swimming/diving,35-44,Lower leg,123,,209.88348162110188,0.342795441668956,,False,"estimate < 1200; CV bound outside [0, 0.33]",,1.5593376566657955,0.32190737679364345,10
Swimming/diving,35-44,Ankle,106,,184.45196729640443,0.36343581738996994,,False,"estimate < 1200; CV bound outside [0, 0.33]",,1.3177833871268851,0.3281878102024419,10
Swimming/diving,35-44,Foot/toes,224,,320.90829256204677,0.2676558957611622,,False,estimate < 1200,,2.3380517128502714,0.24648129709956554,10
Swimming/diving,35-44,Multiple/systemic,134,,242.58517492929326,0.35198564746572075,,False,"estimate < 1200; CV bound outside [0, 0.33]",,1.6825619616649325,0.3085785606048387,10
Swimming/diving,35-44,Internal/systemic,2,,14.165780000000002,1.0,,False,"n < 20; estimate < 1200; CV bound outside [0, 0.33]; proportion CV unassessed or > 0.33",,0.1249372477488759,1.1147703924197212,10
Swimming/diving,35-44,Not stated/other,22,,69.64211539806837,0.655076769750034,,False,"estimate < 1200; CV bound outside [0, 0.33]; proportion CV unassessed or > 0.33",,0.5829382869388683,0.6930695339557005,10
Swimming/diving,45-54,Head/face,580,2900.0,694.2395386321698,0.24126098825512685,2900.0,True,passes conservative screen,30.0,4.32115361746944,0.1438801433816733,10
Swimming/diving,45-54,Neck,67,,143.69214300812735,0.4349132555101554,,False,"estimate < 1200; CV bound outside [0, 0.33]; proportion CV unassessed or > 0.33",,1.4988203213493114,0.4346529116803773,10
Swimming/diving,45-54,Shoulder/upper arm,119,,200.5423674408957,0.34537723766794565,,False,"estimate < 1200; CV bound outside [0, 0.33]",,1.9827588014648168,0.3271755629619158,10
Swimming/diving,45-54,Elbow/forearm,39,,103.38002221858498,0.5818442252765785,,False,"estimate < 1200; CV bound outside [0, 0.33]; proportion CV unassessed or > 0.33",,1.0639155237426863,0.5737208733298366,10
Swimming/diving,45-54,Wrist/hand,98,,183.12085649387853,0.36052628971687545,,False,"estimate < 1200; CV bound outside [0, 0.33]; proportion CV unassessed or > 0.33",,1.8841374270689306,0.35541446784485986,10
Swimming/diving,45-54,Trunk/spine,390,1900.0,443.6610710361857,0.2381579311881373,1900.0,True,passes conservative screen,19.4,3.4300254437892663,0.1764145760074587,10
Swimming/diving,45-54,Hip/thigh,26,,99.90921574708476,0.6008728255827974,,False,"estimate < 1200; CV bound outside [0, 0.33]; proportion CV unassessed or > 0.33",,1.090261787194106,0.6282481264740628,10
Swimming/diving,45-54,Knee,103,,201.49147503358316,0.3702531016414652,,False,"estimate < 1200; CV bound outside [0, 0.33]; proportion CV unassessed or > 0.33",,1.9077176863997853,0.33587643356727254,10
Swimming/diving,45-54,Lower leg,113,,213.32380902358244,0.36320403751930563,,False,"estimate < 1200; CV bound outside [0, 0.33]",,1.9419177285570273,0.31678569529775963,10
Swimming/diving,45-54,Ankle,66,,135.6343167615274,0.41893814671198354,,False,"estimate < 1200; CV bound outside [0, 0.33]; proportion CV unassessed or > 0.33",,1.3242713801467134,0.39190491871810973,10
Swimming/diving,45-54,Foot/toes,164,,256.2901334938737,0.30367725305692755,,False,estimate < 1200,,2.341410443982773,0.265816125860978,10
Swimming/diving,45-54,Multiple/systemic,131,,272.8889500429693,0.3950074565821884,,False,"estimate < 1200; CV bound outside [0, 0.33]",,2.3723096999159665,0.32901380896570553,10
Swimming/diving,45-54,Internal/systemic,2,,9.118469999999993,0.9999999999999992,,False,"n < 20; estimate < 1200; CV bound outside [0, 0.33]; proportion CV unassessed or > 0.33",,0.10799688728543978,1.1347825858279428,10
Swimming/diving,45-54,Not stated/other,15,,65.26017442673015,0.8290768969527269,,False,"n < 20; estimate < 1200; CV bound outside [0, 0.33]; proportion CV unassessed or > 0.33",,0.7021735046161894,0.8547014070735635,10
Swimming/diving,55-64,Head/face,422,2200.0,555.1654364014963,0.2514087630617503,2200.0,True,passes conservative screen,25.1,3.7994395564646655,0.1515531564468892,10
Swimming/diving,55-64,Neck,46,,133.5535753174921,0.5613488729042329,,False,"estimate < 1200; CV bound outside [0, 0.33]; proportion CV unassessed or > 0.33",,1.408049074627236,0.5212938271459,10
Swimming/diving,55-64,Shoulder/upper arm,110,,215.52578777689396,0.3642665955204659,,False,"estimate < 1200; CV bound outside [0, 0.33]; proportion CV unassessed or > 0.33",,2.2978540212258274,0.34208182108953783,10
Swimming/diving,55-64,Elbow/forearm,46,,127.41214047373822,0.5303687979455712,,False,"estimate < 1200; CV bound outside [0, 0.33]; proportion CV unassessed or > 0.33",,1.3168072099287347,0.48281060950719595,10
Swimming/diving,55-64,Wrist/hand,81,,163.0786428347441,0.39936046653258733,,False,"estimate < 1200; CV bound outside [0, 0.33]; proportion CV unassessed or > 0.33",,1.7152156231210274,0.36997651818499194,10
Swimming/diving,55-64,Trunk/spine,387,1900.0,524.0620002593033,0.273246941373761,1900.0,True,passes conservative screen,21.8,4.118577105594421,0.18915041341412692,10
Swimming/diving,55-64,Hip/thigh,34,,110.89774277864267,0.6095648150633548,,False,"estimate < 1200; CV bound outside [0, 0.33]; proportion CV unassessed or > 0.33",,1.2286044956704316,0.594835307874067,10
Swimming/diving,55-64,Knee,107,,178.22077153319964,0.3496098930602847,,False,"estimate < 1200; CV bound outside [0, 0.33]; proportion CV unassessed or > 0.33",,1.9384775400431054,0.3349450949775984,10
Swimming/diving,55-64,Lower leg,107,,212.76167871572915,0.3697362826127587,,False,"estimate < 1200; CV bound outside [0, 0.33]; proportion CV unassessed or > 0.33",,2.2260102893069114,0.34073228386439214,10
Swimming/diving,55-64,Ankle,65,,159.52718159028956,0.4781744175083137,,False,"estimate < 1200; CV bound outside [0, 0.33]; proportion CV unassessed or > 0.33",,1.6311548247763221,0.4306597507918037,10
Swimming/diving,55-64,Foot/toes,133,,237.67198498476677,0.3464664377232206,,False,"estimate < 1200; CV bound outside [0, 0.33]",,2.503912728341133,0.3215065461680286,10
Swimming/diving,55-64,Multiple/systemic,158,,344.2793283472127,0.4128984116419214,,False,"estimate < 1200; CV bound outside [0, 0.33]",,3.024417795057909,0.31949311565734057,10
Swimming/diving,55-64,Internal/systemic,0,,0.0,,,False,CV unassessed; proportion CV unassessed or > 0.33,,0.0,,10
Swimming/diving,55-64,Not stated/other,17,,57.938867045173176,0.6950899351093526,,False,"n < 20; estimate < 1200; CV bound outside [0, 0.33]; proportion CV unassessed or > 0.33",,0.7245499045309421,0.7656437815425885,10
Swimming/diving,65-74,Head/face,296,1500.0,439.1182357480478,0.29005395416792756,1500.0,True,passes conservative screen,21.6,3.9572994386481652,0.18324708248899463,10
Swimming/diving,65-74,Neck,26,,79.75536678166597,0.6792855672701777,,False,"estimate < 1200; CV bound outside [0, 0.33]; proportion CV unassessed or > 0.33",,1.1744317757227134,0.7012309912712191,10
Swimming/diving,65-74,Shoulder/upper arm,103,,236.74880309197906,0.42979229425263055,,False,"estimate < 1200; CV bound outside [0, 0.33]; proportion CV unassessed or > 0.33",,2.856254813947846,0.36350351942641246,10
Swimming/diving,65-74,Elbow/forearm,47,,116.47411124836535,0.4982747572717776,,False,"estimate < 1200; CV bound outside [0, 0.33]; proportion CV unassessed or > 0.33",,1.5521759215295519,0.4655016889246571,10
Swimming/diving,65-74,Wrist/hand,73,,198.1041514562534,0.5006363114805741,,False,"estimate < 1200; CV bound outside [0, 0.33]; proportion CV unassessed or > 0.33",,2.7640569440878484,0.48968476591411825,10
Swimming/diving,65-74,Trunk/spine,337,,636.0852282089837,0.3559114938341077,,False,"CV bound outside [0, 0.33]",,4.440179966810764,0.17416789954060016,10
Swimming/diving,65-74,Hip/thigh,27,,75.82780015958964,0.6394587082592215,,False,"estimate < 1200; CV bound outside [0, 0.33]; proportion CV unassessed or > 0.33",,1.094199507357299,0.6468765415035079,10
Swimming/diving,65-74,Knee,80,,201.2693892052611,0.4464536268877675,,False,"estimate < 1200; CV bound outside [0, 0.33]; proportion CV unassessed or > 0.33",,2.3243816457938533,0.3614488956554196,10
Swimming/diving,65-74,Lower leg,76,,178.0175862713937,0.46136275860882314,,False,"estimate < 1200; CV bound outside [0, 0.33]; proportion CV unassessed or > 0.33",,2.259358977817253,0.41049295134245173,10
Swimming/diving,65-74,Ankle,41,,110.28045127924922,0.58203864629622,,False,"estimate < 1200; CV bound outside [0, 0.33]; proportion CV unassessed or > 0.33",,1.5865121169605085,0.5869992125849164,10
Swimming/diving,65-74,Foot/toes,88,,201.82009942257696,0.38658909161238847,,False,"estimate < 1200; CV bound outside [0, 0.33]; proportion CV unassessed or > 0.33",,2.707502039448305,0.36357566738177594,10
Swimming/diving,65-74,Multiple/systemic,121,,307.3992823378869,0.49513760103836574,,False,"estimate < 1200; CV bound outside [0, 0.33]; proportion CV unassessed or > 0.33",,2.998005561060404,0.3385293528190436,10
Swimming/diving,65-74,Internal/systemic,0,,0.0,,,False,CV unassessed; proportion CV unassessed or > 0.33,,0.0,,10
Swimming/diving,65-74,Not stated/other,23,,84.70453483354063,0.6835383865624727,,False,"estimate < 1200; CV bound outside [0, 0.33]; proportion CV unassessed or > 0.33",,1.221224602667641,0.6908641070761283,10
Swimming/diving,75+,Head/face,222,,487.9262049607511,0.4295415967352147,,False,"estimate < 1200; CV bound outside [0, 0.33]",,4.132056477281496,0.1894318328234623,10
Swimming/diving,75+,Neck,16,,57.670714220674725,0.7461298852909013,,False,"n < 20; estimate < 1200; CV bound outside [0, 0.33]; proportion CV unassessed or > 0.33",,1.2418178363012005,0.8366669760363641,10
Swimming/diving,75+,Shoulder/upper arm,49,,156.853539004394,0.5694185777736676,,False,"estimate < 1200; CV bound outside [0, 0.33]; proportion CV unassessed or > 0.33",,2.403444520588746,0.45436727077032885,10
Swimming/diving,75+,Elbow/forearm,31,,90.09323029566599,0.6208698391961769,,False,"estimate < 1200; CV bound outside [0, 0.33]; proportion CV unassessed or > 0.33",,1.8078431615278434,0.64879095036159,10
Swimming/diving,75+,Wrist/hand,35,,116.17832350577098,0.5844518939083819,,False,"estimate < 1200; CV bound outside [0, 0.33]; proportion CV unassessed or > 0.33",,2.218057140332626,0.5810747762181903,10
Swimming/diving,75+,Trunk/spine,274,,587.5250563091937,0.38958101768849407,,False,"CV bound outside [0, 0.33]",,4.833587467235873,0.16690778944918996,10
Swimming/diving,75+,Hip/thigh,26,,100.56073110409397,0.6225177770315141,,False,"estimate < 1200; CV bound outside [0, 0.33]; proportion CV unassessed or > 0.33",,1.7219916562282431,0.5551240041476915,10
Swimming/diving,75+,Knee,46,,126.4522197769157,0.557240186870337,,False,"estimate < 1200; CV bound outside [0, 0.33]; proportion CV unassessed or > 0.33",,1.9687899577111887,0.45180495095792494,10
Swimming/diving,75+,Lower leg,70,,185.4558928956815,0.5105794169433898,,False,"estimate < 1200; CV bound outside [0, 0.33]; proportion CV unassessed or > 0.33",,2.4329547486501615,0.3488127292412296,10
Swimming/diving,75+,Ankle,23,,88.54517425307611,0.6448633507285467,,False,"estimate < 1200; CV bound outside [0, 0.33]; proportion CV unassessed or > 0.33",,1.7854157027023316,0.6771389209951637,10
Swimming/diving,75+,Foot/toes,34,,116.20929103435287,0.5701359348277463,,False,"estimate < 1200; CV bound outside [0, 0.33]; proportion CV unassessed or > 0.33",,1.7962815231562668,0.45893121112758634,10
Swimming/diving,75+,Multiple/systemic,122,,347.4655749544371,0.4977037112672049,,False,"estimate < 1200; CV bound outside [0, 0.33]",,4.145311658223538,0.3092088474880265,10
Swimming/diving,75+,Internal/systemic,0,,0.0,,,False,CV unassessed; proportion CV unassessed or > 0.33,,0.0,,10
Swimming/diving,75+,Not stated/other,12,,54.11115658229615,0.712469069052803,,False,"n < 20; estimate < 1200; CV bound outside [0, 0.33]; proportion CV unassessed or > 0.33",,1.2825147326237982,0.87938122519021,10
Baseball/softball,0-4,Head/face,782,2500.0,495.75757074323127,0.19739801839196294,2500.0,True,passes conservative screen,90.2,4.218837729030075,0.04679108867068214,10
Baseball/softball,0-4,Neck,2,,3.162999999999999,0.9999999999999996,,False,"n < 20; estimate < 1200; CV bound outside [0, 0.33]; proportion CV unassessed or > 0.33",,0.13271122894657453,1.1687062701210233,10
Baseball/softball,0-4,Shoulder/upper arm,5,,25.545343369702287,0.8189434303379209,,False,"n < 20; estimate < 1200; CV bound outside [0, 0.33]; proportion CV unassessed or > 0.33",,1.0498215580896257,0.9374638732769052,10
Baseball/softball,0-4,Elbow/forearm,23,,49.01097767103074,0.7652620384049068,,False,"estimate < 1200; CV bound outside [0, 0.33]; proportion CV unassessed or > 0.33",,1.852807144173981,0.8058308989267541,10
Baseball/softball,0-4,Wrist/hand,23,,42.24310760688471,0.7945623806317982,,False,"estimate < 1200; CV bound outside [0, 0.33]; proportion CV unassessed or > 0.33",,1.552668216943653,0.8134815318340879,10
Baseball/softball,0-4,Trunk/spine,17,,24.35791926209037,0.8188097355949909,,False,"n < 20; estimate < 1200; CV bound outside [0, 0.33]; proportion CV unassessed or > 0.33",,0.9305358603600526,0.8713102449685088,10
Baseball/softball,0-4,Hip/thigh,4,,7.043169999999999,0.9999999999999998,,False,"n < 20; estimate < 1200; CV bound outside [0, 0.33]; proportion CV unassessed or > 0.33",,0.2810222284556446,1.1113974535182511,10
Baseball/softball,0-4,Knee,6,,17.828051272027455,0.9739358340504783,,False,"n < 20; estimate < 1200; CV bound outside [0, 0.33]; proportion CV unassessed or > 0.33",,0.6920700831137847,1.0531092846476653,10
Baseball/softball,0-4,Lower leg,18,,25.98696561897093,0.7991602646107776,,False,"n < 20; estimate < 1200; CV bound outside [0, 0.33]; proportion CV unassessed or > 0.33",,1.0045290078149354,0.8604738719430283,10
Baseball/softball,0-4,Ankle,6,,27.365770398997917,0.907657989868544,,False,"n < 20; estimate < 1200; CV bound outside [0, 0.33]; proportion CV unassessed or > 0.33",,1.0941827729182034,1.010884003087305,10
Baseball/softball,0-4,Foot/toes,5,,3.1012779404045476,0.897209941735631,,False,"n < 20; estimate < 1200; CV bound outside [0, 0.33]; proportion CV unassessed or > 0.33",,0.12472486767230798,1.0050862556675482,10
Baseball/softball,0-4,Multiple/systemic,1,,0.45055999999999996,0.9999999999999998,,False,"n < 20; estimate < 1200; CV bound outside [0, 0.33]; proportion CV unassessed or > 0.33",,0.018900499185638582,1.1684699192455832,10
Baseball/softball,0-4,Internal/systemic,0,,0.0,,,False,CV unassessed; proportion CV unassessed or > 0.33,,0.0,,10
Baseball/softball,0-4,Not stated/other,1,,0.7609199999999999,0.9999999999999999,,False,"n < 20; estimate < 1200; CV bound outside [0, 0.33]; proportion CV unassessed or > 0.33",,0.03203958390759079,1.1728561870278222,10
Baseball/softball,5-9,Head/face,3393,9900.0,1445.8848357260897,0.14651931347385497,9900.0,True,passes conservative screen,62.6,3.251131276704512,0.0519556627499885,10
Baseball/softball,5-9,Neck,50,,75.24521488728062,0.5952205370020179,,False,"estimate < 1200; CV bound outside [0, 0.33]; proportion CV unassessed or > 0.33",,0.4502413963874668,0.561670551091729,10
Baseball/softball,5-9,Shoulder/upper arm,110,,147.32017602933368,0.4263571154172212,,False,"estimate < 1200; CV bound outside [0, 0.33]; proportion CV unassessed or > 0.33",,0.9074259373812215,0.41415192630410486,10
Baseball/softball,5-9,Elbow/forearm,276,,228.14171898050512,0.3157812679344631,,False,estimate < 1200,,1.2190742253588176,0.2661025367219552,10
Baseball/softball,5-9,Wrist/hand,616,2000.0,402.76038222553353,0.2044040360885212,2000.0,True,passes conservative screen,12.5,1.9083517389497737,0.15273492585107423,10
Baseball/softball,5-9,Trunk/spine,266,,274.2256615318096,0.30355478486401133,,False,estimate < 1200,,1.4613357864436596,0.25510338461403004,10
Baseball/softball,5-9,Hip/thigh,56,,54.27422895373568,0.6358218379493582,,False,"estimate < 1200; CV bound outside [0, 0.33]; proportion CV unassessed or > 0.33",,0.3356638993630886,0.6201312597672988,10
Baseball/softball,5-9,Knee,161,,175.44098865804904,0.3604906834478731,,False,"estimate < 1200; CV bound outside [0, 0.33]; proportion CV unassessed or > 0.33",,1.0249256510929154,0.3321181059286262,10
Baseball/softball,5-9,Lower leg,78,,114.07456777224736,0.5173633502370962,,False,"estimate < 1200; CV bound outside [0, 0.33]; proportion CV unassessed or > 0.33",,0.6886561693006106,0.4925456428740371,10
Baseball/softball,5-9,Ankle,162,,202.73928710117391,0.3744080731432287,,False,"estimate < 1200; CV bound outside [0, 0.33]; proportion CV unassessed or > 0.33",,1.1806097517813774,0.3438356205151616,10
Baseball/softball,5-9,Foot/toes,91,,127.35005641807302,0.4352059497806834,,False,"estimate < 1200; CV bound outside [0, 0.33]; proportion CV unassessed or > 0.33",,0.7956233351248305,0.4287858107289913,10
Baseball/softball,5-9,Multiple/systemic,52,,101.73061118946691,0.600265165319261,,False,"estimate < 1200; CV bound outside [0, 0.33]; proportion CV unassessed or > 0.33",,0.6256342480093656,0.5821691833002364,10
Baseball/softball,5-9,Internal/systemic,0,,0.0,,,False,CV unassessed; proportion CV unassessed or > 0.33,,0.0,,10
Baseball/softball,5-9,Not stated/other,18,,30.120539669589085,0.7998942965953073,,False,"n < 20; estimate < 1200; CV bound outside [0, 0.33]; proportion CV unassessed or > 0.33",,0.19783149273510203,0.8285190339224334,10
Baseball/softball,10-14,Head/face,5595,16600.0,2229.0462485793537,0.1341516590027057,16600.0,True,passes conservative screen,35.9,2.270688886766507,0.06333117517117122,10
Baseball/softball,10-14,Neck,181,,160.69740792244482,0.34019238416668895,,False,"estimate < 1200; CV bound outside [0, 0.33]",,0.32736238660490097,0.32116442838250414,10
Baseball/softball,10-14,Shoulder/upper arm,676,2200.0,467.7422003812213,0.21596268500627652,2200.0,True,passes conservative screen,4.7,0.7646141188989313,0.16360531980602466,10
Baseball/softball,10-14,Elbow/forearm,1214,3800.0,792.0803343656218,0.2064390730967776,3800.0,True,passes conservative screen,8.3,1.0769744876318237,0.13008015000257156,10
Baseball/softball,10-14,Wrist/hand,2729,9800.0,1492.6079317466588,0.15294269947439265,9800.0,True,passes conservative screen,21.1,1.72546377320749,0.08193544103308562,10
Baseball/softball,10-14,Trunk/spine,866,2500.0,547.9329886594127,0.21890976907968446,2500.0,True,passes conservative screen,5.4,0.8223561092831353,0.15225815461664458,10
Baseball/softball,10-14,Hip/thigh,187,,177.23132782546597,0.3571050257203476,,False,"estimate < 1200; CV bound outside [0, 0.33]",,0.34685764116437906,0.32388413955901857,10
Baseball/softball,10-14,Knee,963,3200.0,624.2227849006379,0.19220334939295694,3200.0,True,passes conservative screen,7.0,0.9214041475857268,0.13147840941800373,10
Baseball/softball,10-14,Lower leg,454,1300.0,309.45158021053624,0.23830993705202516,1300.0,True,passes conservative screen,2.8,0.5556675579286514,0.19831128693775862,10
Baseball/softball,10-14,Ankle,1152,4200.0,757.2370854231772,0.1788075752438597,4200.0,True,passes conservative screen,9.1,0.9919770932594928,0.10855219914493966,10
Baseball/softball,10-14,Foot/toes,300,,300.5340655862255,0.26107912279732987,,False,estimate < 1200,,0.5717370518983368,0.23017477129644462,10
Baseball/softball,10-14,Multiple/systemic,116,,176.56866054288406,0.4089107143221689,,False,"estimate < 1200; CV bound outside [0, 0.33]; proportion CV unassessed or > 0.33",,0.35569623087548174,0.3817482676312836,10
Baseball/softball,10-14,Internal/systemic,2,,6.296180000000001,1.0000000000000002,,False,"n < 20; estimate < 1200; CV bound outside [0, 0.33]; proportion CV unassessed or > 0.33",,0.0150139773214739,1.1050999622292401,10
Baseball/softball,10-14,Not stated/other,40,,94.13832409513628,0.7656857063286528,,False,"estimate < 1200; CV bound outside [0, 0.33]; proportion CV unassessed or > 0.33",,0.20417449902637178,0.7696061331515939,10
Baseball/softball,15-17,Head/face,3079,9800.0,1376.7383899016065,0.14037883340460583,9800.0,True,passes conservative screen,33.7,2.182174840982583,0.06483523833276415,10
Baseball/softball,15-17,Neck,117,,145.80990884603443,0.38991165690585805,,False,"estimate < 1200; CV bound outside [0, 0.33]; proportion CV unassessed or > 0.33",,0.4845288305146105,0.3775462538595994,10
Baseball/softball,15-17,Shoulder/upper arm,552,1900.0,417.69754188300794,0.22023404287831147,1900.0,True,passes conservative screen,6.5,1.1311716837999646,0.17378905350068025,10
Baseball/softball,15-17,Elbow/forearm,538,1900.0,446.28615382906594,0.2300279064665175,1900.0,True,passes conservative screen,6.7,1.2046974944881579,0.18093245754338733,10
Baseball/softball,15-17,Wrist/hand,1416,5100.0,792.3361347360385,0.15614763632112216,5100.0,True,passes conservative screen,17.4,1.7841503263240226,0.10245396179337435,10
Baseball/softball,15-17,Trunk/spine,595,1900.0,437.17027784236734,0.2321032253404973,1900.0,True,passes conservative screen,6.5,1.1273611042649903,0.17440741928391584,10
Baseball/softball,15-17,Hip/thigh,178,,173.5945867455248,0.33349359854929755,,False,"estimate < 1200; CV bound outside [0, 0.33]",,0.5620007980845154,0.3146006510733619,10
Baseball/softball,15-17,Knee,780,2700.0,516.7029553676737,0.18868458389732012,2700.0,True,passes conservative screen,9.4,1.2937225063050977,0.13766006408314319,10
Baseball/softball,15-17,Lower leg,310,,281.29568692353996,0.2884061916063755,,False,estimate < 1200,,0.9016778300259207,0.2693793242892713,10
Baseball/softball,15-17,Ankle,810,2900.0,499.57029995518485,0.17207845864859153,2900.0,True,passes conservative screen,10.0,1.3763205361195912,0.13814044391757455,10
Baseball/softball,15-17,Foot/toes,153,,218.41537627638212,0.3805117621797171,,False,"estimate < 1200; CV bound outside [0, 0.33]; proportion CV unassessed or > 0.33",,0.6761615268590879,0.34324695563839447,10
Baseball/softball,15-17,Multiple/systemic,90,,189.8048543049458,0.4775684544789159,,False,"estimate < 1200; CV bound outside [0, 0.33]; proportion CV unassessed or > 0.33",,0.5778077365264102,0.4236264127360387,10
Baseball/softball,15-17,Internal/systemic,0,,0.0,,,False,CV unassessed; proportion CV unassessed or > 0.33,,0.0,,10
Baseball/softball,15-17,Not stated/other,18,,40.516261867634526,0.7495883427080827,,False,"n < 20; estimate < 1200; CV bound outside [0, 0.33]; proportion CV unassessed or > 0.33",,0.14639496766396726,0.7892070636897345,10
Baseball/softball,18-24,Head/face,1142,5200.0,765.7527127205051,0.14678572025046172,5200.0,True,passes conservative screen,32.4,3.122882849838033,0.09648578528618991,10
Baseball/softball,18-24,Neck,37,,72.33434588676705,0.624369795012774,,False,"estimate < 1200; CV bound outside [0, 0.33]; proportion CV unassessed or > 0.33",,0.45411859869346655,0.6317990880402301,10
Baseball/softball,18-24,Shoulder/upper arm,350,1700.0,355.2775653732307,0.21502695588670148,1700.0,True,passes conservative screen,10.3,1.894962636357648,0.1848579586599146,10
Baseball/softball,18-24,Elbow/forearm,180,,293.5844375483208,0.34552453575308206,,False,"estimate < 1200; CV bound outside [0, 0.33]",,1.6570894282658966,0.3143432848864532,10
Baseball/softball,18-24,Wrist/hand,580,2700.0,486.4119064972154,0.18192589000797868,2700.0,True,passes conservative screen,16.6,2.354050666023142,0.1419117958682797,10
Baseball/softball,18-24,Trunk/spine,222,,277.0001246199455,0.2692666883932826,,False,estimate < 1200,,1.5527323241954494,0.24328293010422133,10
Baseball/softball,18-24,Hip/thigh,112,,189.46494274426573,0.3478703955020641,,False,"estimate < 1200; CV bound outside [0, 0.33]; proportion CV unassessed or > 0.33",,1.1187072055659675,0.33106816555394336,10
Baseball/softball,18-24,Knee,334,1400.0,314.3231362785998,0.22050451710108332,1400.0,True,passes conservative screen,8.8,1.71900121063282,0.1943702095889181,10
Baseball/softball,18-24,Lower leg,127,,186.25882530396925,0.31888352688427013,,False,estimate < 1200,,1.1181284415272366,0.3085455582411461,10
Baseball/softball,18-24,Ankle,311,1500.0,338.3193044166965,0.2314574740702866,1500.0,True,passes conservative screen,9.1,1.835653330517129,0.2024172291958974,10
Baseball/softball,18-24,Foot/toes,67,,133.52571242704764,0.46990990491962736,,False,"estimate < 1200; CV bound outside [0, 0.33]; proportion CV unassessed or > 0.33",,0.8108283935161484,0.4599292423113132,10
Baseball/softball,18-24,Multiple/systemic,57,,140.7033842070362,0.5808520122386175,,False,"estimate < 1200; CV bound outside [0, 0.33]; proportion CV unassessed or > 0.33",,0.8402729110717282,0.5591054129600754,10
Baseball/softball,18-24,Internal/systemic,0,,0.0,,,False,CV unassessed; proportion CV unassessed or > 0.33,,0.0,,10
Baseball/softball,18-24,Not stated/other,7,,37.29944496713323,0.9620568660707475,,False,"n < 20; estimate < 1200; CV bound outside [0, 0.33]; proportion CV unassessed or > 0.33",,0.24081641622649066,1.0011446759895146,10
Baseball/softball,25-34,Head/face,778,3600.0,590.7101834825355,0.16447193969349663,3600.0,True,passes conservative screen,25.0,3.0628832290284467,0.1224702946066073,10
Baseball/softball,25-34,Neck,24,,88.89960072948993,0.6292699376261859,,False,"estimate < 1200; CV bound outside [0, 0.33]; proportion CV unassessed or > 0.33",,0.6111829996827144,0.6212857691783659,10
Baseball/softball,25-34,Shoulder/upper arm,291,1400.0,326.76565371624383,0.23267091723755692,1400.0,True,passes conservative screen,9.8,2.0102281199562464,0.20555782339644552,10
Baseball/softball,25-34,Elbow/forearm,116,,218.9927890825892,0.3655018286418086,,False,"estimate < 1200; CV bound outside [0, 0.33]; proportion CV unassessed or > 0.33",,1.4497627864169993,0.34748787355506905,10
Baseball/softball,25-34,Wrist/hand,410,1900.0,417.0170579652052,0.2160178237382539,1900.0,True,passes conservative screen,13.4,2.4208044748355437,0.18008537569615612,10
Baseball/softball,25-34,Trunk/spine,229,,285.4950802723271,0.2581204536936422,,False,estimate < 1200,,1.7875161927296892,0.2320901675227203,10
Baseball/softball,25-34,Hip/thigh,124,,204.75902022721965,0.3303471432155448,,False,"estimate < 1200; CV bound outside [0, 0.33]",,1.3108350034984868,0.3037095923738373,10
Baseball/softball,25-34,Knee,330,1500.0,332.45168208954647,0.2187881118239542,1500.0,True,passes conservative screen,10.6,1.9645716006257672,0.18567182817180067,10
Baseball/softball,25-34,Lower leg,233,,312.11539658727065,0.2638984433831416,,False,estimate < 1200,,1.9023236497585208,0.23098778221758415,10
Baseball/softball,25-34,Ankle,333,1600.0,320.0603888078895,0.2056116116417335,1600.0,True,passes conservative screen,10.8,1.8378906578432361,0.16955802342462925,10
Baseball/softball,25-34,Foot/toes,106,,184.53544049598332,0.3686911364951993,,False,"estimate < 1200; CV bound outside [0, 0.33]; proportion CV unassessed or > 0.33",,1.2402875194031304,0.3558674375014124,10
Baseball/softball,25-34,Multiple/systemic,36,,93.96463194600719,0.5154377230471049,,False,"estimate < 1200; CV bound outside [0, 0.33]; proportion CV unassessed or > 0.33",,0.6741020214778106,0.5310316162829996,10
Baseball/softball,25-34,Internal/systemic,0,,0.0,,,False,CV unassessed; proportion CV unassessed or > 0.33,,0.0,,10
Baseball/softball,25-34,Not stated/other,6,,21.1421538093037,0.7972082382853133,,False,"n < 20; estimate < 1200; CV bound outside [0, 0.33]; proportion CV unassessed or > 0.33",,0.15961276562122723,0.8643171670611288,10
Baseball/softball,35-44,Head/face,669,3200.0,542.6262665671186,0.1712179998894989,3200.0,True,passes conservative screen,28.4,3.437815133242343,0.12105472218977537,10
Baseball/softball,35-44,Neck,21,,71.0156885164719,0.5757687227728401,,False,"estimate < 1200; CV bound outside [0, 0.33]; proportion CV unassessed or > 0.33",,0.656686435803187,0.5941586476879838,10
Baseball/softball,35-44,Shoulder/upper arm,219,,279.7945993583069,0.2531552175793534,,False,estimate < 1200,,2.186007522345933,0.22072413159764037,10
Baseball/softball,35-44,Elbow/forearm,96,,165.12003320614647,0.3328830513171748,,False,"estimate < 1200; CV bound outside [0, 0.33]",,1.4288639994122518,0.3214647962395507,10
Baseball/softball,35-44,Wrist/hand,287,1300.0,320.08583897402235,0.2529049855988474,1300.0,True,passes conservative screen,11.3,2.2692031144258555,0.20008517452616384,10
Baseball/softball,35-44,Trunk/spine,223,,260.8908371717149,0.25020087709536803,,False,estimate < 1200,,2.183071982201382,0.23364079040100555,10
Baseball/softball,35-44,Hip/thigh,82,,168.57110094593207,0.41859286359062736,,False,"estimate < 1200; CV bound outside [0, 0.33]; proportion CV unassessed or > 0.33",,1.4601059294903167,0.4046165762022387,10
Baseball/softball,35-44,Knee,211,,269.0442587631814,0.259034008654377,,False,estimate < 1200,,2.1387208158138917,0.22979351240255338,10
Baseball/softball,35-44,Lower leg,221,,301.0792306335835,0.25678456799743904,,False,estimate < 1200,,2.263864899008499,0.2154712038316747,10
Baseball/softball,35-44,Ankle,174,,240.41585136698222,0.28797688729030996,,False,estimate < 1200,,1.9891877271231941,0.2659015782075472,10
Baseball/softball,35-44,Foot/toes,66,,174.0403319367487,0.45535311498389547,,False,"estimate < 1200; CV bound outside [0, 0.33]; proportion CV unassessed or > 0.33",,1.4412377076367928,0.4208086268779029,10
Baseball/softball,35-44,Multiple/systemic,22,,77.2227708857572,0.6715032897937702,,False,"estimate < 1200; CV bound outside [0, 0.33]; proportion CV unassessed or > 0.33",,0.712465631266286,0.6913807645562406,10
Baseball/softball,35-44,Internal/systemic,0,,0.0,,,False,CV unassessed; proportion CV unassessed or > 0.33,,0.0,,10
Baseball/softball,35-44,Not stated/other,4,,10.587838370198044,0.9150243598446166,,False,"n < 20; estimate < 1200; CV bound outside [0, 0.33]; proportion CV unassessed or > 0.33",,0.10471127596927614,1.0098791697918033,10
Baseball/softball,45-54,Head/face,429,2000.0,423.5777059629763,0.2114740558740249,2000.0,True,passes conservative screen,31.2,4.7672290057239834,0.15265648631386394,10
Baseball/softball,45-54,Neck,13,,50.182251727815455,0.7715868841622288,,False,"n < 20; estimate < 1200; CV bound outside [0, 0.33]; proportion CV unassessed or > 0.33",,0.8207546756219615,0.8094188308720126,10
Baseball/softball,45-54,Shoulder/upper arm,129,,188.00673281133257,0.3031918423339746,,False,estimate < 1200,,2.6921333214385585,0.2784619881622592,10
Baseball/softball,45-54,Elbow/forearm,73,,146.68095818837332,0.4317198850515739,,False,"estimate < 1200; CV bound outside [0, 0.33]; proportion CV unassessed or > 0.33",,2.260102499026737,0.42665977140842176,10
Baseball/softball,45-54,Wrist/hand,141,,213.79019301142694,0.33347733155830445,,False,"estimate < 1200; CV bound outside [0, 0.33]",,3.0602207198338545,0.3061657009152206,10
Baseball/softball,45-54,Trunk/spine,129,,216.62158494526813,0.33771042820294545,,False,"estimate < 1200; CV bound outside [0, 0.33]",,3.0247076362616943,0.30244846976761086,10
Baseball/softball,45-54,Hip/thigh,47,,135.85408871212232,0.5314639849301236,,False,"estimate < 1200; CV bound outside [0, 0.33]; proportion CV unassessed or > 0.33",,1.9719060563640212,0.494780520567294,10
Baseball/softball,45-54,Knee,104,,176.9038724846123,0.34517546575494784,,False,"estimate < 1200; CV bound outside [0, 0.33]",,2.6132021523149125,0.3270399692485235,10
Baseball/softball,45-54,Lower leg,122,,198.50225460836702,0.35210247241307047,,False,"estimate < 1200; CV bound outside [0, 0.33]",,2.863695908547741,0.3258035230239469,10
Baseball/softball,45-54,Ankle,76,,153.48875047718101,0.4250403221891713,,False,"estimate < 1200; CV bound outside [0, 0.33]; proportion CV unassessed or > 0.33",,2.324901221186174,0.41293655808520624,10
Baseball/softball,45-54,Foot/toes,65,,127.32967259387488,0.4241659505957989,,False,"estimate < 1200; CV bound outside [0, 0.33]; proportion CV unassessed or > 0.33",,2.003129745586075,0.4279967855094447,10
Baseball/softball,45-54,Multiple/systemic,22,,73.47539318970988,0.665837789730411,,False,"estimate < 1200; CV bound outside [0, 0.33]; proportion CV unassessed or > 0.33",,1.1542040992880596,0.6708638342076904,10
Baseball/softball,45-54,Internal/systemic,0,,0.0,,,False,CV unassessed; proportion CV unassessed or > 0.33,,0.0,,10
Baseball/softball,45-54,Not stated/other,0,,0.0,,,False,CV unassessed; proportion CV unassessed or > 0.33,,0.0,,10
Baseball/softball,55-64,Head/face,203,,244.12406429847778,0.27872769513214474,,False,estimate < 1200,,6.4229179308243065,0.24095861024854112,10
Baseball/softball,55-64,Neck,9,,35.99015004482631,0.9262450543591194,,False,"n < 20; estimate < 1200; CV bound outside [0, 0.33]; proportion CV unassessed or > 0.33",,1.1569786826263853,0.9783813082616033,10
Baseball/softball,55-64,Shoulder/upper arm,64,,147.06773667778887,0.4347730642361557,,False,"estimate < 1200; CV bound outside [0, 0.33]; proportion CV unassessed or > 0.33",,4.0940324735150195,0.3976830211890342,10
Baseball/softball,55-64,Elbow/forearm,23,,78.31074228583336,0.6621261775612068,,False,"estimate < 1200; CV bound outside [0, 0.33]; proportion CV unassessed or > 0.33",,2.2489513922409947,0.6247985769477303,10
Baseball/softball,55-64,Wrist/hand,90,,215.45715323041046,0.48886550920319843,,False,"estimate < 1200; CV bound outside [0, 0.33]; proportion CV unassessed or > 0.33",,5.165057934407607,0.3850740233133386,10
Baseball/softball,55-64,Trunk/spine,92,,195.94725327084083,0.42873662503127685,,False,"estimate < 1200; CV bound outside [0, 0.33]; proportion CV unassessed or > 0.33",,4.71138802119453,0.33871998644669093,10
Baseball/softball,55-64,Hip/thigh,25,,87.53319757517586,0.6603916106333263,,False,"estimate < 1200; CV bound outside [0, 0.33]; proportion CV unassessed or > 0.33",,2.496049178085738,0.6187602935205017,10
Baseball/softball,55-64,Knee,43,,99.38391775329312,0.565980565691125,,False,"estimate < 1200; CV bound outside [0, 0.33]; proportion CV unassessed or > 0.33",,3.030118075722023,0.5670031913023226,10
Baseball/softball,55-64,Lower leg,60,,149.22238840867436,0.48707139711551534,,False,"estimate < 1200; CV bound outside [0, 0.33]; proportion CV unassessed or > 0.33",,3.96920417529149,0.4256989945105774,10
Baseball/softball,55-64,Ankle,32,,82.47254496655816,0.5854257200351469,,False,"estimate < 1200; CV bound outside [0, 0.33]; proportion CV unassessed or > 0.33",,2.4118481769448676,0.5625393582685584,10
Baseball/softball,55-64,Foot/toes,23,,73.52765699575191,0.7281771341702131,,False,"estimate < 1200; CV bound outside [0, 0.33]; proportion CV unassessed or > 0.33",,2.1941721960555607,0.7139989329417334,10
Baseball/softball,55-64,Multiple/systemic,26,,91.57766073750598,0.646985873386519,,False,"estimate < 1200; CV bound outside [0, 0.33]; proportion CV unassessed or > 0.33",,2.556767240880531,0.593522231178879,10
Baseball/softball,55-64,Internal/systemic,0,,0.0,,,False,CV unassessed; proportion CV unassessed or > 0.33,,0.0,,10
Baseball/softball,55-64,Not stated/other,7,,12.355852557435167,0.654297522389685,,False,"n < 20; estimate < 1200; CV bound outside [0, 0.33]; proportion CV unassessed or > 0.33",,0.480729273795745,0.8364571015568862,10
Baseball/softball,65-74,Head/face,166,,258.20261159063534,0.3222214661527873,,False,estimate < 1200,,8.367791729893336,0.26035450336639515,10
Baseball/softball,65-74,Neck,4,,17.76061633688736,0.7501235944914861,,False,"n < 20; estimate < 1200; CV bound outside [0, 0.33]; proportion CV unassessed or > 0.33",,0.9443558533221846,0.9944223181870416,10
Baseball/softball,65-74,Shoulder/upper arm,38,,118.32343906840163,0.6003408990310531,,False,"estimate < 1200; CV bound outside [0, 0.33]; proportion CV unassessed or > 0.33",,4.378055869381445,0.5538202607130952,10
Baseball/softball,65-74,Elbow/forearm,14,,56.17649912363264,0.6923862119496034,,False,"n < 20; estimate < 1200; CV bound outside [0, 0.33]; proportion CV unassessed or > 0.33",,2.319958851766807,0.712909521427708,10
Baseball/softball,65-74,Wrist/hand,64,,172.84108959795057,0.4851510024321692,,False,"estimate < 1200; CV bound outside [0, 0.33]; proportion CV unassessed or > 0.33",,5.513005072651208,0.3858146573071257,10
Baseball/softball,65-74,Trunk/spine,66,,200.28984815857405,0.5549170725650943,,False,"estimate < 1200; CV bound outside [0, 0.33]; proportion CV unassessed or > 0.33",,5.531021111600871,0.38206289168284785,10
Baseball/softball,65-74,Hip/thigh,18,,65.77802583732296,0.6478332325703742,,False,"n < 20; estimate < 1200; CV bound outside [0, 0.33]; proportion CV unassessed or > 0.33",,2.924625122399855,0.7181463985644831,10
Baseball/softball,65-74,Knee,25,,104.32157152193716,0.6342134362459868,,False,"estimate < 1200; CV bound outside [0, 0.33]; proportion CV unassessed or > 0.33",,3.8528703920260665,0.5839909416427714,10
Baseball/softball,65-74,Lower leg,41,,122.06011467109838,0.5706895535955039,,False,"estimate < 1200; CV bound outside [0, 0.33]; proportion CV unassessed or > 0.33",,4.346370831908892,0.5066561513523236,10
Baseball/softball,65-74,Ankle,7,,22.0664140011233,0.8454007629046398,,False,"n < 20; estimate < 1200; CV bound outside [0, 0.33]; proportion CV unassessed or > 0.33",,1.0622395899689818,1.0146441367905856,10
Baseball/softball,65-74,Foot/toes,8,,31.9549573894079,0.9175026721000403,,False,"n < 20; estimate < 1200; CV bound outside [0, 0.33]; proportion CV unassessed or > 0.33",,1.4780755168775968,1.058098530672694,10
Baseball/softball,65-74,Multiple/systemic,15,,89.06524762592599,0.8756185436736551,,False,"n < 20; estimate < 1200; CV bound outside [0, 0.33]; proportion CV unassessed or > 0.33",,3.2504954912180994,0.7967400190450263,10
Baseball/softball,65-74,Internal/systemic,0,,0.0,,,False,CV unassessed; proportion CV unassessed or > 0.33,,0.0,,10
Baseball/softball,65-74,Not stated/other,5,,27.828243541125154,0.9202345850523423,,False,"n < 20; estimate < 1200; CV bound outside [0, 0.33]; proportion CV unassessed or > 0.33",,1.3141681899555093,1.083487984462843,10
Baseball/softball,75+,Head/face,55,,137.3741529706152,0.47255950182793577,,False,"estimate < 1200; CV bound outside [0, 0.33]; proportion CV unassessed or > 0.33",,10.787124391305525,0.3758424450810676,10
Baseball/softball,75+,Neck,1,,6.374289999999999,0.9999999999999999,,False,"n < 20; estimate < 1200; CV bound outside [0, 0.33]; proportion CV unassessed or > 0.33",,0.8115349480503936,1.2895081007936775,10
Baseball/softball,75+,Shoulder/upper arm,7,,30.011781396290463,0.7315648292574062,,False,"n < 20; estimate < 1200; CV bound outside [0, 0.33]; proportion CV unassessed or > 0.33",,3.5254798095293185,0.8704181555362718,10
Baseball/softball,75+,Elbow/forearm,15,,50.26927967129719,0.7124268419310544,,False,"n < 20; estimate < 1200; CV bound outside [0, 0.33]; proportion CV unassessed or > 0.33",,5.260806721167724,0.7551593844529869,10
Baseball/softball,75+,Wrist/hand,24,,92.3561112174772,0.6597688855542619,,False,"estimate < 1200; CV bound outside [0, 0.33]; proportion CV unassessed or > 0.33",,8.496481782821476,0.6147718718551873,10
Baseball/softball,75+,Trunk/spine,22,,96.16723631012529,0.8031861466003862,,False,"estimate < 1200; CV bound outside [0, 0.33]; proportion CV unassessed or > 0.33",,9.236373053934974,0.7813384650687509,10
Baseball/softball,75+,Hip/thigh,4,,22.535687713449985,0.8582042244161262,,False,"n < 20; estimate < 1200; CV bound outside [0, 0.33]; proportion CV unassessed or > 0.33",,2.7014262207284867,1.0419853397284093,10
Baseball/softball,75+,Knee,8,,41.52547529555156,0.7591042160111036,,False,"n < 20; estimate < 1200; CV bound outside [0, 0.33]; proportion CV unassessed or > 0.33",,4.70209369540456,0.8706161835039737,10
Baseball/softball,75+,Lower leg,24,,90.86148197822875,0.6561181731315596,,False,"estimate < 1200; CV bound outside [0, 0.33]; proportion CV unassessed or > 0.33",,8.060699154293966,0.5895540526181203,10
Baseball/softball,75+,Ankle,7,,24.991199981430885,0.7867009531383228,,False,"n < 20; estimate < 1200; CV bound outside [0, 0.33]; proportion CV unassessed or > 0.33",,2.911929984792869,0.9284364036493526,10
Baseball/softball,75+,Foot/toes,6,,24.63951034420221,0.788129659635803,,False,"n < 20; estimate < 1200; CV bound outside [0, 0.33]; proportion CV unassessed or > 0.33",,2.9679314695825685,0.9615417212345394,10
Baseball/softball,75+,Multiple/systemic,10,,46.80144409514979,0.8360328339111213,,False,"n < 20; estimate < 1200; CV bound outside [0, 0.33]; proportion CV unassessed or > 0.33",,5.318791613841912,0.9623337588256669,10
Baseball/softball,75+,Internal/systemic,0,,0.0,,,False,CV unassessed; proportion CV unassessed or > 0.33,,0.0,,10
Baseball/softball,75+,Not stated/other,3,,6.025650000000001,1.0000000000000002,,False,"n < 20; estimate < 1200; CV bound outside [0, 0.33]; proportion CV unassessed or > 0.33",,0.7536016936879922,1.2667375057128092,10
Weight training,0-4,Head/face,277,,216.45673224504944,0.2896773992720155,,False,estimate < 1200,,7.556649965258569,0.2547931816656991,10
Weight training,0-4,Neck,1,,0.48516000000000004,1.0,,False,"n < 20; estimate < 1200; CV bound outside [0, 0.33]; proportion CV unassessed or > 0.33",,0.022820986690659212,1.185125688318454,10
Weight training,0-4,Shoulder/upper arm,2,,1.23711,0.9999999999999999,,False,"n < 20; estimate < 1200; CV bound outside [0, 0.33]; proportion CV unassessed or > 0.33",,0.05722241992579506,1.1653942853224708,10
Weight training,0-4,Elbow/forearm,10,,12.647517556080304,0.8860422396594902,,False,"n < 20; estimate < 1200; CV bound outside [0, 0.33]; proportion CV unassessed or > 0.33",,0.5573500951406892,0.9837668779297207,10
Weight training,0-4,Wrist/hand,168,,159.3625252437851,0.4043173929628401,,False,"estimate < 1200; CV bound outside [0, 0.33]; proportion CV unassessed or > 0.33",,5.464434308351745,0.34929825194387903,10
Weight training,0-4,Trunk/spine,8,,22.954678092334937,0.8576058466836637,,False,"n < 20; estimate < 1200; CV bound outside [0, 0.33]; proportion CV unassessed or > 0.33",,1.0106594405587894,0.9513412869891885,10
Weight training,0-4,Hip/thigh,5,,10.112290000000003,1.0000000000000004,,False,"n < 20; estimate < 1200; CV bound outside [0, 0.33]; proportion CV unassessed or > 0.33",,0.4443624499403728,1.1071407049105244,10
Weight training,0-4,Knee,1,,8.521429999999995,0.9999999999999994,,False,"n < 20; estimate < 1200; CV bound outside [0, 0.33]; proportion CV unassessed or > 0.33",,0.39804898710092995,1.1768985393257434,10
Weight training,0-4,Lower leg,3,,8.710144550458713,0.9478871554670975,,False,"n < 20; estimate < 1200; CV bound outside [0, 0.33]; proportion CV unassessed or > 0.33",,0.4042817864596261,1.1084865642290533,10
Weight training,0-4,Ankle,1,,5.092980000000002,1.0000000000000002,,False,"n < 20; estimate < 1200; CV bound outside [0, 0.33]; proportion CV unassessed or > 0.33",,0.2394775309934882,1.1846983476519246,10
Weight training,0-4,Foot/toes,522,1300.0,351.1466208923775,0.2696068286837288,1300.0,True,passes conservative screen,51.7,7.858083360328597,0.15201064701061434,10
Weight training,0-4,Multiple/systemic,0,,0.0,,,False,CV unassessed; proportion CV unassessed or > 0.33,,0.0,,10
Weight training,0-4,Internal/systemic,0,,0.0,,,False,CV unassessed; proportion CV unassessed or > 0.33,,0.0,,10
Weight training,0-4,Not stated/other,0,,0.0,,,False,CV unassessed; proportion CV unassessed or > 0.33,,0.0,,10
Weight training,5-9,Head/face,191,,189.77350342665207,0.35252575279057524,,False,"estimate < 1200; CV bound outside [0, 0.33]",,7.341330328456891,0.2794073069420788,10
Weight training,5-9,Neck,4,,8.141050000000002,1.0000000000000002,,False,"n < 20; estimate < 1200; CV bound outside [0, 0.33]; proportion CV unassessed or > 0.33",,0.44703926520810994,1.125052965107582,10
Weight training,5-9,Shoulder/upper arm,7,,10.190120000000004,1.0000000000000002,,False,"n < 20; estimate < 1200; CV bound outside [0, 0.33]; proportion CV unassessed or > 0.33",,0.5335520610382282,1.0727665507402366,10
Weight training,5-9,Elbow/forearm,13,,41.958639417395105,0.8483824892987334,,False,"n < 20; estimate < 1200; CV bound outside [0, 0.33]; proportion CV unassessed or > 0.33",,2.1854236568949426,0.9053440653345333,10
Weight training,5-9,Wrist/hand,215,,208.09212924015355,0.3630655596630065,,False,"estimate < 1200; CV bound outside [0, 0.33]",,8.226528995868296,0.29407205240166634,10
Weight training,5-9,Trunk/spine,25,,43.33265114248469,0.698458828628785,,False,"estimate < 1200; CV bound outside [0, 0.33]; proportion CV unassessed or > 0.33",,2.28836054949616,0.7557144438892979,10
Weight training,5-9,Hip/thigh,9,,25.525033473297082,0.792655885110451,,False,"n < 20; estimate < 1200; CV bound outside [0, 0.33]; proportion CV unassessed or > 0.33",,1.3775979342892075,0.876493240296697,10
Weight training,5-9,Knee,7,,18.36824472374655,0.9271782428846808,,False,"n < 20; estimate < 1200; CV bound outside [0, 0.33]; proportion CV unassessed or > 0.33",,0.9981629645297944,1.032297194352954,10
Weight training,5-9,Lower leg,1,,7.976439999999999,1.0,,False,"n < 20; estimate < 1200; CV bound outside [0, 0.33]; proportion CV unassessed or > 0.33",,0.4580343697143279,1.1765128769888797,10
Weight training,5-9,Ankle,5,,3.8564868270881596,0.8869034572652416,,False,"n < 20; estimate < 1200; CV bound outside [0, 0.33]; proportion CV unassessed or > 0.33",,0.211404778710901,0.9961093480259481,10
Weight training,5-9,Foot/toes,237,,228.45802989113517,0.3074002945168539,,False,estimate < 1200,,7.946395524863531,0.21906638914882728,10
Weight training,5-9,Multiple/systemic,0,,0.0,,,False,CV unassessed; proportion CV unassessed or > 0.33,,0.0,,10
Weight training,5-9,Internal/systemic,0,,0.0,,,False,CV unassessed; proportion CV unassessed or > 0.33,,0.0,,10
Weight training,5-9,Not stated/other,0,,0.0,,,False,CV unassessed; proportion CV unassessed or > 0.33,,0.0,,10
Weight training,10-14,Head/face,224,,214.3589332717162,0.31289089043871005,,False,estimate < 1200,,3.530145686311482,0.27024621271555105,10
Weight training,10-14,Neck,51,,87.45622209027911,0.5798707858031416,,False,"estimate < 1200; CV bound outside [0, 0.33]; proportion CV unassessed or > 0.33",,1.594863892042693,0.5545999137421657,10
Weight training,10-14,Shoulder/upper arm,116,,126.63476047479257,0.4028109519706397,,False,"estimate < 1200; CV bound outside [0, 0.33]; proportion CV unassessed or > 0.33",,2.3066122449181115,0.38480312080089923,10
Weight training,10-14,Elbow/forearm,74,,86.49466902144343,0.46379654014040994,,False,"estimate < 1200; CV bound outside [0, 0.33]; proportion CV unassessed or > 0.33",,1.6796665433013884,0.47236410783747756,10
Weight training,10-14,Wrist/hand,353,,272.05574170654114,0.26267111226238654,,False,estimate < 1200,,4.236863284133969,0.21454308584603532,10
Weight training,10-14,Trunk/spine,401,1300.0,338.75072911082475,0.25269093756902816,1300.0,True,passes conservative screen,25.6,4.670416853747723,0.18271774576717592,10
Weight training,10-14,Hip/thigh,52,,73.79142705594563,0.5929956272014557,,False,"estimate < 1200; CV bound outside [0, 0.33]; proportion CV unassessed or > 0.33",,1.4035963791182755,0.5915663694319493,10
Weight training,10-14,Knee,55,,93.85005516664894,0.5720433477959274,,False,"estimate < 1200; CV bound outside [0, 0.33]; proportion CV unassessed or > 0.33",,1.743703047515258,0.557420054669783,10
Weight training,10-14,Lower leg,22,,38.166352385629764,0.6340941038669607,,False,"estimate < 1200; CV bound outside [0, 0.33]; proportion CV unassessed or > 0.33",,0.7782884790631275,0.6781555438443038,10
Weight training,10-14,Ankle,25,,37.237914950830316,0.78047960161517,,False,"estimate < 1200; CV bound outside [0, 0.33]; proportion CV unassessed or > 0.33",,0.7362266369169821,0.8092885261996123,10
Weight training,10-14,Foot/toes,332,,269.278769114194,0.2524297402685903,,False,estimate < 1200,,4.195162463590566,0.20625422174586044,10
Weight training,10-14,Multiple/systemic,18,,44.312108515736455,0.7147236471419747,,False,"n < 20; estimate < 1200; CV bound outside [0, 0.33]; proportion CV unassessed or > 0.33",,0.8521297993688509,0.7208371223377394,10
Weight training,10-14,Internal/systemic,0,,0.0,,,False,CV unassessed; proportion CV unassessed or > 0.33,,0.0,,10
Weight training,10-14,Not stated/other,6,,4.913658443231908,0.7667144832715281,,False,"n < 20; estimate < 1200; CV bound outside [0, 0.33]; proportion CV unassessed or > 0.33",,0.10549750581708729,0.8633493179517154,10
Weight training,15-17,Head/face,345,1300.0,331.4454982569424,0.24917069518037743,1300.0,True,passes conservative screen,10.4,2.149290056686854,0.20572875812258545,10
Weight training,15-17,Neck,95,,151.77597206250775,0.4268872410415857,,False,"estimate < 1200; CV bound outside [0, 0.33]; proportion CV unassessed or > 0.33",,1.1308621369443599,0.40498128206768563,10
Weight training,15-17,Shoulder/upper arm,347,1300.0,299.1878125293937,0.23210499421652844,1300.0,True,passes conservative screen,10.1,2.008844209971763,0.19842755462663184,10
Weight training,15-17,Elbow/forearm,139,,177.1913417721874,0.3578664562372111,,False,"estimate < 1200; CV bound outside [0, 0.33]",,1.2769174382231518,0.3283646897613586,10
Weight training,15-17,Wrist/hand,652,2300.0,453.7017742387003,0.19681582830632532,2300.0,True,passes conservative screen,18.1,2.689992050987821,0.14857839997922392,10
Weight training,15-17,Trunk/spine,1062,4000.0,818.4158421034326,0.20538098868941623,4000.0,True,passes conservative screen,31.3,3.4862935472942813,0.11139489813247937,10
Weight training,15-17,Hip/thigh,103,,135.03717719232066,0.4692179671162529,,False,"estimate < 1200; CV bound outside [0, 0.33]; proportion CV unassessed or > 0.33",,1.0355219115886245,0.45813736276214356,10
Weight training,15-17,Knee,153,,237.1054139353483,0.3900997060159065,,False,"estimate < 1200; CV bound outside [0, 0.33]; proportion CV unassessed or > 0.33",,1.6414321053479346,0.34385252040469116,10
Weight training,15-17,Lower leg,44,,91.18519078934885,0.6537043296115995,,False,"estimate < 1200; CV bound outside [0, 0.33]; proportion CV unassessed or > 0.33",,0.7025165616265683,0.6412520303228141,10
Weight training,15-17,Ankle,46,,103.19266611587257,0.5946269796932127,,False,"estimate < 1200; CV bound outside [0, 0.33]; proportion CV unassessed or > 0.33",,0.7694740615692798,0.5645532315321885,10
Weight training,15-17,Foot/toes,464,1500.0,336.97042289138636,0.22227374661984725,1500.0,True,passes conservative screen,11.9,2.2885925919038543,0.19221178447886933,10
Weight training,15-17,Multiple/systemic,67,,116.77218717502731,0.5505037657440199,,False,"estimate < 1200; CV bound outside [0, 0.33]; proportion CV unassessed or > 0.33",,0.8296275046572954,0.49798832028937096,10
Weight training,15-17,Internal/systemic,0,,0.0,,,False,CV unassessed; proportion CV unassessed or > 0.33,,0.0,,10
Weight training,15-17,Not stated/other,14,,23.387878335634934,0.6530478891888832,,False,"n < 20; estimate < 1200; CV bound outside [0, 0.33]; proportion CV unassessed or > 0.33",,0.20575520218409707,0.7315098263822101,10
Weight training,18-24,Head/face,377,1600.0,367.1297503583477,0.23238981053849528,1600.0,True,passes conservative screen,7.6,1.393938280433215,0.18256921142517596,10
Weight training,18-24,Neck,191,,222.04351312978594,0.2882675897372986,,False,estimate < 1200,,0.9698103975949015,0.2605139925432848,10
Weight training,18-24,Shoulder/upper arm,804,3400.0,564.9483274997107,0.16691492263437507,3400.0,True,passes conservative screen,16.4,1.9405310857484932,0.11862972791616722,10
Weight training,18-24,Elbow/forearm,148,,209.62017258404234,0.32090860290168427,,False,estimate < 1200,,0.9784317888777414,0.3099312243041809,10
Weight training,18-24,Wrist/hand,630,2600.0,457.7391873009334,0.1745154463890252,2600.0,True,passes conservative screen,12.7,1.7450052342052536,0.1376572230055831,10
Weight training,18-24,Trunk/spine,1824,7700.0,1153.980450681913,0.14982368059551163,7700.0,True,passes conservative screen,37.2,2.685482017336964,0.07214242734245135,10
Weight training,18-24,Hip/thigh,102,,180.83727705112543,0.39751414302742005,,False,"estimate < 1200; CV bound outside [0, 0.33]; proportion CV unassessed or > 0.33",,0.8188712453681588,0.3724489368517691,10
Weight training,18-24,Knee,109,,162.44270417297426,0.365865530828904,,False,"estimate < 1200; CV bound outside [0, 0.33]; proportion CV unassessed or > 0.33",,0.7549226090448707,0.3518116436843544,10
Weight training,18-24,Lower leg,35,,92.80603949463976,0.5631642546416901,,False,"estimate < 1200; CV bound outside [0, 0.33]; proportion CV unassessed or > 0.33",,0.4497375470539299,0.5646826973722647,10
Weight training,18-24,Ankle,33,,80.20988713685486,0.5455406504318379,,False,"estimate < 1200; CV bound outside [0, 0.33]; proportion CV unassessed or > 0.33",,0.4048825148147395,0.5697898723362474,10
Weight training,18-24,Foot/toes,560,2400.0,426.04940458952086,0.17604167890583464,2400.0,True,passes conservative screen,11.7,1.6879184371910851,0.14430902352169117,10
Weight training,18-24,Multiple/systemic,75,,138.35685085783524,0.47366573192756106,,False,"estimate < 1200; CV bound outside [0, 0.33]; proportion CV unassessed or > 0.33",,0.6440563052818976,0.45622767465745184,10
Weight training,18-24,Internal/systemic,0,,0.0,,,False,CV unassessed; proportion CV unassessed or > 0.33,,0.0,,10
Weight training,18-24,Not stated/other,15,,35.734864968473445,0.6480548392020606,,False,"n < 20; estimate < 1200; CV bound outside [0, 0.33]; proportion CV unassessed or > 0.33",,0.18182677673766232,0.6822820482095713,10
Weight training,25-34,Head/face,294,,300.97512136304556,0.2676000319928906,,False,estimate < 1200,,1.1729963336108657,0.2320862782104058,10
Weight training,25-34,Neck,260,,281.59971549380464,0.26941526724266357,,False,estimate < 1200,,1.1537034911373172,0.24563002053940672,10
Weight training,25-34,Shoulder/upper arm,804,3600.0,573.2967259071651,0.1595898401067874,3600.0,True,passes conservative screen,16.1,1.9216816849023366,0.11904316797317145,10
Weight training,25-34,Elbow/forearm,146,,206.1276792341795,0.32345960336557994,,False,estimate < 1200,,0.8803492124729396,0.30742272144765026,10
Weight training,25-34,Wrist/hand,533,2200.0,408.3882420930225,0.18648308407855765,2200.0,True,passes conservative screen,9.8,1.6351302318079894,0.16615591566596374,10
Weight training,25-34,Trunk/spine,2347,9800.0,1263.9992464118397,0.1286886651625898,9800.0,True,passes conservative screen,44.1,2.3936750400592866,0.054232037230615766,10
Weight training,25-34,Hip/thigh,88,,153.59780437478193,0.38675644506921647,,False,"estimate < 1200; CV bound outside [0, 0.33]; proportion CV unassessed or > 0.33",,0.6333970600872987,0.3549162155420269,10
Weight training,25-34,Knee,135,,186.3291815805946,0.3213443271768963,,False,estimate < 1200,,0.788901628559145,0.30276792220154436,10
Weight training,25-34,Lower leg,53,,109.60735680528789,0.4908764543994867,,False,"estimate < 1200; CV bound outside [0, 0.33]; proportion CV unassessed or > 0.33",,0.49709674608266263,0.49541672409970744,10
Weight training,25-34,Ankle,38,,96.41733181874768,0.5592486245551259,,False,"estimate < 1200; CV bound outside [0, 0.33]; proportion CV unassessed or > 0.33",,0.4356211687060116,0.5622844046432145,10
Weight training,25-34,Foot/toes,483,2000.0,377.67362790114345,0.19064968464337392,2000.0,True,passes conservative screen,8.9,1.476028823759775,0.16581030428625157,10
Weight training,25-34,Multiple/systemic,96,,159.40499690575675,0.37962972854790544,,False,"estimate < 1200; CV bound outside [0, 0.33]; proportion CV unassessed or > 0.33",,0.6796309797362283,0.3601875498776382,10
Weight training,25-34,Internal/systemic,0,,0.0,,,False,CV unassessed; proportion CV unassessed or > 0.33,,0.0,,10
Weight training,25-34,Not stated/other,20,,47.44666549205044,0.6949784533050114,,False,"estimate < 1200; CV bound outside [0, 0.33]; proportion CV unassessed or > 0.33",,0.21662653240969057,0.7061135391217327,10
Weight training,35-44,Head/face,173,,224.6171072590295,0.28866024114432126,,False,estimate < 1200,,1.4093103541191285,0.2758618897957517,10
Weight training,35-44,Neck,162,,208.55633584975325,0.28455078463877015,,False,estimate < 1200,,1.3403364892539826,0.27854230459311174,10
Weight training,35-44,Shoulder/upper arm,641,2800.0,478.17505496592184,0.17062313727259762,2800.0,True,passes conservative screen,18.4,2.521461856792402,0.13703904819627682,10
Weight training,35-44,Elbow/forearm,134,,181.2739232255073,0.32383057831207285,,False,estimate < 1200,,1.1309766285800356,0.3077351294382638,10
Weight training,35-44,Wrist/hand,339,1500.0,330.41627359042695,0.2275363139887435,1500.0,True,passes conservative screen,9.5,1.8765293170212642,0.19682740528149623,10
Weight training,35-44,Trunk/spine,1478,6400.0,935.3196472047603,0.14710171826025,6400.0,True,passes conservative screen,41.7,3.4553790005971705,0.08277406851224875,10
Weight training,35-44,Hip/thigh,63,,113.82164267542574,0.4620168064830866,,False,"estimate < 1200; CV bound outside [0, 0.33]; proportion CV unassessed or > 0.33",,0.7166496363841025,0.4430785581750925,10
Weight training,35-44,Knee,76,,128.65445144807387,0.41761606719407673,,False,"estimate < 1200; CV bound outside [0, 0.33]; proportion CV unassessed or > 0.33",,0.8078987562126572,0.39943879731868465,10
Weight training,35-44,Lower leg,52,,93.41905219267217,0.48778589476527195,,False,"estimate < 1200; CV bound outside [0, 0.33]; proportion CV unassessed or > 0.33",,0.6172303346691558,0.490887492914877,10
Weight training,35-44,Ankle,39,,85.40290481370423,0.603883011147515,,False,"estimate < 1200; CV bound outside [0, 0.33]; proportion CV unassessed or > 0.33",,0.5627618231712581,0.6061020059517275,10
Weight training,35-44,Foot/toes,303,1300.0,313.8091347480683,0.23250091445331816,1300.0,True,passes conservative screen,8.9,1.7558084424372997,0.19814227311368462,10
Weight training,35-44,Multiple/systemic,59,,121.63240416022805,0.49571366403744077,,False,"estimate < 1200; CV bound outside [0, 0.33]; proportion CV unassessed or > 0.33",,0.763106392776332,0.4737046141638519,10
Weight training,35-44,Internal/systemic,0,,0.0,,,False,CV unassessed; proportion CV unassessed or > 0.33,,0.0,,10
Weight training,35-44,Not stated/other,15,,50.1391117732838,0.7695271632750056,,False,"n < 20; estimate < 1200; CV bound outside [0, 0.33]; proportion CV unassessed or > 0.33",,0.3406227802299901,0.796272893659774,10
Weight training,45-54,Head/face,146,,211.50761139981358,0.341991477458372,,False,"estimate < 1200; CV bound outside [0, 0.33]",,1.9427162796899964,0.31261330487561806,10
Weight training,45-54,Neck,98,,172.3383886572172,0.4001129740183168,,False,"estimate < 1200; CV bound outside [0, 0.33]; proportion CV unassessed or > 0.33",,1.6648688329134287,0.384670980653683,10
Weight training,45-54,Shoulder/upper arm,457,2100.0,390.6204324811571,0.18970933736171341,2100.0,True,passes conservative screen,20.7,3.008482765413046,0.1454085936012359,10
Weight training,45-54,Elbow/forearm,100,,176.3989072519667,0.384679522468371,,False,"estimate < 1200; CV bound outside [0, 0.33]; proportion CV unassessed or > 0.33",,1.7945709399246712,0.38946873866761395,10
Weight training,45-54,Wrist/hand,199,,225.684295689707,0.2918261874644302,,False,estimate < 1200,,2.088012089608303,0.2686981808328252,10
Weight training,45-54,Trunk/spine,870,3700.0,592.0864208859173,0.159597294333864,3700.0,True,passes conservative screen,37.3,3.5939194833999433,0.0964089964354954,10
Weight training,45-54,Hip/thigh,41,,134.35527743089946,0.5722754791054584,,False,"estimate < 1200; CV bound outside [0, 0.33]; proportion CV unassessed or > 0.33",,1.283433398948593,0.5440421395040522,10
Weight training,45-54,Knee,62,,120.66407591779014,0.48430565500986217,,False,"estimate < 1200; CV bound outside [0, 0.33]; proportion CV unassessed or > 0.33",,1.1860892599009223,0.4737701753732044,10
Weight training,45-54,Lower leg,25,,62.0514851385008,0.6847432929427312,,False,"estimate < 1200; CV bound outside [0, 0.33]; proportion CV unassessed or > 0.33",,0.6250439189951316,0.6864279146724988,10
Weight training,45-54,Ankle,17,,48.69932169479681,0.7201916253235444,,False,"n < 20; estimate < 1200; CV bound outside [0, 0.33]; proportion CV unassessed or > 0.33",,0.5054126814475984,0.7438409523819101,10
Weight training,45-54,Foot/toes,238,,257.7191767549859,0.2579855674922671,,False,estimate < 1200,,2.3346284438103937,0.23258154084228783,10
Weight training,45-54,Multiple/systemic,49,,110.69188077562228,0.5203809466786766,,False,"estimate < 1200; CV bound outside [0, 0.33]; proportion CV unassessed or > 0.33",,1.0947636721310752,0.5121943616213791,10
Weight training,45-54,Internal/systemic,0,,0.0,,,False,CV unassessed; proportion CV unassessed or > 0.33,,0.0,,10
Weight training,45-54,Not stated/other,12,,35.09271358775726,0.7295632291093648,,False,"n < 20; estimate < 1200; CV bound outside [0, 0.33]; proportion CV unassessed or > 0.33",,0.37616289819195475,0.7782708034530559,10
Weight training,55-64,Head/face,96,,140.8450639935251,0.3785706707717827,,False,"estimate < 1200; CV bound outside [0, 0.33]; proportion CV unassessed or > 0.33",,2.269306479439047,0.37046556667999425,10
Weight training,55-64,Neck,61,,121.29069859544936,0.5038941106232903,,False,"estimate < 1200; CV bound outside [0, 0.33]; proportion CV unassessed or > 0.33",,1.8693710443260494,0.4716899882806251,10
Weight training,55-64,Shoulder/upper arm,254,,274.3281176501758,0.24584485702990252,,False,estimate < 1200,,3.7115694789454508,0.20202157873722543,10
Weight training,55-64,Elbow/forearm,49,,90.86706825135647,0.48963746826229115,,False,"estimate < 1200; CV bound outside [0, 0.33]; proportion CV unassessed or > 0.33",,1.4774948366480736,0.48355230891487055,10
Weight training,55-64,Wrist/hand,106,,164.32913626567668,0.35974800446007704,,False,"estimate < 1200; CV bound outside [0, 0.33]; proportion CV unassessed or > 0.33",,2.500504624884401,0.3324764165939315,10
Weight training,55-64,Trunk/spine,570,2500.0,495.3962327324713,0.19618266139124466,2500.0,True,passes conservative screen,41.6,4.769410003812126,0.11471545775000844,10
Weight training,55-64,Hip/thigh,20,,75.02479157561922,0.7456643913092533,,False,"estimate < 1200; CV bound outside [0, 0.33]; proportion CV unassessed or > 0.33",,1.2305142243386193,0.7428046381775605,10
Weight training,55-64,Knee,37,,93.83598116692322,0.5120459056314377,,False,"estimate < 1200; CV bound outside [0, 0.33]; proportion CV unassessed or > 0.33",,1.5514709159152766,0.5142005052100554,10
Weight training,55-64,Lower leg,31,,64.14188629334613,0.6538056689965697,,False,"estimate < 1200; CV bound outside [0, 0.33]; proportion CV unassessed or > 0.33",,1.0586891442281083,0.6554276764057538,10
Weight training,55-64,Ankle,12,,41.636181194344275,0.7219182661959597,,False,"n < 20; estimate < 1200; CV bound outside [0, 0.33]; proportion CV unassessed or > 0.33",,0.7365430062676017,0.77564788531575,10
Weight training,55-64,Foot/toes,115,,183.89063229577073,0.3362420925522344,,False,"estimate < 1200; CV bound outside [0, 0.33]",,2.757831688005643,0.30627362094089206,10
Weight training,55-64,Multiple/systemic,35,,104.9781298290973,0.6008068962568474,,False,"estimate < 1200; CV bound outside [0, 0.33]; proportion CV unassessed or > 0.33",,1.6439269685818336,0.5714364767693856,10
Weight training,55-64,Internal/systemic,0,,0.0,,,False,CV unassessed; proportion CV unassessed or > 0.33,,0.0,,10
Weight training,55-64,Not stated/other,6,,14.445863569075275,0.8913441782924406,,False,"n < 20; estimate < 1200; CV bound outside [0, 0.33]; proportion CV unassessed or > 0.33",,0.2592108879771153,0.9714143733064038,10
Weight training,65-74,Head/face,53,,106.27844191717504,0.48180607717957,,False,"estimate < 1200; CV bound outside [0, 0.33]; proportion CV unassessed or > 0.33",,3.012579999377255,0.4762972730656475,10
Weight training,65-74,Neck,37,,124.00770583882297,0.5951473540736479,,False,"estimate < 1200; CV bound outside [0, 0.33]; proportion CV unassessed or > 0.33",,3.2833872480241215,0.5495539744327578,10
Weight training,65-74,Shoulder/upper arm,138,,205.82275908255411,0.321667747368323,,False,estimate < 1200,,4.994948193755219,0.27224350164175404,10
Weight training,65-74,Elbow/forearm,38,,97.63087216599106,0.5351705668464771,,False,"estimate < 1200; CV bound outside [0, 0.33]; proportion CV unassessed or > 0.33",,2.800854036282943,0.5354364587056409,10
Weight training,65-74,Wrist/hand,73,,147.9001868027339,0.4118655525575534,,False,"estimate < 1200; CV bound outside [0, 0.33]; proportion CV unassessed or > 0.33",,3.914541129375398,0.3801719058088268,10
Weight training,65-74,Trunk/spine,268,1200.0,311.0530686889612,0.2511068501450204,1200.0,True,passes conservative screen,35.5,6.333922391087493,0.1783237628329103,10
Weight training,65-74,Hip/thigh,10,,25.76899243397545,0.6090451451738541,,False,"n < 20; estimate < 1200; CV bound outside [0, 0.33]; proportion CV unassessed or > 0.33",,0.8788436293610249,0.7243960415841146,10
Weight training,65-74,Knee,17,,46.61347420591558,0.7061232150875753,,False,"n < 20; estimate < 1200; CV bound outside [0, 0.33]; proportion CV unassessed or > 0.33",,1.4037813095492937,0.7416190627639317,10
Weight training,65-74,Lower leg,15,,58.615708199196355,0.7766031656672856,,False,"n < 20; estimate < 1200; CV bound outside [0, 0.33]; proportion CV unassessed or > 0.33",,1.6812512639557995,0.7768374888197835,10
Weight training,65-74,Ankle,4,,19.094966508064083,0.9277196764885485,,False,"n < 20; estimate < 1200; CV bound outside [0, 0.33]; proportion CV unassessed or > 0.33",,0.6212911134918683,1.0527019334181569,10
Weight training,65-74,Foot/toes,65,,118.70004170057862,0.43043989237403163,,False,"estimate < 1200; CV bound outside [0, 0.33]; proportion CV unassessed or > 0.33",,3.1960696918913984,0.4041944028118709,10
Weight training,65-74,Multiple/systemic,25,,103.04376550159705,0.7851023548293501,,False,"estimate < 1200; CV bound outside [0, 0.33]; proportion CV unassessed or > 0.33",,2.9470226079770807,0.7830697342568677,10
Weight training,65-74,Internal/systemic,0,,0.0,,,False,CV unassessed; proportion CV unassessed or > 0.33,,0.0,,10
Weight training,65-74,Not stated/other,5,,23.300207713449986,0.86221573827397,,False,"n < 20; estimate < 1200; CV bound outside [0, 0.33]; proportion CV unassessed or > 0.33",,0.7409995703207255,0.9562831892408854,10
Weight training,75+,Head/face,47,,116.54781336729161,0.5644577753073573,,False,"estimate < 1200; CV bound outside [0, 0.33]; proportion CV unassessed or > 0.33",,5.21393850284592,0.5139690709832612,10
Weight training,75+,Neck,20,,68.35036517991186,0.6406783409782696,,False,"estimate < 1200; CV bound outside [0, 0.33]; proportion CV unassessed or > 0.33",,3.3804628262805827,0.6449397108269157,10
Weight training,75+,Shoulder/upper arm,49,,107.96455902525761,0.47328826248756933,,False,"estimate < 1200; CV bound outside [0, 0.33]; proportion CV unassessed or > 0.33",,4.801163556173843,0.42838550819799726,10
Weight training,75+,Elbow/forearm,28,,90.0664881697832,0.6205598607291638,,False,"estimate < 1200; CV bound outside [0, 0.33]; proportion CV unassessed or > 0.33",,4.273599458902306,0.5993189615616846,10
Weight training,75+,Wrist/hand,24,,72.90664953170796,0.7226707149555797,,False,"estimate < 1200; CV bound outside [0, 0.33]; proportion CV unassessed or > 0.33",,3.4804099073884496,0.7021783950813472,10
Weight training,75+,Trunk/spine,159,,239.3964518356219,0.31573074720558897,,False,estimate < 1200,,7.796202056039227,0.20927917053431225,10
Weight training,75+,Hip/thigh,10,,34.16332026157933,0.5927623783351021,,False,"n < 20; estimate < 1200; CV bound outside [0, 0.33]; proportion CV unassessed or > 0.33",,1.9726341214683376,0.696643920781622,10
Weight training,75+,Knee,9,,35.979213661873665,0.8558336797150538,,False,"n < 20; estimate < 1200; CV bound outside [0, 0.33]; proportion CV unassessed or > 0.33",,1.9850250333085455,0.9610532348841492,10
Weight training,75+,Lower leg,14,,68.61246319945549,0.77671069113852,,False,"n < 20; estimate < 1200; CV bound outside [0, 0.33]; proportion CV unassessed or > 0.33",,3.3755756116257523,0.7777640472402291,10
Weight training,75+,Ankle,4,,20.30178,1.0,,False,"n < 20; estimate < 1200; CV bound outside [0, 0.33]; proportion CV unassessed or > 0.33",,1.1033882073018044,1.1062109975385233,10
Weight training,75+,Foot/toes,33,,94.69565929611886,0.5907147320659573,,False,"estimate < 1200; CV bound outside [0, 0.33]; proportion CV unassessed or > 0.33",,4.71426677760465,0.5985571683162965,10
Weight training,75+,Multiple/systemic,20,,62.46897048022121,0.7143943453185666,,False,"estimate < 1200; CV bound outside [0, 0.33]; proportion CV unassessed or > 0.33",,3.109320141339377,0.7237404577277858,10
Weight training,75+,Internal/systemic,0,,0.0,,,False,CV unassessed; proportion CV unassessed or > 0.33,,0.0,,10
Weight training,75+,Not stated/other,8,,30.308332643927905,0.8972643224979101,,False,"n < 20; estimate < 1200; CV bound outside [0, 0.33]; proportion CV unassessed or > 0.33",,1.6515011081333124,0.9951326480814132,10
Other sport/recreation,0-4,Head/face,222,,193.37337002622803,0.3813736656344849,,False,"estimate < 1200; CV bound outside [0, 0.33]",,10.713669783066342,0.21772587684274913,10
Other sport/recreation,0-4,Neck,6,,5.140045093422233,0.925597237894813,,False,"n < 20; estimate < 1200; CV bound outside [0, 0.33]; proportion CV unassessed or > 0.33",,0.5943047130705215,1.102762659242763,10
Other sport/recreation,0-4,Shoulder/upper arm,22,,32.77437938530866,0.7956978186009792,,False,"estimate < 1200; CV bound outside [0, 0.33]; proportion CV unassessed or > 0.33",,3.2818797542712477,0.8210207101192226,10
Other sport/recreation,0-4,Elbow/forearm,80,,95.55769673372238,0.5285518157194876,,False,"estimate < 1200; CV bound outside [0, 0.33]; proportion CV unassessed or > 0.33",,8.25738775984512,0.4706329521253388,10
Other sport/recreation,0-4,Wrist/hand,24,,32.77165494659619,0.6329020394870023,,False,"estimate < 1200; CV bound outside [0, 0.33]; proportion CV unassessed or > 0.33",,3.1580402783329546,0.628454069976879,10
Other sport/recreation,0-4,Trunk/spine,9,,12.987853549761365,0.9748481792516946,,False,"n < 20; estimate < 1200; CV bound outside [0, 0.33]; proportion CV unassessed or > 0.33",,1.289375914664253,0.9972336211872262,10
Other sport/recreation,0-4,Hip/thigh,9,,14.902852152300559,0.9223985541725321,,False,"n < 20; estimate < 1200; CV bound outside [0, 0.33]; proportion CV unassessed or > 0.33",,1.6585434566537098,1.05777630086759,10
Other sport/recreation,0-4,Knee,3,,2.281110329291418,0.6063364085386479,,False,"n < 20; estimate < 1200; CV bound outside [0, 0.33]; proportion CV unassessed or > 0.33",,0.2975360652553737,0.8149382981749135,10
Other sport/recreation,0-4,Lower leg,15,,21.38296923272119,0.747016862235443,,False,"n < 20; estimate < 1200; CV bound outside [0, 0.33]; proportion CV unassessed or > 0.33",,2.2004493102540623,0.792120985945876,10
Other sport/recreation,0-4,Ankle,17,,31.576290540960862,0.7425062964302805,,False,"n < 20; estimate < 1200; CV bound outside [0, 0.33]; proportion CV unassessed or > 0.33",,2.9833369886780248,0.7228681681110795,10
Other sport/recreation,0-4,Foot/toes,31,,64.72306226955621,0.6323999583131765,,False,"estimate < 1200; CV bound outside [0, 0.33]; proportion CV unassessed or > 0.33",,6.714369764514447,0.6760141503838418,10
Other sport/recreation,0-4,Multiple/systemic,9,,24.493910696673556,0.7961406085740488,,False,"n < 20; estimate < 1200; CV bound outside [0, 0.33]; proportion CV unassessed or > 0.33",,2.5014357878918445,0.8377969250296888,10
Other sport/recreation,0-4,Internal/systemic,1,,0.7609199999999999,0.9999999999999999,,False,"n < 20; estimate < 1200; CV bound outside [0, 0.33]; proportion CV unassessed or > 0.33",,0.09401174495513336,1.2730951720754402,10
Other sport/recreation,0-4,Not stated/other,2,,5.804980000000001,1.0000000000000002,,False,"n < 20; estimate < 1200; CV bound outside [0, 0.33]; proportion CV unassessed or > 0.33",,0.6999110041976353,1.242395445309221,10
Other sport/recreation,5-9,Head/face,1346,3300.0,709.4906488234215,0.21770580319893346,3300.0,True,passes conservative screen,27.7,3.4547626400635822,0.12456381490446951,10
Other sport/recreation,5-9,Neck,76,,66.44926514708308,0.5591057469309053,,False,"estimate < 1200; CV bound outside [0, 0.33]; proportion CV unassessed or > 0.33",,0.5133786245205776,0.5075652862159008,10
Other sport/recreation,5-9,Shoulder/upper arm,210,,217.02825964248322,0.4000131593505429,,False,"estimate < 1200; CV bound outside [0, 0.33]",,1.3136847527084505,0.2845112909110244,10
Other sport/recreation,5-9,Elbow/forearm,604,,441.160640033241,0.3329326389885463,,False,"CV bound outside [0, 0.33]",,2.050787116454888,0.18185722153489842,10
Other sport/recreation,5-9,Wrist/hand,573,1700.0,485.90848062559996,0.29023410267498173,1700.0,True,passes conservative screen,14.2,2.4018405539982512,0.1685731846289963,10
Other sport/recreation,5-9,Trunk/spine,290,,267.78131860181827,0.355181987363842,,False,"estimate < 1200; CV bound outside [0, 0.33]",,1.3741232974983164,0.2141641214904852,10
Other sport/recreation,5-9,Hip/thigh,74,,115.59489757228705,0.5506010798749139,,False,"estimate < 1200; CV bound outside [0, 0.33]; proportion CV unassessed or > 0.33",,0.9835807308948462,0.5505018240551472,10
Other sport/recreation,5-9,Knee,241,,277.2509001358978,0.39724513241379916,,False,"estimate < 1200; CV bound outside [0, 0.33]",,1.5432225200607588,0.2598151836960935,10
Other sport/recreation,5-9,Lower leg,151,,198.28531281773593,0.4505960564305671,,False,"estimate < 1200; CV bound outside [0, 0.33]; proportion CV unassessed or > 0.33",,1.4080661921248718,0.3759847817035412,10
Other sport/recreation,5-9,Ankle,546,1600.0,509.2734325291826,0.31855634899265267,1600.0,True,passes conservative screen,13.6,2.4871497249727157,0.18280477295735587,10
Other sport/recreation,5-9,Foot/toes,270,,271.80515773520364,0.37946313258965597,,False,"estimate < 1200; CV bound outside [0, 0.33]",,1.5334409676262477,0.25155289037915707,10
Other sport/recreation,5-9,Multiple/systemic,82,,221.43493808938337,0.592696481847836,,False,"estimate < 1200; CV bound outside [0, 0.33]; proportion CV unassessed or > 0.33",,1.507352307868139,0.47407966850606403,10
Other sport/recreation,5-9,Internal/systemic,1,,1.75136,1.0,,False,"n < 20; estimate < 1200; CV bound outside [0, 0.33]; proportion CV unassessed or > 0.33",,0.01774376034999459,1.1904758582272994,10
Other sport/recreation,5-9,Not stated/other,18,,30.707692564141105,0.7969681418253396,,False,"n < 20; estimate < 1200; CV bound outside [0, 0.33]; proportion CV unassessed or > 0.33",,0.3016913098324681,0.9200404755908561,10
Other sport/recreation,10-14,Head/face,1568,4100.0,760.6246093935167,0.18451215165658988,4100.0,True,passes conservative screen,14.5,1.6031554534485903,0.1108047575020199,10
Other sport/recreation,10-14,Neck,97,,105.4300171583059,0.44189386702004435,,False,"estimate < 1200; CV bound outside [0, 0.33]; proportion CV unassessed or > 0.33",,0.3544491270331017,0.4232878260041546,10
Other sport/recreation,10-14,Shoulder/upper arm,394,,313.0142611942291,0.27716507859129613,,False,estimate < 1200,,0.8362146815382511,0.21096982567661288,10
Other sport/recreation,10-14,Elbow/forearm,910,2100.0,554.435275878139,0.2588264839982113,2100.0,True,passes conservative screen,7.5,1.1680970002011788,0.1553692026926233,10
Other sport/recreation,10-14,Wrist/hand,1777,5600.0,1053.1132984157698,0.1889108303986098,5600.0,True,passes conservative screen,19.6,1.9144836348509047,0.09785017091110274,10
Other sport/recreation,10-14,Trunk/spine,959,2800.0,649.5929217983155,0.23498125651306087,2800.0,True,passes conservative screen,9.7,1.4270073736206046,0.14707752908613098,10
Other sport/recreation,10-14,Hip/thigh,177,,138.19261281122803,0.381214428196005,,False,"estimate < 1200; CV bound outside [0, 0.33]; proportion CV unassessed or > 0.33",,0.4487147339714835,0.35268176185768657,10
Other sport/recreation,10-14,Knee,1183,3400.0,708.6852437713894,0.20699255316923104,3400.0,True,passes conservative screen,12.0,1.3109912347898938,0.10910114025956613,10
Other sport/recreation,10-14,Lower leg,377,,233.27032416918547,0.2653487754600277,,False,estimate < 1200,,0.7956950853310385,0.2578887758363482,10
Other sport/recreation,10-14,Ankle,1675,4900.0,1043.85294913715,0.21204297958120952,4900.0,True,passes conservative screen,17.3,1.7427662478999593,0.10086764613526324,10
Other sport/recreation,10-14,Foot/toes,687,2100.0,573.5032624093955,0.2781114793021355,2100.0,True,passes conservative screen,7.2,1.2412618924719903,0.1715041427199785,10
Other sport/recreation,10-14,Multiple/systemic,216,,321.15417794084976,0.41323652380829007,,False,"estimate < 1200; CV bound outside [0, 0.33]; proportion CV unassessed or > 0.33",,0.90065083378096,0.33019443453354413,10
Other sport/recreation,10-14,Internal/systemic,3,,8.19391,1.0,,False,"n < 20; estimate < 1200; CV bound outside [0, 0.33]; proportion CV unassessed or > 0.33",,0.0327341552802878,1.1382512054467582,10
Other sport/recreation,10-14,Not stated/other,46,,50.00672078547898,0.5871219520341098,,False,"estimate < 1200; CV bound outside [0, 0.33]; proportion CV unassessed or > 0.33",,0.18451117640191847,0.6172353490818058,10
Other sport/recreation,15-17,Head/face,869,2700.0,496.2359091744944,0.18690336390617873,2700.0,True,passes conservative screen,20.1,2.8496085552640693,0.1419396307614298,10
Other sport/recreation,15-17,Neck,55,,96.53929621116032,0.6108606694178185,,False,"estimate < 1200; CV bound outside [0, 0.33]; proportion CV unassessed or > 0.33",,0.7265810113151892,0.6080112488194571,10
Other sport/recreation,15-17,Shoulder/upper arm,247,,206.56209325009104,0.29914735648739427,,False,estimate < 1200,,1.4128551215477922,0.2705962095963939,10
Other sport/recreation,15-17,Elbow/forearm,163,,172.79644587573142,0.3690569258432161,,False,"estimate < 1200; CV bound outside [0, 0.33]; proportion CV unassessed or > 0.33",,1.2438326580204888,0.35132580087485676,10
Other sport/recreation,15-17,Wrist/hand,491,1800.0,379.9358842875448,0.2086021935683102,1800.0,True,passes conservative screen,13.8,2.3477315214479573,0.17046943560521965,10
Other sport/recreation,15-17,Trunk/spine,455,1400.0,324.10628496136036,0.23347811982985686,1400.0,True,passes conservative screen,10.5,2.157384564660005,0.20553029088750144,10
Other sport/recreation,15-17,Hip/thigh,74,,104.56893425050309,0.5496090664003744,,False,"estimate < 1200; CV bound outside [0, 0.33]; proportion CV unassessed or > 0.33",,0.7911640211964088,0.5499298210810353,10
Other sport/recreation,15-17,Knee,529,1400.0,321.4324454305808,0.22409896571656376,1400.0,True,passes conservative screen,10.8,2.021901581143452,0.18642308339941172,10
Other sport/recreation,15-17,Lower leg,149,,154.3632661084174,0.3534798285893076,,False,"estimate < 1200; CV bound outside [0, 0.33]; proportion CV unassessed or > 0.33",,1.1108345336275542,0.33640278649722305,10
Other sport/recreation,15-17,Ankle,704,2500.0,478.07679184435545,0.1934883974051851,2500.0,True,passes conservative screen,18.7,2.8245744152707495,0.15118190806224097,10
Other sport/recreation,15-17,Foot/toes,234,,225.43799066928491,0.29872460612070884,,False,estimate < 1200,,1.5569966810171336,0.27284821331560777,10
Other sport/recreation,15-17,Multiple/systemic,140,,286.9396561883842,0.4509673353478224,,False,"estimate < 1200; CV bound outside [0, 0.33]; proportion CV unassessed or > 0.33",,1.9593833882951595,0.4072522284231061,10
Other sport/recreation,15-17,Internal/systemic,0,,0.0,,,False,CV unassessed; proportion CV unassessed or > 0.33,,0.0,,10
Other sport/recreation,15-17,Not stated/other,42,,70.84271039650604,0.5881453755767784,,False,"estimate < 1200; CV bound outside [0, 0.33]; proportion CV unassessed or > 0.33",,0.5519051272277733,0.6059593371697303,10
Other sport/recreation,18-24,Head/face,795,3400.0,794.9448216180322,0.23615320754380958,3400.0,True,passes conservative screen,27.8,3.9173162825367656,0.1409395435632808,10
Other sport/recreation,18-24,Neck,50,,101.74001396359796,0.49268740878564077,,False,"estimate < 1200; CV bound outside [0, 0.33]; proportion CV unassessed or > 0.33",,0.8182439860775316,0.479899007193193,10
Other sport/recreation,18-24,Shoulder/upper arm,303,1300.0,352.9441577436375,0.2648356671375566,1300.0,True,passes conservative screen,11.0,2.3857466424406093,0.21681142140698026,10
Other sport/recreation,18-24,Elbow/forearm,107,,150.8556440260043,0.35571816250206895,,False,"estimate < 1200; CV bound outside [0, 0.33]; proportion CV unassessed or > 0.33",,1.2668601663723447,0.3617932973499361,10
Other sport/recreation,18-24,Wrist/hand,321,1400.0,318.7222189555543,0.22272818446050024,1400.0,True,passes conservative screen,11.8,2.239544350295707,0.18954392205262127,10
Other sport/recreation,18-24,Trunk/spine,286,1300.0,328.27016528518004,0.24870172061258097,1300.0,True,passes conservative screen,10.9,2.2316442163423553,0.20476687033790417,10
Other sport/recreation,18-24,Hip/thigh,49,,106.66625059214388,0.5062485502075488,,False,"estimate < 1200; CV bound outside [0, 0.33]; proportion CV unassessed or > 0.33",,0.8571258032253969,0.4926842638098549,10
Other sport/recreation,18-24,Knee,315,1200.0,293.6953407653324,0.2413405705690016,1200.0,True,passes conservative screen,10.0,2.1080901748632823,0.2098020953498068,10
Other sport/recreation,18-24,Lower leg,126,,180.70025733974245,0.3404780820603813,,False,"estimate < 1200; CV bound outside [0, 0.33]",,1.354821355145641,0.30917173362202516,10
Other sport/recreation,18-24,Ankle,354,1400.0,316.5307370610247,0.23364612822186262,1400.0,True,passes conservative screen,11.2,2.223371843171583,0.1987660283484962,10
Other sport/recreation,18-24,Foot/toes,111,,185.63056951334622,0.37182938356383005,,False,"estimate < 1200; CV bound outside [0, 0.33]; proportion CV unassessed or > 0.33",,1.435577621723096,0.34826373083718726,10
Other sport/recreation,18-24,Multiple/systemic,34,,96.84196748889272,0.6206840453529354,,False,"estimate < 1200; CV bound outside [0, 0.33]; proportion CV unassessed or > 0.33",,0.752062161772698,0.5837784719034991,10
Other sport/recreation,18-24,Internal/systemic,0,,0.0,,,False,CV unassessed; proportion CV unassessed or > 0.33,,0.0,,10
Other sport/recreation,18-24,Not stated/other,12,,53.01493637276781,0.8494360752363941,,False,"n < 20; estimate < 1200; CV bound outside [0, 0.33]; proportion CV unassessed or > 0.33",,0.4424155618561144,0.8585195919419142,10
Other sport/recreation,25-34,Head/face,238,,257.08310854894046,0.2703717929497279,,False,estimate < 1200,,3.580768988527917,0.2311633241676787,10
Other sport/recreation,25-34,Neck,23,,69.84408420331644,0.6596371584760821,,False,"estimate < 1200; CV bound outside [0, 0.33]; proportion CV unassessed or > 0.33",,1.1487295871289376,0.6659599024453865,10
Other sport/recreation,25-34,Shoulder/upper arm,165,,204.5006648695065,0.3057108071117378,,False,estimate < 1200,,3.0791766218231267,0.28255660066967336,10
Other sport/recreation,25-34,Elbow/forearm,87,,144.17627928548046,0.42454162215798286,,False,"estimate < 1200; CV bound outside [0, 0.33]; proportion CV unassessed or > 0.33",,2.213237296040704,0.4000453534486313,10
Other sport/recreation,25-34,Wrist/hand,205,,263.0293708150861,0.27327729393251177,,False,estimate < 1200,,3.9078053017147134,0.2492223628398667,10
Other sport/recreation,25-34,Trunk/spine,188,,219.48827812968338,0.28722467031512083,,False,estimate < 1200,,3.214690805924521,0.2582286383735898,10
Other sport/recreation,25-34,Hip/thigh,32,,88.23700775185392,0.5808845488479571,,False,"estimate < 1200; CV bound outside [0, 0.33]; proportion CV unassessed or > 0.33",,1.423056343117299,0.5750636771170208,10
Other sport/recreation,25-34,Knee,139,,174.19536753418078,0.314357085280435,,False,estimate < 1200,,2.4803633726337844,0.2747620515528712,10
Other sport/recreation,25-34,Lower leg,93,,141.6812741502634,0.4193989640342673,,False,"estimate < 1200; CV bound outside [0, 0.33]; proportion CV unassessed or > 0.33",,2.0452384919899553,0.37163246517508997,10
Other sport/recreation,25-34,Ankle,217,,229.13061668634788,0.2721211031566579,,False,estimate < 1200,,3.1361096830592317,0.228625743747105,10
Other sport/recreation,25-34,Foot/toes,69,,137.6286050415177,0.40507118188365365,,False,"estimate < 1200; CV bound outside [0, 0.33]; proportion CV unassessed or > 0.33",,2.097709933170642,0.3789857344097387,10
Other sport/recreation,25-34,Multiple/systemic,20,,68.60164631588978,0.6858098972178558,,False,"estimate < 1200; CV bound outside [0, 0.33]; proportion CV unassessed or > 0.33",,1.1375255192191973,0.6980477757131764,10
Other sport/recreation,25-34,Internal/systemic,0,,0.0,,,False,CV unassessed; proportion CV unassessed or > 0.33,,0.0,,10
Other sport/recreation,25-34,Not stated/other,6,,17.653352538205244,0.8491920516386412,,False,"n < 20; estimate < 1200; CV bound outside [0, 0.33]; proportion CV unassessed or > 0.33",,0.30940385113580543,0.9136066044254765,10
Other sport/recreation,35-44,Head/face,61,,124.80543754542335,0.47317512512026333,,False,"estimate < 1200; CV bound outside [0, 0.33]; proportion CV unassessed or > 0.33",,4.167744980496903,0.44719253539080767,10
Other sport/recreation,35-44,Neck,8,,16.401149386580634,0.7629076740147498,,False,"n < 20; estimate < 1200; CV bound outside [0, 0.33]; proportion CV unassessed or > 0.33",,0.6431885169168401,0.8467222873033362,10
Other sport/recreation,35-44,Shoulder/upper arm,67,,132.70702263453887,0.4209601114122491,,False,"estimate < 1200; CV bound outside [0, 0.33]; proportion CV unassessed or > 0.33",,4.305951846162444,0.38656383297209473,10
Other sport/recreation,35-44,Elbow/forearm,25,,74.87577353463193,0.6566112730825038,,False,"estimate < 1200; CV bound outside [0, 0.33]; proportion CV unassessed or > 0.33",,2.597196932385979,0.644580115426379,10
Other sport/recreation,35-44,Wrist/hand,99,,181.0603689862869,0.35258643410449675,,False,"estimate < 1200; CV bound outside [0, 0.33]",,5.824764096150722,0.3210151645264875,10
Other sport/recreation,35-44,Trunk/spine,109,,181.18615265507805,0.34123932009287244,,False,"estimate < 1200; CV bound outside [0, 0.33]",,5.7585046131738435,0.3069366818904626,10
Other sport/recreation,35-44,Hip/thigh,21,,70.93901445241093,0.6416490705403273,,False,"estimate < 1200; CV bound outside [0, 0.33]; proportion CV unassessed or > 0.33",,2.6228540295434004,0.6714157896580689,10
Other sport/recreation,35-44,Knee,60,,112.16358891625097,0.4381352710937784,,False,"estimate < 1200; CV bound outside [0, 0.33]; proportion CV unassessed or > 0.33",,3.7400059408935817,0.41346011544072814,10
Other sport/recreation,35-44,Lower leg,59,,122.9030111120862,0.46725160183568054,,False,"estimate < 1200; CV bound outside [0, 0.33]; proportion CV unassessed or > 0.33",,4.01936625172478,0.43246490267878923,10
Other sport/recreation,35-44,Ankle,61,,117.12344991287304,0.45236443800655074,,False,"estimate < 1200; CV bound outside [0, 0.33]; proportion CV unassessed or > 0.33",,3.9067864756710846,0.4270407169913532,10
Other sport/recreation,35-44,Foot/toes,32,,92.95148206806766,0.6522018077950708,,False,"estimate < 1200; CV bound outside [0, 0.33]; proportion CV unassessed or > 0.33",,3.2292045328310546,0.6412483238841151,10
Other sport/recreation,35-44,Multiple/systemic,8,,20.710688402406582,0.8157408087423783,,False,"n < 20; estimate < 1200; CV bound outside [0, 0.33]; proportion CV unassessed or > 0.33",,0.8146640781472728,0.9081157990850306,10
Other sport/recreation,35-44,Internal/systemic,0,,0.0,,,False,CV unassessed; proportion CV unassessed or > 0.33,,0.0,,10
Other sport/recreation,35-44,Not stated/other,5,,13.201048847236299,0.899383892444706,,False,"n < 20; estimate < 1200; CV bound outside [0, 0.33]; proportion CV unassessed or > 0.33",,0.5194790164731845,1.0016354503233889,10
Other sport/recreation,45-54,Head/face,25,,79.53129573854827,0.6499803957938401,,False,"estimate < 1200; CV bound outside [0, 0.33]; proportion CV unassessed or > 0.33",,5.2288610793181425,0.639364986954562,10
Other sport/recreation,45-54,Neck,6,,27.20205688670048,0.950022697074657,,False,"n < 20; estimate < 1200; CV bound outside [0, 0.33]; proportion CV unassessed or > 0.33",,2.024801461633111,1.0580208554574961,10
Other sport/recreation,45-54,Shoulder/upper arm,31,,79.3462239063174,0.554141184896957,,False,"estimate < 1200; CV bound outside [0, 0.33]; proportion CV unassessed or > 0.33",,5.442197125733521,0.56865384540887,10
Other sport/recreation,45-54,Elbow/forearm,13,,41.20168863326812,0.7566695971095693,,False,"n < 20; estimate < 1200; CV bound outside [0, 0.33]; proportion CV unassessed or > 0.33",,2.902651813349656,0.7975643954208185,10
Other sport/recreation,45-54,Wrist/hand,77,,169.0801559659795,0.40512181992298885,,False,"estimate < 1200; CV bound outside [0, 0.33]; proportion CV unassessed or > 0.33",,9.57030721225063,0.34308238498683685,10
Other sport/recreation,45-54,Trunk/spine,48,,111.38127352326578,0.49399045845261225,,False,"estimate < 1200; CV bound outside [0, 0.33]; proportion CV unassessed or > 0.33",,6.454051151090315,0.42827066760688887,10
Other sport/recreation,45-54,Hip/thigh,15,,52.776307804747105,0.72937815132611,,False,"n < 20; estimate < 1200; CV bound outside [0, 0.33]; proportion CV unassessed or > 0.33",,3.732027732311702,0.7716816163530622,10
Other sport/recreation,45-54,Knee,34,,70.0181518827983,0.5718181740306871,,False,"estimate < 1200; CV bound outside [0, 0.33]; proportion CV unassessed or > 0.33",,4.493656904725993,0.5490688016731782,10
Other sport/recreation,45-54,Lower leg,19,,49.582735066910814,0.6552938234220761,,False,"n < 20; estimate < 1200; CV bound outside [0, 0.33]; proportion CV unassessed or > 0.33",,3.6216124874940183,0.7161221717837508,10
Other sport/recreation,45-54,Ankle,25,,67.60194881745264,0.6433272077925296,,False,"estimate < 1200; CV bound outside [0, 0.33]; proportion CV unassessed or > 0.33",,4.6729514807871135,0.6653398273356348,10
Other sport/recreation,45-54,Foot/toes,16,,51.139162445472714,0.6513687494734477,,False,"n < 20; estimate < 1200; CV bound outside [0, 0.33]; proportion CV unassessed or > 0.33",,3.740025009841822,0.7127338090315452,10
Other sport/recreation,45-54,Multiple/systemic,6,,40.1857804512306,0.9134228028097601,,False,"n < 20; estimate < 1200; CV bound outside [0, 0.33]; proportion CV unassessed or > 0.33",,2.956422439871961,1.0054152728944057,10
Other sport/recreation,45-54,Internal/systemic,0,,0.0,,,False,CV unassessed; proportion CV unassessed or > 0.33,,0.0,,10
Other sport/recreation,45-54,Not stated/other,2,,6.64675,1.0,,False,"n < 20; estimate < 1200; CV bound outside [0, 0.33]; proportion CV unassessed or > 0.33",,0.5190843439773232,1.1684446174940493,10
Other sport/recreation,55-64,Head/face,21,,84.81514989466936,0.7028945454905299,,False,"estimate < 1200; CV bound outside [0, 0.33]; proportion CV unassessed or > 0.33",,6.865315691706154,0.6839744617441865,10
Other sport/recreation,55-64,Neck,2,,3.2103200000000003,1.0,,False,"n < 20; estimate < 1200; CV bound outside [0, 0.33]; proportion CV unassessed or > 0.33",,0.3312465276590744,1.2404111021242759,10
Other sport/recreation,55-64,Shoulder/upper arm,10,,40.40414489030647,0.8837520457156195,,False,"n < 20; estimate < 1200; CV bound outside [0, 0.33]; proportion CV unassessed or > 0.33",,3.623084371860001,0.9526768119071163,10
Other sport/recreation,55-64,Elbow/forearm,9,,29.353771771064963,0.8479237426289932,,False,"n < 20; estimate < 1200; CV bound outside [0, 0.33]; proportion CV unassessed or > 0.33",,2.728759198207629,0.9475905700107201,10
Other sport/recreation,55-64,Wrist/hand,90,,218.2775666717392,0.41188767476689864,,False,"estimate < 1200; CV bound outside [0, 0.33]",,12.09776467771287,0.27443371196533034,10
Other sport/recreation,55-64,Trunk/spine,39,,109.24998741931424,0.5362936982185144,,False,"estimate < 1200; CV bound outside [0, 0.33]; proportion CV unassessed or > 0.33",,8.598639440653162,0.5074271157692085,10
Other sport/recreation,55-64,Hip/thigh,3,,15.676349229939314,0.7699377929042803,,False,"n < 20; estimate < 1200; CV bound outside [0, 0.33]; proportion CV unassessed or > 0.33",,1.64823924295758,0.9731809355513791,10
Other sport/recreation,55-64,Knee,16,,69.66762569514196,0.8087056901081134,,False,"n < 20; estimate < 1200; CV bound outside [0, 0.33]; proportion CV unassessed or > 0.33",,5.85968764818569,0.8177048810633439,10
Other sport/recreation,55-64,Lower leg,10,,26.784690068391786,0.6895948134556034,,False,"n < 20; estimate < 1200; CV bound outside [0, 0.33]; proportion CV unassessed or > 0.33",,2.6253442170898125,0.812561514412764,10
Other sport/recreation,55-64,Ankle,9,,27.270609759434883,0.7744940627549073,,False,"n < 20; estimate < 1200; CV bound outside [0, 0.33]; proportion CV unassessed or > 0.33",,2.636394926539391,0.900111573864412,10
Other sport/recreation,55-64,Foot/toes,15,,60.3513448963507,0.8563714088201977,,False,"n < 20; estimate < 1200; CV bound outside [0, 0.33]; proportion CV unassessed or > 0.33",,5.013509390603963,0.8552235948716842,10
Other sport/recreation,55-64,Multiple/systemic,3,,11.55052,1.0,,False,"n < 20; estimate < 1200; CV bound outside [0, 0.33]; proportion CV unassessed or > 0.33",,1.139235404202136,1.1856993215466003,10
Other sport/recreation,55-64,Internal/systemic,0,,0.0,,,False,CV unassessed; proportion CV unassessed or > 0.33,,0.0,,10
Other sport/recreation,55-64,Not stated/other,1,,1.7069499999999995,0.9999999999999996,,False,"n < 20; estimate < 1200; CV bound outside [0, 0.33]; proportion CV unassessed or > 0.33",,0.17659519175709185,1.2437145336295572,10
Other sport/recreation,65-74,Head/face,13,,52.04362304986804,0.7713927345890869,,False,"n < 20; estimate < 1200; CV bound outside [0, 0.33]; proportion CV unassessed or > 0.33",,7.966680859239086,0.8481692371275747,10
Other sport/recreation,65-74,Neck,3,,8.732573709425045,0.8951381273268829,,False,"n < 20; estimate < 1200; CV bound outside [0, 0.33]; proportion CV unassessed or > 0.33",,1.5698928360388849,1.1558856671322766,10
Other sport/recreation,65-74,Shoulder/upper arm,5,,18.113808847745112,0.9280104866058564,,False,"n < 20; estimate < 1200; CV bound outside [0, 0.33]; proportion CV unassessed or > 0.33",,3.0408525575988623,1.1190140556223387,10
Other sport/recreation,65-74,Elbow/forearm,0,,0.0,,,False,CV unassessed; proportion CV unassessed or > 0.33,,0.0,,10
Other sport/recreation,65-74,Wrist/hand,75,,198.79669276196825,0.42248203005475854,,False,"estimate < 1200; CV bound outside [0, 0.33]",,15.085479139123919,0.2302794959103257,10
Other sport/recreation,65-74,Trunk/spine,17,,45.17895742965963,0.6973000749894182,,False,"n < 20; estimate < 1200; CV bound outside [0, 0.33]; proportion CV unassessed or > 0.33",,6.940388015852256,0.7694215283239434,10
Other sport/recreation,65-74,Hip/thigh,1,,6.37429,1.0,,False,"n < 20; estimate < 1200; CV bound outside [0, 0.33]; proportion CV unassessed or > 0.33",,1.1505466465842211,1.296490946118242,10
Other sport/recreation,65-74,Knee,2,,3.4112400000000003,1.0,,False,"n < 20; estimate < 1200; CV bound outside [0, 0.33]; proportion CV unassessed or > 0.33",,0.5997188286206726,1.2627939244569748,10
Other sport/recreation,65-74,Lower leg,5,,27.965010000000007,1.0000000000000004,,False,"n < 20; estimate < 1200; CV bound outside [0, 0.33]; proportion CV unassessed or > 0.33",,4.536223714681918,1.1651358385222144,10
Other sport/recreation,65-74,Ankle,3,,12.895259999999999,1.0,,False,"n < 20; estimate < 1200; CV bound outside [0, 0.33]; proportion CV unassessed or > 0.33",,2.1857359240562846,1.2174879247485464,10
Other sport/recreation,65-74,Foot/toes,3,,10.721223605030675,0.87283991525225,,False,"n < 20; estimate < 1200; CV bound outside [0, 0.33]; proportion CV unassessed or > 0.33",,1.895957242806964,1.1087046240499645,10
Other sport/recreation,65-74,Multiple/systemic,4,,12.007888593458206,0.680190271141618,,False,"n < 20; estimate < 1200; CV bound outside [0, 0.33]; proportion CV unassessed or > 0.33",,2.283173908672998,0.9289660316642512,10
Other sport/recreation,65-74,Internal/systemic,0,,0.0,,,False,CV unassessed; proportion CV unassessed or > 0.33,,0.0,,10
Other sport/recreation,65-74,Not stated/other,1,,5.62517,1.0,,False,"n < 20; estimate < 1200; CV bound outside [0, 0.33]; proportion CV unassessed or > 0.33",,1.0152726454315002,1.2964151823841452,10
Other sport/recreation,75+,Head/face,3,,9.113050000000001,1.0,,False,"n < 20; estimate < 1200; CV bound outside [0, 0.33]; proportion CV unassessed or > 0.33",,3.1707464332194144,1.3201445335822757,10
Other sport/recreation,75+,Neck,1,,5.01779,1.0,,False,"n < 20; estimate < 1200; CV bound outside [0, 0.33]; proportion CV unassessed or > 0.33",,1.8120504799529333,1.3701923316404445,10
Other sport/recreation,75+,Shoulder/upper arm,5,,34.79989698809968,0.8848383763701605,,False,"n < 20; estimate < 1200; CV bound outside [0, 0.33]; proportion CV unassessed or > 0.33",,11.032774769676983,1.0643745123589494,10
Other sport/recreation,75+,Elbow/forearm,3,,12.912772716086053,0.8516980317590781,,False,"n < 20; estimate < 1200; CV bound outside [0, 0.33]; proportion CV unassessed or > 0.33",,4.67784923813014,1.170674287969104,10
Other sport/recreation,75+,Wrist/hand,32,,108.66414286816605,0.5643403318604195,,False,"estimate < 1200; CV bound outside [0, 0.33]; proportion CV unassessed or > 0.33",,20.852827931809433,0.41090697415380384,10
Other sport/recreation,75+,Trunk/spine,11,,47.66935932171958,0.8260173010534693,,False,"n < 20; estimate < 1200; CV bound outside [0, 0.33]; proportion CV unassessed or > 0.33",,13.396372113295584,0.8807664303105947,10
Other sport/recreation,75+,Hip/thigh,3,,14.928030000000003,1.0000000000000002,,False,"n < 20; estimate < 1200; CV bound outside [0, 0.33]; proportion CV unassessed or > 0.33",,5.063390221266544,1.2869528073878662,10
Other sport/recreation,75+,Knee,5,,27.068675332563448,0.8725733997653073,,False,"n < 20; estimate < 1200; CV bound outside [0, 0.33]; proportion CV unassessed or > 0.33",,8.869872359126086,1.0848659008928079,10
Other sport/recreation,75+,Lower leg,1,,1.5999199999999998,0.9999999999999999,,False,"n < 20; estimate < 1200; CV bound outside [0, 0.33]; proportion CV unassessed or > 0.33",,0.5863283518678845,1.3904851331970935,10
Other sport/recreation,75+,Ankle,0,,0.0,,,False,CV unassessed; proportion CV unassessed or > 0.33,,0.0,,10
Other sport/recreation,75+,Foot/toes,1,,7.976439999999999,1.0,,False,"n < 20; estimate < 1200; CV bound outside [0, 0.33]; proportion CV unassessed or > 0.33",,2.873240592065898,1.3667422278082137,10
Other sport/recreation,75+,Multiple/systemic,3,,5.01525,0.9999999999999999,,False,"n < 20; estimate < 1200; CV bound outside [0, 0.33]; proportion CV unassessed or > 0.33",,1.7311696347446142,1.309696785192929,10
Other sport/recreation,75+,Internal/systemic,0,,0.0,,,False,CV unassessed; proportion CV unassessed or > 0.33,,0.0,,10
Other sport/recreation,75+,Not stated/other,0,,0.0,,,False,CV unassessed; proportion CV unassessed or > 0.33,,0.0,,10
Combat sports,0-4,Head/face,44,,55.539189543822566,0.6169528719977687,,False,"estimate < 1200; CV bound outside [0, 0.33]; proportion CV unassessed or > 0.33",,17.714799260033658,0.5088851696023713,10
Combat sports,0-4,Neck,0,,0.0,,,False,CV unassessed; proportion CV unassessed or > 0.33,,0.0,,10
Combat sports,0-4,Shoulder/upper arm,6,,18.359863840385437,0.9768732503083578,,False,"n < 20; estimate < 1200; CV bound outside [0, 0.33]; proportion CV unassessed or > 0.33",,8.301534102798833,1.1422422617583725,10
Combat sports,0-4,Elbow/forearm,27,,43.390133287573434,0.7250426399888351,,False,"estimate < 1200; CV bound outside [0, 0.33]; proportion CV unassessed or > 0.33",,17.204699438892675,0.743448279860383,10
Combat sports,0-4,Wrist/hand,4,,14.689349536148367,0.9108431430222461,,False,"n < 20; estimate < 1200; CV bound outside [0, 0.33]; proportion CV unassessed or > 0.33",,7.389842376186248,1.1849698762581373,10
Combat sports,0-4,Trunk/spine,6,,30.622545052185615,0.9712002190945059,,False,"n < 20; estimate < 1200; CV bound outside [0, 0.33]; proportion CV unassessed or > 0.33",,12.850009252438236,1.0539063874084227,10
Combat sports,0-4,Hip/thigh,2,,5.666869999999998,0.9999999999999997,,False,"n < 20; estimate < 1200; CV bound outside [0, 0.33]; proportion CV unassessed or > 0.33",,3.0104110055507443,1.3737688037106395,10
Combat sports,0-4,Knee,1,,0.5643799999999999,0.9999999999999999,,False,"n < 20; estimate < 1200; CV bound outside [0, 0.33]; proportion CV unassessed or > 0.33",,0.29901771380794046,1.3701130670472494,10
Combat sports,0-4,Lower leg,3,,1.73985,0.9999999999999998,,False,"n < 20; estimate < 1200; CV bound outside [0, 0.33]; proportion CV unassessed or > 0.33",,0.8865461807838735,1.3177124903401334,10
Combat sports,0-4,Ankle,2,,6.9955300000000005,1.0000000000000002,,False,"n < 20; estimate < 1200; CV bound outside [0, 0.33]; proportion CV unassessed or > 0.33",,3.6009711027890816,1.3311595728654653,10
Combat sports,0-4,Foot/toes,5,,20.297408840463003,0.9261786484672755,,False,"n < 20; estimate < 1200; CV bound outside [0, 0.33]; proportion CV unassessed or > 0.33",,8.884249932974173,1.0483493729070565,10
Combat sports,0-4,Multiple/systemic,0,,0.0,,,False,CV unassessed; proportion CV unassessed or > 0.33,,0.0,,10
Combat sports,0-4,Internal/systemic,0,,0.0,,,False,CV unassessed; proportion CV unassessed or > 0.33,,0.0,,10
Combat sports,0-4,Not stated/other,2,,5.40064,1.0,,False,"n < 20; estimate < 1200; CV bound outside [0, 0.33]; proportion CV unassessed or > 0.33",,2.8103367993926804,1.3456875930290082,10
Combat sports,5-9,Head/face,345,,268.4481814727065,0.29318601218649265,,False,estimate < 1200,,4.149555057422723,0.21624567957158364,10
Combat sports,5-9,Neck,67,,65.16547595794752,0.49982037552521424,,False,"estimate < 1200; CV bound outside [0, 0.33]; proportion CV unassessed or > 0.33",,1.4353387911233841,0.5253079034026362,10
Combat sports,5-9,Shoulder/upper arm,187,,200.68222474607705,0.37272099738586895,,False,"estimate < 1200; CV bound outside [0, 0.33]",,3.5889043048979055,0.3180533387998198,10
Combat sports,5-9,Elbow/forearm,326,,237.59990980633097,0.3019223538342387,,False,estimate < 1200,,3.8715360437176,0.23474450343895165,10
Combat sports,5-9,Wrist/hand,212,,223.2017839059813,0.3110988851765511,,False,estimate < 1200,,4.0309282016442385,0.2680828205023561,10
Combat sports,5-9,Trunk/spine,166,,155.68868120873069,0.37814225776553045,,False,"estimate < 1200; CV bound outside [0, 0.33]; proportion CV unassessed or > 0.33",,3.175096642965107,0.3679749455950371,10
Combat sports,5-9,Hip/thigh,28,,52.70725241608959,0.709901376562438,,False,"estimate < 1200; CV bound outside [0, 0.33]; proportion CV unassessed or > 0.33",,1.1583189551462494,0.7444215419677156,10
Combat sports,5-9,Knee,87,,98.95661660400573,0.4551820197139087,,False,"estimate < 1200; CV bound outside [0, 0.33]; proportion CV unassessed or > 0.33",,1.9896498151616395,0.436696824913862,10
Combat sports,5-9,Lower leg,54,,50.60357188503041,0.6058601443644905,,False,"estimate < 1200; CV bound outside [0, 0.33]; proportion CV unassessed or > 0.33",,1.0742172240176715,0.6136863317817581,10
Combat sports,5-9,Ankle,99,,136.9663018268599,0.4725817934194216,,False,"estimate < 1200; CV bound outside [0, 0.33]; proportion CV unassessed or > 0.33",,2.4265773630609577,0.3995034426979535,10
Combat sports,5-9,Foot/toes,181,,208.6256347200355,0.3800436714528594,,False,"estimate < 1200; CV bound outside [0, 0.33]",,3.6889009001596063,0.3206460913703208,10
Combat sports,5-9,Multiple/systemic,18,,36.40433629762508,0.7040170858058844,,False,"n < 20; estimate < 1200; CV bound outside [0, 0.33]; proportion CV unassessed or > 0.33",,0.7984138134803864,0.7367518780652512,10
Combat sports,5-9,Internal/systemic,0,,0.0,,,False,CV unassessed; proportion CV unassessed or > 0.33,,0.0,,10
Combat sports,5-9,Not stated/other,8,,5.3677399999999995,1.0,,False,"n < 20; estimate < 1200; CV bound outside [0, 0.33]; proportion CV unassessed or > 0.33",,0.12095179461581498,1.0751869214167193,10
Combat sports,10-14,Head/face,1176,3300.0,622.540203866611,0.18814132957434343,3300.0,True,passes conservative screen,17.8,2.307416974129703,0.1298154102359106,10
Combat sports,10-14,Neck,299,,219.27810304311242,0.3028682791877878,,False,estimate < 1200,,1.095701316209246,0.2817306320656496,10
Combat sports,10-14,Shoulder/upper arm,731,2600.0,523.2313432575844,0.20372805348948383,2600.0,True,passes conservative screen,13.8,1.9698716783788286,0.14278361787242844,10
Combat sports,10-14,Elbow/forearm,753,2100.0,449.98900192381524,0.21931673288170364,2100.0,True,passes conservative screen,11.0,1.9241939358036424,0.174583048059644,10
Combat sports,10-14,Wrist/hand,1074,3400.0,596.6271517097182,0.17761420250159685,3400.0,True,passes conservative screen,18.0,2.237101096241138,0.12397772104510567,10
Combat sports,10-14,Trunk/spine,548,1800.0,400.91034810254394,0.22293232084146644,1800.0,True,passes conservative screen,9.7,1.7258091125928516,0.17864953521331903,10
Combat sports,10-14,Hip/thigh,91,,102.69139798165551,0.4572164617842789,,False,"estimate < 1200; CV bound outside [0, 0.33]; proportion CV unassessed or > 0.33",,0.529543786091471,0.4389075285243119,10
Combat sports,10-14,Knee,500,1500.0,356.5231304130477,0.2337131622305931,1500.0,True,passes conservative screen,8.2,1.495079468144277,0.1824496773215734,10
Combat sports,10-14,Lower leg,161,,153.48997465720063,0.38072080204633457,,False,"estimate < 1200; CV bound outside [0, 0.33]; proportion CV unassessed or > 0.33",,0.7961618142680734,0.367630299511829,10
Combat sports,10-14,Ankle,370,1300.0,322.053203012152,0.25239568024222847,1300.0,True,passes conservative screen,6.9,1.5008711041326903,0.21896820231796205,10
Combat sports,10-14,Foot/toes,417,,318.70457751588003,0.2673347732652693,,False,estimate < 1200,,1.4237602370248723,0.22232452495943064,10
Combat sports,10-14,Multiple/systemic,43,,86.99784142085237,0.6521161801598276,,False,"estimate < 1200; CV bound outside [0, 0.33]; proportion CV unassessed or > 0.33",,0.4608938637396226,0.6431329885655072,10
Combat sports,10-14,Internal/systemic,1,,1.854389999999999,0.9999999999999994,,False,"n < 20; estimate < 1200; CV bound outside [0, 0.33]; proportion CV unassessed or > 0.33",,0.011187633813250946,1.123105432569325,10
Combat sports,10-14,Not stated/other,15,,40.75538170588778,0.835035762592014,,False,"n < 20; estimate < 1200; CV bound outside [0, 0.33]; proportion CV unassessed or > 0.33",,0.2241912659285185,0.8551103474047435,10
Combat sports,15-17,Head/face,1713,5400.0,914.7834782015007,0.1686918120322111,5400.0,True,passes conservative screen,25.1,2.3825318970640432,0.09510394617379773,10
Combat sports,15-17,Neck,233,,217.42510308234114,0.27749474946787994,,False,estimate < 1200,,0.9354705062180693,0.2584397474343594,10
Combat sports,15-17,Shoulder/upper arm,814,3100.0,604.0978352509089,0.19412084275306696,3100.0,True,passes conservative screen,14.4,1.847306076813187,0.12849548573471004,10
Combat sports,15-17,Elbow/forearm,588,2100.0,429.70229841941443,0.20936743911782105,2100.0,True,passes conservative screen,9.5,1.6144840274081522,0.1702783134654602,10
Combat sports,15-17,Wrist/hand,884,2900.0,516.6347820845157,0.17917901667824995,2900.0,True,passes conservative screen,13.3,1.8355042462017426,0.1377980347991957,10
Combat sports,15-17,Trunk/spine,623,2300.0,467.28432654417094,0.20564727979779002,2300.0,True,passes conservative screen,10.5,1.6642147306294124,0.15853868062999288,10
Combat sports,15-17,Hip/thigh,70,,112.90192521557174,0.5113321788424304,,False,"estimate < 1200; CV bound outside [0, 0.33]; proportion CV unassessed or > 0.33",,0.5027559337321454,0.49288216639797694,10
Combat sports,15-17,Knee,633,2300.0,485.8918810751219,0.21291482970701575,2300.0,True,passes conservative screen,10.5,1.6518322777323082,0.15668100200679866,10
Combat sports,15-17,Lower leg,115,,165.17301165935558,0.4050149724548633,,False,"estimate < 1200; CV bound outside [0, 0.33]; proportion CV unassessed or > 0.33",,0.7442159934536189,0.3950163872591887,10
Combat sports,15-17,Ankle,379,1400.0,337.37882727359636,0.2431293399210744,1400.0,True,passes conservative screen,6.4,1.2625295869630884,0.19694512452846194,10
Combat sports,15-17,Foot/toes,192,,212.88711293285775,0.3380182357235735,,False,"estimate < 1200; CV bound outside [0, 0.33]",,0.8619524587680523,0.2962498874970222,10
Combat sports,15-17,Multiple/systemic,41,,95.44994206076593,0.5767211287956879,,False,"estimate < 1200; CV bound outside [0, 0.33]; proportion CV unassessed or > 0.33",,0.44566861148411807,0.5828896771180804,10
Combat sports,15-17,Internal/systemic,0,,0.0,,,False,CV unassessed; proportion CV unassessed or > 0.33,,0.0,,10
Combat sports,15-17,Not stated/other,12,,18.91590658436987,0.7179267990527491,,False,"n < 20; estimate < 1200; CV bound outside [0, 0.33]; proportion CV unassessed or > 0.33",,0.09485366371618872,0.7792758860719677,10
Combat sports,18-24,Head/face,974,4100.0,683.2643753714995,0.16652048641478764,4100.0,True,passes conservative screen,26.1,2.820769708566197,0.10812403043757,10
Combat sports,18-24,Neck,84,,142.22262878800072,0.41229466756479854,,False,"estimate < 1200; CV bound outside [0, 0.33]; proportion CV unassessed or > 0.33",,0.8718993497899858,0.39754021817275786,10
Combat sports,18-24,Shoulder/upper arm,460,2100.0,417.11927208878933,0.20302432896820172,2100.0,True,passes conservative screen,13.1,2.218843258860717,0.1698596222524357,10
Combat sports,18-24,Elbow/forearm,169,,208.96630798429197,0.298370927612569,,False,estimate < 1200,,1.2142242637131166,0.2726809784385994,10
Combat sports,18-24,Wrist/hand,834,3600.0,578.7808551557528,0.16234184589770387,3600.0,True,passes conservative screen,22.7,2.5528465967250367,0.11262031630904107,10
Combat sports,18-24,Trunk/spine,389,1700.0,343.24234769669494,0.20338428790488886,1700.0,True,passes conservative screen,10.7,1.9317054218804723,0.18002513116070995,10
Combat sports,18-24,Hip/thigh,39,,84.77961106999791,0.5373547300331389,,False,"estimate < 1200; CV bound outside [0, 0.33]; proportion CV unassessed or > 0.33",,0.5374259073235232,0.5357521916242952,10
Combat sports,18-24,Knee,303,1200.0,279.39353308885404,0.23172452996017387,1200.0,True,passes conservative screen,7.7,1.515390174613097,0.19767685783237926,10
Combat sports,18-24,Lower leg,57,,113.29099332041021,0.5215567534788262,,False,"estimate < 1200; CV bound outside [0, 0.33]; proportion CV unassessed or > 0.33",,0.7001725927833874,0.506975529404062,10
Combat sports,18-24,Ankle,174,,223.7834937365638,0.3019004045555569,,False,estimate < 1200,,1.2959682122805218,0.2749829053127589,10
Combat sports,18-24,Foot/toes,176,,246.92107235720474,0.3154867835762586,,False,estimate < 1200,,1.461728395981529,0.293741563106355,10
Combat sports,18-24,Multiple/systemic,22,,77.02739496969876,0.6719240267475348,,False,"estimate < 1200; CV bound outside [0, 0.33]; proportion CV unassessed or > 0.33",,0.4882133450439581,0.6698233896803737,10
Combat sports,18-24,Internal/systemic,0,,0.0,,,False,CV unassessed; proportion CV unassessed or > 0.33,,0.0,,10
Combat sports,18-24,Not stated/other,9,,47.55136267272794,0.8981141403826053,,False,"n < 20; estimate < 1200; CV bound outside [0, 0.33]; proportion CV unassessed or > 0.33",,0.31282860711884297,0.9292888578037503,10
Combat sports,25-34,Head/face,583,2500.0,502.06586417826946,0.20301013954710553,2500.0,True,passes conservative screen,19.4,2.9520159639691923,0.15224786500086118,10
Combat sports,25-34,Neck,81,,147.8011595754355,0.40794109789511906,,False,"estimate < 1200; CV bound outside [0, 0.33]; proportion CV unassessed or > 0.33",,1.1010583245605965,0.3876193222546462,10
Combat sports,25-34,Shoulder/upper arm,327,1400.0,295.48303476648147,0.21122387506855267,1400.0,True,passes conservative screen,11.0,2.07676963592119,0.1893539000370026,10
Combat sports,25-34,Elbow/forearm,129,,187.22960130966,0.31890383867948496,,False,estimate < 1200,,1.3620180074885595,0.2958990412414606,10
Combat sports,25-34,Wrist/hand,732,3100.0,492.73892488995415,0.1572419524224953,3100.0,True,passes conservative screen,24.6,3.2275755979438374,0.1313721941550059,10
Combat sports,25-34,Trunk/spine,456,2000.0,415.7060762200409,0.20419349354927252,2000.0,True,passes conservative screen,16.0,2.5550071890910697,0.16007485886947476,10
Combat sports,25-34,Hip/thigh,38,,80.49201497435328,0.5447974900168869,,False,"estimate < 1200; CV bound outside [0, 0.33]; proportion CV unassessed or > 0.33",,0.6490283228173189,0.5603010316175008,10
Combat sports,25-34,Knee,250,,294.46755428932255,0.28399767882200966,,False,estimate < 1200,,2.019043655888766,0.24836964960146113,10
Combat sports,25-34,Lower leg,69,,129.87937343084428,0.44142243195651537,,False,"estimate < 1200; CV bound outside [0, 0.33]; proportion CV unassessed or > 0.33",,1.0059985665775573,0.436100967602325,10
Combat sports,25-34,Ankle,105,,163.54644170048428,0.3640926320351146,,False,"estimate < 1200; CV bound outside [0, 0.33]; proportion CV unassessed or > 0.33",,1.2243966140116884,0.3476709344266636,10
Combat sports,25-34,Foot/toes,164,,212.27752261193828,0.29982482417492307,,False,estimate < 1200,,1.5723504354319235,0.2832620516939225,10
Combat sports,25-34,Multiple/systemic,22,,70.81108547740746,0.6753310938747088,,False,"estimate < 1200; CV bound outside [0, 0.33]; proportion CV unassessed or > 0.33",,0.5601943744144516,0.6814432776332733,10
Combat sports,25-34,Internal/systemic,0,,0.0,,,False,CV unassessed; proportion CV unassessed or > 0.33,,0.0,,10
Combat sports,25-34,Not stated/other,6,,18.61554118819302,0.8074758941160736,,False,"n < 20; estimate < 1200; CV bound outside [0, 0.33]; proportion CV unassessed or > 0.33",,0.1596091102377352,0.8830535691025634,10
Combat sports,35-44,Head/face,212,,235.0865754878252,0.2528254622058825,,False,estimate < 1200,,3.2462655673285794,0.22420831193686425,10
Combat sports,35-44,Neck,52,,110.922255551381,0.5083140587056934,,False,"estimate < 1200; CV bound outside [0, 0.33]; proportion CV unassessed or > 0.33",,1.6205372471769657,0.47692175134297404,10
Combat sports,35-44,Shoulder/upper arm,150,,250.92571201417837,0.3392468523770322,,False,"estimate < 1200; CV bound outside [0, 0.33]",,3.418409870218872,0.2968038149706772,10
Combat sports,35-44,Elbow/forearm,63,,116.51121082888918,0.4371002730427939,,False,"estimate < 1200; CV bound outside [0, 0.33]; proportion CV unassessed or > 0.33",,1.7098317875047948,0.4119470833344197,10
Combat sports,35-44,Wrist/hand,343,1600.0,367.81918370743693,0.2340377859860742,1600.0,True,passes conservative screen,24.5,4.686259937951721,0.191492893974698,10
Combat sports,35-44,Trunk/spine,255,,277.60374277142057,0.24207602398928887,,False,estimate < 1200,,3.501308989674052,0.19607922543090575,10
Combat sports,35-44,Hip/thigh,25,,82.0782927526657,0.6757125177990785,,False,"estimate < 1200; CV bound outside [0, 0.33]; proportion CV unassessed or > 0.33",,1.3043255375095704,0.6895953603221632,10
Combat sports,35-44,Knee,115,,184.20388268278833,0.355484166916076,,False,"estimate < 1200; CV bound outside [0, 0.33]",,2.537338361355125,0.3144666187554439,10
Combat sports,35-44,Lower leg,58,,103.70035719870944,0.47437406374325514,,False,"estimate < 1200; CV bound outside [0, 0.33]; proportion CV unassessed or > 0.33",,1.5531123457375815,0.4562661384865925,10
Combat sports,35-44,Ankle,51,,107.18977656035229,0.4617429372346304,,False,"estimate < 1200; CV bound outside [0, 0.33]; proportion CV unassessed or > 0.33",,1.6677738787180028,0.4613799806331346,10
Combat sports,35-44,Foot/toes,102,,163.75421996586928,0.3759569435262463,,False,"estimate < 1200; CV bound outside [0, 0.33]; proportion CV unassessed or > 0.33",,2.36490507617739,0.34868559530048565,10
Combat sports,35-44,Multiple/systemic,6,,10.475364602674613,0.897495035262369,,False,"n < 20; estimate < 1200; CV bound outside [0, 0.33]; proportion CV unassessed or > 0.33",,0.17799338317828312,0.9793579391850807,10
Combat sports,35-44,Internal/systemic,0,,0.0,,,False,CV unassessed; proportion CV unassessed or > 0.33,,0.0,,10
Combat sports,35-44,Not stated/other,4,,11.784360000000001,1.0,,False,"n < 20; estimate < 1200; CV bound outside [0, 0.33]; proportion CV unassessed or > 0.33",,0.19828111948260352,1.0805628798965936,10
Combat sports,45-54,Head/face,74,,136.8718967717203,0.43488874927138094,,False,"estimate < 1200; CV bound outside [0, 0.33]; proportion CV unassessed or > 0.33",,4.519020274491595,0.4175143782520741,10
Combat sports,45-54,Neck,17,,45.03483363880073,0.7016323491925119,,False,"n < 20; estimate < 1200; CV bound outside [0, 0.33]; proportion CV unassessed or > 0.33",,1.6542210412550746,0.749407166351161,10
Combat sports,45-54,Shoulder/upper arm,65,,144.04986288544708,0.45245690421764695,,False,"estimate < 1200; CV bound outside [0, 0.33]; proportion CV unassessed or > 0.33",,4.834160430585,0.44151828012464994,10
Combat sports,45-54,Elbow/forearm,25,,74.31380567012157,0.6500050133814191,,False,"estimate < 1200; CV bound outside [0, 0.33]; proportion CV unassessed or > 0.33",,2.492425890582771,0.6339174655010729,10
Combat sports,45-54,Wrist/hand,144,,198.0394959093341,0.33929533830821695,,False,"estimate < 1200; CV bound outside [0, 0.33]",,6.049365562659748,0.30136941143840457,10
Combat sports,45-54,Trunk/spine,141,,223.44392771555218,0.349874176871898,,False,"estimate < 1200; CV bound outside [0, 0.33]",,6.033501827175044,0.27471099455144476,10
Combat sports,45-54,Hip/thigh,15,,37.87861814729551,0.7830072574954908,,False,"n < 20; estimate < 1200; CV bound outside [0, 0.33]; proportion CV unassessed or > 0.33",,1.3612832144502385,0.8182450928677626,10
Combat sports,45-54,Knee,54,,107.04848962806099,0.5366590670796751,,False,"estimate < 1200; CV bound outside [0, 0.33]; proportion CV unassessed or > 0.33",,3.4493732256739755,0.5028302247921289,10
Combat sports,45-54,Lower leg,33,,89.49526939809445,0.5676006171133874,,False,"estimate < 1200; CV bound outside [0, 0.33]; proportion CV unassessed or > 0.33",,2.929313717082599,0.540221574376476,10
Combat sports,45-54,Ankle,22,,85.97563247712395,0.683556238293258,,False,"estimate < 1200; CV bound outside [0, 0.33]; proportion CV unassessed or > 0.33",,3.0622221214733765,0.7079438624326704,10
Combat sports,45-54,Foot/toes,49,,124.44122685867251,0.4943545727532771,,False,"estimate < 1200; CV bound outside [0, 0.33]; proportion CV unassessed or > 0.33",,3.9288074616604636,0.4538353044650981,10
Combat sports,45-54,Multiple/systemic,13,,70.2438857755572,0.8945646965456124,,False,"n < 20; estimate < 1200; CV bound outside [0, 0.33]; proportion CV unassessed or > 0.33",,2.426825667538592,0.8986799787162981,10
Combat sports,45-54,Internal/systemic,0,,0.0,,,False,CV unassessed; proportion CV unassessed or > 0.33,,0.0,,10
Combat sports,45-54,Not stated/other,3,,12.311499999999999,1.0,,False,"n < 20; estimate < 1200; CV bound outside [0, 0.33]; proportion CV unassessed or > 0.33",,0.4758223855495831,1.1238210443035805,10
Combat sports,55-64,Head/face,24,,68.56158763530529,0.6296766611314565,,False,"estimate < 1200; CV bound outside [0, 0.33]; proportion CV unassessed or > 0.33",,6.205835704211869,0.641519555657082,10
Combat sports,55-64,Neck,7,,22.10742900233359,0.8639950054551583,,False,"n < 20; estimate < 1200; CV bound outside [0, 0.33]; proportion CV unassessed or > 0.33",,2.214060052324176,0.9739469103621408,10
Combat sports,55-64,Shoulder/upper arm,22,,57.496143201346555,0.6248136240821992,,False,"estimate < 1200; CV bound outside [0, 0.33]; proportion CV unassessed or > 0.33",,4.971084787896872,0.6080451699697113,10
Combat sports,55-64,Elbow/forearm,7,,20.60242728298369,0.8284177871299022,,False,"n < 20; estimate < 1200; CV bound outside [0, 0.33]; proportion CV unassessed or > 0.33",,2.135476836226161,0.9664931609413723,10
Combat sports,55-64,Wrist/hand,46,,84.4230006236146,0.4862143415094604,,False,"estimate < 1200; CV bound outside [0, 0.33]; proportion CV unassessed or > 0.33",,7.459987671229458,0.48359075033956117,10
Combat sports,55-64,Trunk/spine,78,,166.9694715396313,0.4381309065390143,,False,"estimate < 1200; CV bound outside [0, 0.33]; proportion CV unassessed or > 0.33",,11.30504551009062,0.33389662376095075,10
Combat sports,55-64,Hip/thigh,5,,31.1701,1.0,,False,"n < 20; estimate < 1200; CV bound outside [0, 0.33]; proportion CV unassessed or > 0.33",,2.9856598395307214,1.0781396695039265,10
Combat sports,55-64,Knee,20,,64.26144015043454,0.7337933634689005,,False,"estimate < 1200; CV bound outside [0, 0.33]; proportion CV unassessed or > 0.33",,6.021595228882216,0.7739408665976416,10
Combat sports,55-64,Lower leg,13,,34.6470924721094,0.8284839831426878,,False,"n < 20; estimate < 1200; CV bound outside [0, 0.33]; proportion CV unassessed or > 0.33",,3.3086948571441877,0.8905266752504589,10
Combat sports,55-64,Ankle,13,,48.410331905194624,0.7615541876492934,,False,"n < 20; estimate < 1200; CV bound outside [0, 0.33]; proportion CV unassessed or > 0.33",,4.678688640492304,0.828437577410259,10
Combat sports,55-64,Foot/toes,20,,48.36807375937261,0.694624320795264,,False,"estimate < 1200; CV bound outside [0, 0.33]; proportion CV unassessed or > 0.33",,4.335297018354142,0.7007820112919206,10
Combat sports,55-64,Multiple/systemic,5,,22.670377480919434,0.8815478229171954,,False,"n < 20; estimate < 1200; CV bound outside [0, 0.33]; proportion CV unassessed or > 0.33",,2.3186780424708218,1.0148467613638545,10
Combat sports,55-64,Internal/systemic,0,,0.0,,,False,CV unassessed; proportion CV unassessed or > 0.33,,0.0,,10
Combat sports,55-64,Not stated/other,0,,0.0,,,False,CV unassessed; proportion CV unassessed or > 0.33,,0.0,,10
Combat sports,65-74,Head/face,6,,25.017190000000006,1.0000000000000002,,False,"n < 20; estimate < 1200; CV bound outside [0, 0.33]; proportion CV unassessed or > 0.33",,7.169238000958815,1.1159913574200977,10
Combat sports,65-74,Neck,1,,2.55462,1.0,,False,"n < 20; estimate < 1200; CV bound outside [0, 0.33]; proportion CV unassessed or > 0.33",,0.8646638736358672,1.3180969841997665,10
Combat sports,65-74,Shoulder/upper arm,11,,27.38093911927509,0.7098734124781794,,False,"n < 20; estimate < 1200; CV bound outside [0, 0.33]; proportion CV unassessed or > 0.33",,8.652994371787806,0.873625600903746,10
Combat sports,65-74,Elbow/forearm,3,,7.466525530022409,0.8782628804221397,,False,"n < 20; estimate < 1200; CV bound outside [0, 0.33]; proportion CV unassessed or > 0.33",,2.508225217391916,1.1489440049239608,10
Combat sports,65-74,Wrist/hand,14,,44.40565222210929,0.7106397267475436,,False,"n < 20; estimate < 1200; CV bound outside [0, 0.33]; proportion CV unassessed or > 0.33",,12.32308988382562,0.7679929001761215,10
Combat sports,65-74,Trunk/spine,20,,71.14586428585193,0.7409564912535694,,False,"estimate < 1200; CV bound outside [0, 0.33]; proportion CV unassessed or > 0.33",,16.872981784038785,0.6843231708863672,10
Combat sports,65-74,Hip/thigh,2,,12.163960000000007,1.0000000000000004,,False,"n < 20; estimate < 1200; CV bound outside [0, 0.33]; proportion CV unassessed or > 0.33",,3.924701545612238,1.256487039148891,10
Combat sports,65-74,Knee,8,,41.44323435072676,0.8804820677545797,,False,"n < 20; estimate < 1200; CV bound outside [0, 0.33]; proportion CV unassessed or > 0.33",,11.337663239902952,0.9380301268982346,10
Combat sports,65-74,Lower leg,5,,23.883984098596724,0.9204723570450335,,False,"n < 20; estimate < 1200; CV bound outside [0, 0.33]; proportion CV unassessed or > 0.33",,7.362895747091525,1.1050425185304584,10
Combat sports,65-74,Ankle,2,,8.199629999999999,1.0,,False,"n < 20; estimate < 1200; CV bound outside [0, 0.33]; proportion CV unassessed or > 0.33",,2.6914051366606087,1.278236401927548,10
Combat sports,65-74,Foot/toes,7,,18.945796492564725,0.8558174844389481,,False,"n < 20; estimate < 1200; CV bound outside [0, 0.33]; proportion CV unassessed or > 0.33",,5.6403844825622125,0.992209443452725,10
Combat sports,65-74,Multiple/systemic,9,,30.367504985560664,0.7450501124919536,,False,"n < 20; estimate < 1200; CV bound outside [0, 0.33]; proportion CV unassessed or > 0.33",,8.988976742458958,0.8588414372452338,10
Combat sports,65-74,Internal/systemic,0,,0.0,,,False,CV unassessed; proportion CV unassessed or > 0.33,,0.0,,10
Combat sports,65-74,Not stated/other,0,,0.0,,,False,CV unassessed; proportion CV unassessed or > 0.33,,0.0,,10
Combat sports,75+,Head/face,6,,16.47857872161226,0.888902365591131,,False,"n < 20; estimate < 1200; CV bound outside [0, 0.33]; proportion CV unassessed or > 0.33",,12.466030580977636,1.1760962023314527,10
Combat sports,75+,Neck,0,,0.0,,,False,CV unassessed; proportion CV unassessed or > 0.33,,0.0,,10
Combat sports,75+,Shoulder/upper arm,3,,12.370374663604112,0.9246368771394463,,False,"n < 20; estimate < 1200; CV bound outside [0, 0.33]; proportion CV unassessed or > 0.33",,9.568111776831982,1.2508203719379665,10
Combat sports,75+,Elbow/forearm,2,,17.01349,1.0,,False,"n < 20; estimate < 1200; CV bound outside [0, 0.33]; proportion CV unassessed or > 0.33",,12.669424943895931,1.3023983628158373,10
Combat sports,75+,Wrist/hand,7,,25.578950633033394,0.7822591345202485,,False,"n < 20; estimate < 1200; CV bound outside [0, 0.33]; proportion CV unassessed or > 0.33",,17.971875345344106,0.9612617596156736,10
Combat sports,75+,Trunk/spine,8,,37.52558866051953,0.8911007363907609,,False,"n < 20; estimate < 1200; CV bound outside [0, 0.33]; proportion CV unassessed or > 0.33",,22.786022462648045,0.9463420951454022,10
Combat sports,75+,Hip/thigh,0,,0.0,,,False,CV unassessed; proportion CV unassessed or > 0.33,,0.0,,10
Combat sports,75+,Knee,3,,11.676539999999997,0.9999999999999998,,False,"n < 20; estimate < 1200; CV bound outside [0, 0.33]; proportion CV unassessed or > 0.33",,8.822722036421169,1.3215048889474996,10
Combat sports,75+,Lower leg,2,,7.856210000000002,1.0000000000000002,,False,"n < 20; estimate < 1200; CV bound outside [0, 0.33]; proportion CV unassessed or > 0.33",,6.257448536010024,1.3930430933862905,10
Combat sports,75+,Ankle,0,,0.0,,,False,CV unassessed; proportion CV unassessed or > 0.33,,0.0,,10
Combat sports,75+,Foot/toes,0,,0.0,,,False,CV unassessed; proportion CV unassessed or > 0.33,,0.0,,10
Combat sports,75+,Multiple/systemic,6,,25.336365738601568,0.8925413401595732,,False,"n < 20; estimate < 1200; CV bound outside [0, 0.33]; proportion CV unassessed or > 0.33",,18.00225888502766,1.1091527815193436,10
Combat sports,75+,Internal/systemic,0,,0.0,,,False,CV unassessed; proportion CV unassessed or > 0.33,,0.0,,10
Combat sports,75+,Not stated/other,2,,3.236109999999999,0.9999999999999998,,False,"n < 20; estimate < 1200; CV bound outside [0, 0.33]; proportion CV unassessed or > 0.33",,2.625237999703089,1.418814947549037,10
Other ball sports,0-4,Head/face,1253,3100.0,596.8243123290185,0.1902563492533981,3100.0,True,passes conservative screen,58.8,4.589961264575755,0.07802277044346088,10
Other ball sports,0-4,Neck,11,,19.794325336845205,0.9008242782963899,,False,"n < 20; estimate < 1200; CV bound outside [0, 0.33]; proportion CV unassessed or > 0.33",,0.4004828445538668,0.9718583927697522,10
Other ball sports,0-4,Shoulder/upper arm,48,,68.0105312019638,0.64914759313266,,False,"estimate < 1200; CV bound outside [0, 0.33]; proportion CV unassessed or > 0.33",,1.2636488676370092,0.6431516539754569,10
Other ball sports,0-4,Elbow/forearm,136,,126.2575545572233,0.4298161707329325,,False,"estimate < 1200; CV bound outside [0, 0.33]; proportion CV unassessed or > 0.33",,2.1236679715049105,0.38550648539283167,10
Other ball sports,0-4,Wrist/hand,117,,130.87090400170877,0.4192914647998764,,False,"estimate < 1200; CV bound outside [0, 0.33]; proportion CV unassessed or > 0.33",,2.330215379838107,0.3980967920611076,10
Other ball sports,0-4,Trunk/spine,24,,36.41352384809361,0.7480195392327884,,False,"estimate < 1200; CV bound outside [0, 0.33]; proportion CV unassessed or > 0.33",,0.7018476254479653,0.7687989160825165,10
Other ball sports,0-4,Hip/thigh,45,,57.520601719318506,0.6367807408091315,,False,"estimate < 1200; CV bound outside [0, 0.33]; proportion CV unassessed or > 0.33",,1.117140095142547,0.6594681609731642,10
Other ball sports,0-4,Knee,19,,30.91525741486413,0.7267128245907354,,False,"n < 20; estimate < 1200; CV bound outside [0, 0.33]; proportion CV unassessed or > 0.33",,0.600608275602366,0.7528370139332168,10
Other ball sports,0-4,Lower leg,72,,84.59557008542208,0.564076964967133,,False,"estimate < 1200; CV bound outside [0, 0.33]; proportion CV unassessed or > 0.33",,1.5699258233665474,0.5581996639482494,10
Other ball sports,0-4,Ankle,35,,62.692086660922755,0.66043253426279,,False,"estimate < 1200; CV bound outside [0, 0.33]; proportion CV unassessed or > 0.33",,1.1675678318088931,0.6558696720167532,10
Other ball sports,0-4,Foot/toes,60,,97.96206492445903,0.5476500567789722,,False,"estimate < 1200; CV bound outside [0, 0.33]; proportion CV unassessed or > 0.33",,1.7435779333781427,0.519764081511676,10
Other ball sports,0-4,Multiple/systemic,27,,29.581323503668322,0.69620953471768,,False,"estimate < 1200; CV bound outside [0, 0.33]; proportion CV unassessed or > 0.33",,0.5975782591954687,0.7499578384441539,10
Other ball sports,0-4,Internal/systemic,285,,240.5412844601241,0.2972036839371522,,False,estimate < 1200,,3.3333383510686145,0.21961583743589616,10
Other ball sports,0-4,Not stated/other,4,,5.176413762962502,0.9183020864090271,,False,"n < 20; estimate < 1200; CV bound outside [0, 0.33]; proportion CV unassessed or > 0.33",,0.1100427752184228,1.040969047897651,10
Other ball sports,5-9,Head/face,1661,4000.0,697.6829320665217,0.17506587044412747,4000.0,True,passes conservative screen,37.3,3.331503224196807,0.08940829365204858,10
Other ball sports,5-9,Neck,56,,90.164534337876,0.5057615796125285,,False,"estimate < 1200; CV bound outside [0, 0.33]; proportion CV unassessed or > 0.33",,0.8422835737400093,0.5053154787796407,10
Other ball sports,5-9,Shoulder/upper arm,140,,161.94468063962918,0.3978112041209169,,False,"estimate < 1200; CV bound outside [0, 0.33]; proportion CV unassessed or > 0.33",,1.3943003450166467,0.36632017482891305,10
Other ball sports,5-9,Elbow/forearm,366,,218.30322591282297,0.2778646218417317,,False,estimate < 1200,,1.8568942737642269,0.2527868385853158,10
Other ball sports,5-9,Wrist/hand,962,2800.0,577.1812336458064,0.20893317084057114,2800.0,True,passes conservative screen,25.8,3.175592235965273,0.1229459152810789,10
Other ball sports,5-9,Trunk/spine,163,,162.34071382153962,0.35818297629050416,,False,"estimate < 1200; CV bound outside [0, 0.33]; proportion CV unassessed or > 0.33",,1.452913402678695,0.34285572001072917,10
Other ball sports,5-9,Hip/thigh,60,,77.25516618659539,0.5423859904474514,,False,"estimate < 1200; CV bound outside [0, 0.33]; proportion CV unassessed or > 0.33",,0.7191272522068027,0.5399839597136109,10
Other ball sports,5-9,Knee,131,,142.96355222052944,0.42408540012388657,,False,"estimate < 1200; CV bound outside [0, 0.33]; proportion CV unassessed or > 0.33",,1.3060934558251185,0.4143777462411061,10
Other ball sports,5-9,Lower leg,98,,100.01922691973667,0.45369825185898494,,False,"estimate < 1200; CV bound outside [0, 0.33]; proportion CV unassessed or > 0.33",,0.9825665592890418,0.4766940942233841,10
Other ball sports,5-9,Ankle,190,,163.81196609053777,0.3320821415733405,,False,"estimate < 1200; CV bound outside [0, 0.33]",,1.4352485203358902,0.3111868137360811,10
Other ball sports,5-9,Foot/toes,222,,196.45798549936123,0.31965229215523516,,False,estimate < 1200,,1.629754711121395,0.2836119732122971,10
Other ball sports,5-9,Multiple/systemic,20,,39.934418740989784,0.8202615825453718,,False,"estimate < 1200; CV bound outside [0, 0.33]; proportion CV unassessed or > 0.33",,0.3683399407393078,0.8091853244407524,10
Other ball sports,5-9,Internal/systemic,112,,100.97652337739626,0.414308722641148,,False,"estimate < 1200; CV bound outside [0, 0.33]; proportion CV unassessed or > 0.33",,0.9460472671602786,0.41515538754407033,10
Other ball sports,5-9,Not stated/other,7,,18.99154439577347,0.8251288163242075,,False,"n < 20; estimate < 1200; CV bound outside [0, 0.33]; proportion CV unassessed or > 0.33",,0.19661895062364204,0.9136524539182823,10
Other ball sports,10-14,Head/face,1502,4300.0,665.096518449455,0.15578911041896998,4300.0,True,passes conservative screen,22.8,2.513317692898566,0.11011971828392803,10
Other ball sports,10-14,Neck,65,,114.58963906906772,0.5861052920787752,,False,"estimate < 1200; CV bound outside [0, 0.33]; proportion CV unassessed or > 0.33",,0.6126915723534766,0.5861887482652642,10
Other ball sports,10-14,Shoulder/upper arm,232,,234.0937025635118,0.30912532065485543,,False,estimate < 1200,,1.061140434633565,0.2621096393603432,10
Other ball sports,10-14,Elbow/forearm,392,,264.43434482558035,0.24683891877348266,,False,estimate < 1200,,1.3217416492352132,0.23078502753299301,10
Other ball sports,10-14,Wrist/hand,1985,6300.0,960.5960258770183,0.15265309375721942,6300.0,True,passes conservative screen,33.6,2.762378766154393,0.08211326709148986,10
Other ball sports,10-14,Trunk/spine,374,,260.57019314655037,0.2592493127132899,,False,estimate < 1200,,1.1434338228051921,0.2127988092746826,10
Other ball sports,10-14,Hip/thigh,120,,103.26755382158122,0.41549033012199305,,False,"estimate < 1200; CV bound outside [0, 0.33]; proportion CV unassessed or > 0.33",,0.5674241660210125,0.42704155636039204,10
Other ball sports,10-14,Knee,446,1200.0,313.56295820359986,0.25735533772685965,1200.0,True,passes conservative screen,6.5,1.4532845418384737,0.22311273579646196,10
Other ball sports,10-14,Lower leg,185,,152.6258793524089,0.35590739645441766,,False,"estimate < 1200; CV bound outside [0, 0.33]; proportion CV unassessed or > 0.33",,0.7858088862844823,0.3427607230695347,10
Other ball sports,10-14,Ankle,559,1700.0,338.80006849876395,0.20151437217030221,1700.0,True,passes conservative screen,9.0,1.559027631161528,0.1734529254096159,10
Other ball sports,10-14,Foot/toes,460,1400.0,355.796738769316,0.2529589438178482,1400.0,True,passes conservative screen,7.5,1.5559366390180915,0.206921331363858,10
Other ball sports,10-14,Multiple/systemic,18,,36.38417794535936,0.7100946562898197,,False,"n < 20; estimate < 1200; CV bound outside [0, 0.33]; proportion CV unassessed or > 0.33",,0.2002672173447737,0.7311034293810792,10
Other ball sports,10-14,Internal/systemic,26,,27.277768782238944,0.5880563231193797,,False,"estimate < 1200; CV bound outside [0, 0.33]; proportion CV unassessed or > 0.33",,0.1566664033868205,0.6317587036863449,10
Other ball sports,10-14,Not stated/other,18,,28.852919420870613,0.872812726375051,,False,"n < 20; estimate < 1200; CV bound outside [0, 0.33]; proportion CV unassessed or > 0.33",,0.15712518559629782,0.8890831734987457,10
Other ball sports,15-17,Head/face,353,,271.52988342551214,0.23541337952226116,,False,estimate < 1200,,4.578779964753748,0.19980127056202787,10
Other ball sports,15-17,Neck,16,,44.01983430144329,0.5942625008750392,,False,"n < 20; estimate < 1200; CV bound outside [0, 0.33]; proportion CV unassessed or > 0.33",,0.9522815513717465,0.647038699424705,10
Other ball sports,15-17,Shoulder/upper arm,122,,168.39434309771266,0.396381543652237,,False,"estimate < 1200; CV bound outside [0, 0.33]; proportion CV unassessed or > 0.33",,3.1588277248494103,0.3742370927676015,10
Other ball sports,15-17,Elbow/forearm,52,,83.9673121365989,0.6270385258066605,,False,"estimate < 1200; CV bound outside [0, 0.33]; proportion CV unassessed or > 0.33",,1.6469269245370857,0.6190037305858871,10
Other ball sports,15-17,Wrist/hand,286,,280.2543763586491,0.2769952338178345,,False,estimate < 1200,,4.442646217283304,0.22100219469235055,10
Other ball sports,15-17,Trunk/spine,105,,139.23317432864152,0.39438605769757024,,False,"estimate < 1200; CV bound outside [0, 0.33]; proportion CV unassessed or > 0.33",,2.5954329729275996,0.37001864592562034,10
Other ball sports,15-17,Hip/thigh,25,,58.08572444000695,0.7124280245097075,,False,"estimate < 1200; CV bound outside [0, 0.33]; proportion CV unassessed or > 0.33",,1.176056042076311,0.7259965636618321,10
Other ball sports,15-17,Knee,183,,184.0534264557811,0.3177146693248808,,False,estimate < 1200,,3.359585008020436,0.2918864656698084,10
Other ball sports,15-17,Lower leg,40,,79.51378257904494,0.6219058805677222,,False,"estimate < 1200; CV bound outside [0, 0.33]; proportion CV unassessed or > 0.33",,1.589063590571731,0.6255449025640191,10
Other ball sports,15-17,Ankle,209,,194.21899541043635,0.29608307206852974,,False,estimate < 1200,,3.361494704047995,0.25792252344659494,10
Other ball sports,15-17,Foot/toes,113,,170.91953337183338,0.4176999833863689,,False,"estimate < 1200; CV bound outside [0, 0.33]; proportion CV unassessed or > 0.33",,3.254094282272233,0.40025600314162685,10
Other ball sports,15-17,Multiple/systemic,4,,6.6985600000000005,1.0,,False,"n < 20; estimate < 1200; CV bound outside [0, 0.33]; proportion CV unassessed or > 0.33",,0.14518156616242947,1.0908498803436881,10
Other ball sports,15-17,Internal/systemic,4,,8.441973387215704,0.8962544881572053,,False,"n < 20; estimate < 1200; CV bound outside [0, 0.33]; proportion CV unassessed or > 0.33",,0.18679726665444946,0.9981431824984549,10
Other ball sports,15-17,Not stated/other,2,,12.095090000000003,1.0000000000000002,,False,"n < 20; estimate < 1200; CV bound outside [0, 0.33]; proportion CV unassessed or > 0.33",,0.2699041089454343,1.123143776272746,10
Other ball sports,18-24,Head/face,203,,243.61559264369558,0.293881906221501,,False,estimate < 1200,,5.098785297534817,0.2414502149841888,10
Other ball sports,18-24,Neck,7,,34.91697872161226,0.9443013761601216,,False,"n < 20; estimate < 1200; CV bound outside [0, 0.33]; proportion CV unassessed or > 0.33",,0.9388975608949076,0.9967477879449791,10
Other ball sports,18-24,Shoulder/upper arm,109,,168.8271307933547,0.3712325419963092,,False,"estimate < 1200; CV bound outside [0, 0.33]",,3.7863365494126056,0.32682563864497505,10
Other ball sports,18-24,Elbow/forearm,41,,99.9230742421196,0.5257219891826221,,False,"estimate < 1200; CV bound outside [0, 0.33]; proportion CV unassessed or > 0.33",,2.43021982323039,0.5019136648978302,10
Other ball sports,18-24,Wrist/hand,133,,219.17736623362643,0.34432020321518386,,False,"estimate < 1200; CV bound outside [0, 0.33]",,5.130946743794118,0.3164152556248014,10
Other ball sports,18-24,Trunk/spine,63,,128.2426769807799,0.449530043329038,,False,"estimate < 1200; CV bound outside [0, 0.33]; proportion CV unassessed or > 0.33",,3.1097749160285026,0.42790583492423984,10
Other ball sports,18-24,Hip/thigh,25,,62.40828693149331,0.6585195568740609,,False,"estimate < 1200; CV bound outside [0, 0.33]; proportion CV unassessed or > 0.33",,1.645706879375319,0.6816665849393932,10
Other ball sports,18-24,Knee,94,,128.73493771035947,0.3587048293487021,,False,"estimate < 1200; CV bound outside [0, 0.33]; proportion CV unassessed or > 0.33",,3.1197611849034566,0.34123632199989246,10
Other ball sports,18-24,Lower leg,32,,94.34464984883857,0.5700456663519218,,False,"estimate < 1200; CV bound outside [0, 0.33]; proportion CV unassessed or > 0.33",,2.380260798098221,0.564559891252649,10
Other ball sports,18-24,Ankle,123,,185.46686718853468,0.3429580622136002,,False,"estimate < 1200; CV bound outside [0, 0.33]",,4.306085510242738,0.3125722620007091,10
Other ball sports,18-24,Foot/toes,58,,122.01203519654459,0.4697034588613063,,False,"estimate < 1200; CV bound outside [0, 0.33]; proportion CV unassessed or > 0.33",,2.9638631975123575,0.44789101100953044,10
Other ball sports,18-24,Multiple/systemic,10,,44.124438340413064,0.6976424104379868,,False,"n < 20; estimate < 1200; CV bound outside [0, 0.33]; proportion CV unassessed or > 0.33",,1.2534410512078102,0.7779482408603776,10
Other ball sports,18-24,Internal/systemic,3,,9.913320000000004,1.0000000000000002,,False,"n < 20; estimate < 1200; CV bound outside [0, 0.33]; proportion CV unassessed or > 0.33",,0.2833458933048641,1.1219949508559126,10
Other ball sports,18-24,Not stated/other,0,,0.0,,,False,CV unassessed; proportion CV unassessed or > 0.33,,0.0,,10
Other ball sports,25-34,Head/face,164,,205.7773104997374,0.2938447215545509,,False,estimate < 1200,,3.6916752200496608,0.2601037043498916,10
Other ball sports,25-34,Neck,8,,38.23325917922137,0.8651326977172529,,False,"n < 20; estimate < 1200; CV bound outside [0, 0.33]; proportion CV unassessed or > 0.33",,0.8265680995004333,0.9228320937135339,10
Other ball sports,25-34,Shoulder/upper arm,112,,140.08561237449132,0.34012032263638853,,False,"estimate < 1200; CV bound outside [0, 0.33]",,2.7455668709700833,0.32890745646903824,10
Other ball sports,25-34,Elbow/forearm,39,,85.21877246023969,0.5410864811147157,,False,"estimate < 1200; CV bound outside [0, 0.33]; proportion CV unassessed or > 0.33",,1.6782895678809147,0.525776230274203,10
Other ball sports,25-34,Wrist/hand,169,,191.2446115653019,0.3189181730053048,,False,estimate < 1200,,3.515447114720792,0.2892499369033709,10
Other ball sports,25-34,Trunk/spine,110,,172.75817513749593,0.3355533420415019,,False,"estimate < 1200; CV bound outside [0, 0.33]",,3.268371051665623,0.3132253909476147,10
Other ball sports,25-34,Hip/thigh,34,,80.95871091934393,0.5751387957849947,,False,"estimate < 1200; CV bound outside [0, 0.33]; proportion CV unassessed or > 0.33",,1.619159249967196,0.5675462893166362,10
Other ball sports,25-34,Knee,149,,208.0826595910002,0.3391252742885883,,False,"estimate < 1200; CV bound outside [0, 0.33]",,3.661696173938743,0.29444841313608416,10
Other ball sports,25-34,Lower leg,75,,115.74253622785314,0.4112980181081343,,False,"estimate < 1200; CV bound outside [0, 0.33]; proportion CV unassessed or > 0.33",,2.292754971347758,0.4019980161769394,10
Other ball sports,25-34,Ankle,163,,240.5082044050567,0.31419732377424403,,False,estimate < 1200,,4.259594126768751,0.2745639088652377,10
Other ball sports,25-34,Foot/toes,117,,205.7855226810363,0.32481950048059666,,False,estimate < 1200,,3.791269866690597,0.2952668010931341,10
Other ball sports,25-34,Multiple/systemic,10,,39.177662336168886,0.8301245629014496,,False,"n < 20; estimate < 1200; CV bound outside [0, 0.33]; proportion CV unassessed or > 0.33",,0.836613275242946,0.8746456515714799,10
Other ball sports,25-34,Internal/systemic,1,,2.7587000000000006,1.0000000000000002,,False,"n < 20; estimate < 1200; CV bound outside [0, 0.33]; proportion CV unassessed or > 0.33",,0.06279184740162423,1.1230560447150768,10
Other ball sports,25-34,Not stated/other,4,,20.95627,1.0,,False,"n < 20; estimate < 1200; CV bound outside [0, 0.33]; proportion CV unassessed or > 0.33",,0.4569543331802909,1.0758741149289923,10
Other ball sports,35-44,Head/face,105,,166.62025439798833,0.37246234295218883,,False,"estimate < 1200; CV bound outside [0, 0.33]; proportion CV unassessed or > 0.33",,4.1219008284682,0.33078914263785786,10
Other ball sports,35-44,Neck,9,,48.93639034036509,0.8841742161339383,,False,"n < 20; estimate < 1200; CV bound outside [0, 0.33]; proportion CV unassessed or > 0.33",,1.4195507931574232,0.9207802200753148,10
Other ball sports,35-44,Shoulder/upper arm,75,,153.92028063360104,0.39991898909851464,,False,"estimate < 1200; CV bound outside [0, 0.33]; proportion CV unassessed or > 0.33",,4.099422062020432,0.38238244314895486,10
Other ball sports,35-44,Elbow/forearm,23,,77.88831280962954,0.5829925569319238,,False,"estimate < 1200; CV bound outside [0, 0.33]; proportion CV unassessed or > 0.33",,2.2365718922206574,0.6009975570072553,10
Other ball sports,35-44,Wrist/hand,110,,166.60984986637212,0.36261240889547547,,False,"estimate < 1200; CV bound outside [0, 0.33]",,4.05939780872507,0.31717776320585694,10
Other ball sports,35-44,Trunk/spine,85,,161.47174335121719,0.4340652030864431,,False,"estimate < 1200; CV bound outside [0, 0.33]; proportion CV unassessed or > 0.33",,4.260057250718961,0.41112416416527003,10
Other ball sports,35-44,Hip/thigh,28,,77.19384356651234,0.5608814822236331,,False,"estimate < 1200; CV bound outside [0, 0.33]; proportion CV unassessed or > 0.33",,2.1992567508880816,0.5736717980703756,10
Other ball sports,35-44,Knee,101,,182.17138182913237,0.3735500629652382,,False,"estimate < 1200; CV bound outside [0, 0.33]",,4.421961304632453,0.32552378712817387,10
Other ball sports,35-44,Lower leg,97,,163.5337894484683,0.345358511648211,,False,"estimate < 1200; CV bound outside [0, 0.33]",,4.258250678058839,0.32284422190632794,10
Other ball sports,35-44,Ankle,66,,139.97673005023984,0.4813167344418497,,False,"estimate < 1200; CV bound outside [0, 0.33]; proportion CV unassessed or > 0.33",,3.675655984120956,0.45374213009605546,10
Other ball sports,35-44,Foot/toes,64,,145.19810244280924,0.48977796894857917,,False,"estimate < 1200; CV bound outside [0, 0.33]; proportion CV unassessed or > 0.33",,3.9585666629211076,0.47937501883212913,10
Other ball sports,35-44,Multiple/systemic,10,,28.10844191516701,0.8781259209013992,,False,"n < 20; estimate < 1200; CV bound outside [0, 0.33]; proportion CV unassessed or > 0.33",,0.8269841306495178,0.9275051510571602,10
Other ball sports,35-44,Internal/systemic,1,,5.181709999999999,0.9999999999999998,,False,"n < 20; estimate < 1200; CV bound outside [0, 0.33]; proportion CV unassessed or > 0.33",,0.1653743799502698,1.145761580655754,10
Other ball sports,35-44,Not stated/other,4,,11.016896683231327,0.7812587399208257,,False,"n < 20; estimate < 1200; CV bound outside [0, 0.33]; proportion CV unassessed or > 0.33",,0.34828015670714313,0.8866729787892386,10
Other ball sports,45-54,Head/face,93,,152.57265832750073,0.3649593776636092,,False,"estimate < 1200; CV bound outside [0, 0.33]",,4.453930698481458,0.31632311457773893,10
Other ball sports,45-54,Neck,7,,35.40350830769036,0.7722845448606035,,False,"n < 20; estimate < 1200; CV bound outside [0, 0.33]; proportion CV unassessed or > 0.33",,1.3489601488504435,0.8736748250980245,10
Other ball sports,45-54,Shoulder/upper arm,46,,104.9325649912681,0.5035847803884035,,False,"estimate < 1200; CV bound outside [0, 0.33]; proportion CV unassessed or > 0.33",,3.4091216582138277,0.4857630375611268,10
Other ball sports,45-54,Elbow/forearm,19,,83.03312226937135,0.7383264447630353,,False,"n < 20; estimate < 1200; CV bound outside [0, 0.33]; proportion CV unassessed or > 0.33",,2.714083384655731,0.7165391100861029,10
Other ball sports,45-54,Wrist/hand,76,,145.40937556826768,0.39815521873978715,,False,"estimate < 1200; CV bound outside [0, 0.33]; proportion CV unassessed or > 0.33",,4.523571463868606,0.3677571435182039,10
Other ball sports,45-54,Trunk/spine,103,,194.429342435185,0.38474423007395914,,False,"estimate < 1200; CV bound outside [0, 0.33]",,5.600882561828051,0.3290685922970075,10
Other ball sports,45-54,Hip/thigh,20,,55.7635178618958,0.6144610935670202,,False,"estimate < 1200; CV bound outside [0, 0.33]; proportion CV unassessed or > 0.33",,2.0212057954193687,0.6612632988320525,10
Other ball sports,45-54,Knee,55,,107.3278444137731,0.44608857259127843,,False,"estimate < 1200; CV bound outside [0, 0.33]; proportion CV unassessed or > 0.33",,3.676127299239224,0.4536478863341565,10
Other ball sports,45-54,Lower leg,90,,195.70119362317595,0.41488830122440273,,False,"estimate < 1200; CV bound outside [0, 0.33]; proportion CV unassessed or > 0.33",,5.702715557346001,0.35895423645441477,10
Other ball sports,45-54,Ankle,50,,125.02917462517321,0.4979908552183028,,False,"estimate < 1200; CV bound outside [0, 0.33]; proportion CV unassessed or > 0.33",,3.874529568187928,0.4581932022314833,10
Other ball sports,45-54,Foot/toes,35,,105.47732086960514,0.5648205373150076,,False,"estimate < 1200; CV bound outside [0, 0.33]; proportion CV unassessed or > 0.33",,3.4836561920994873,0.5538680778127996,10
Other ball sports,45-54,Multiple/systemic,12,,43.199711570594054,0.6566086056214286,,False,"n < 20; estimate < 1200; CV bound outside [0, 0.33]; proportion CV unassessed or > 0.33",,1.6147626072940784,0.7287088866642749,10
Other ball sports,45-54,Internal/systemic,0,,0.0,,,False,CV unassessed; proportion CV unassessed or > 0.33,,0.0,,10
Other ball sports,45-54,Not stated/other,3,,7.1312299999999995,1.0,,False,"n < 20; estimate < 1200; CV bound outside [0, 0.33]; proportion CV unassessed or > 0.33",,0.2677326588389923,1.1146963161212606,10
Other ball sports,55-64,Head/face,131,,239.44486937559014,0.3369827127127959,,False,"estimate < 1200; CV bound outside [0, 0.33]",,4.442733905441867,0.3037143544605588,10
Other ball sports,55-64,Neck,10,,45.65128043185218,0.7110029397449646,,False,"n < 20; estimate < 1200; CV bound outside [0, 0.33]; proportion CV unassessed or > 0.33",,1.0275107130903933,0.777352002772296,10
Other ball sports,55-64,Shoulder/upper arm,74,,177.66177916676756,0.4272096061005468,,False,"estimate < 1200; CV bound outside [0, 0.33]; proportion CV unassessed or > 0.33",,3.131573304566198,0.3657821554500845,10
Other ball sports,55-64,Elbow/forearm,53,,156.1706282430061,0.5611068611736096,,False,"estimate < 1200; CV bound outside [0, 0.33]; proportion CV unassessed or > 0.33",,2.47477898696201,0.43191229960979555,10
Other ball sports,55-64,Wrist/hand,145,,268.63759184672455,0.36174297288615503,,False,"estimate < 1200; CV bound outside [0, 0.33]",,4.387003431985521,0.28695528109446733,10
Other ball sports,55-64,Trunk/spine,188,,464.5038270695633,0.46326218250277573,,False,"estimate < 1200; CV bound outside [0, 0.33]",,5.397339525322488,0.26147502970251424,10
Other ball sports,55-64,Hip/thigh,17,,51.025937495976784,0.7324222253797513,,False,"n < 20; estimate < 1200; CV bound outside [0, 0.33]; proportion CV unassessed or > 0.33",,1.073033564563847,0.7481639166657621,10
Other ball sports,55-64,Knee,91,,211.82265800361762,0.433894316296707,,False,"estimate < 1200; CV bound outside [0, 0.33]; proportion CV unassessed or > 0.33",,3.5211488305361693,0.35035543568981903,10
Other ball sports,55-64,Lower leg,88,,244.58383733818272,0.4897914730965011,,False,"estimate < 1200; CV bound outside [0, 0.33]; proportion CV unassessed or > 0.33",,3.9364540283308824,0.3829142947824389,10
Other ball sports,55-64,Ankle,47,,142.24656405082004,0.5750995645747093,,False,"estimate < 1200; CV bound outside [0, 0.33]; proportion CV unassessed or > 0.33",,2.4100102000717194,0.4732962511643631,10
Other ball sports,55-64,Foot/toes,44,,116.04759465261017,0.5895220913954975,,False,"estimate < 1200; CV bound outside [0, 0.33]; proportion CV unassessed or > 0.33",,2.425867324095187,0.5986099284747438,10
Other ball sports,55-64,Multiple/systemic,21,,74.80760481537553,0.7289544077124064,,False,"estimate < 1200; CV bound outside [0, 0.33]; proportion CV unassessed or > 0.33",,1.4097180512089644,0.6672672461914946,10
Other ball sports,55-64,Internal/systemic,2,,6.9244900000000005,1.0,,False,"n < 20; estimate < 1200; CV bound outside [0, 0.33]; proportion CV unassessed or > 0.33",,0.17875287679906057,1.2539441032737721,10
Other ball sports,55-64,Not stated/other,7,,21.779675032323347,0.6745713181600018,,False,"n < 20; estimate < 1200; CV bound outside [0, 0.33]; proportion CV unassessed or > 0.33",,0.5780578036854322,0.8696823866986744,10
Other ball sports,65-74,Head/face,233,,473.44993484309214,0.36547026209720795,,False,"CV bound outside [0, 0.33]",,3.2411213621957007,0.18215224531489174,10
Other ball sports,65-74,Neck,8,,41.21573164857396,0.8428954196011672,,False,"n < 20; estimate < 1200; CV bound outside [0, 0.33]; proportion CV unassessed or > 0.33",,0.6225989348698964,0.9270012198343197,10
Other ball sports,65-74,Shoulder/upper arm,99,,292.69881501239945,0.4944669983371675,,False,"estimate < 1200; CV bound outside [0, 0.33]",,2.5154737655589807,0.30938367331385874,10
Other ball sports,65-74,Elbow/forearm,98,,281.55057606111154,0.5118127449804035,,False,"estimate < 1200; CV bound outside [0, 0.33]",,2.3193291836632244,0.3069575507239582,10
Other ball sports,65-74,Wrist/hand,205,,432.667949107456,0.3716167149926914,,False,"estimate < 1200; CV bound outside [0, 0.33]",,5.081645862937932,0.3177650751104604,10
Other ball sports,65-74,Trunk/spine,314,,825.5901246567837,0.45748382033747353,,False,"CV bound outside [0, 0.33]",,4.316601585721594,0.1741463866471049,10
Other ball sports,65-74,Hip/thigh,15,,76.59478575163212,0.7667023693179669,,False,"n < 20; estimate < 1200; CV bound outside [0, 0.33]; proportion CV unassessed or > 0.33",,1.0940797567927176,0.7973295031411205,10
Other ball sports,65-74,Knee,61,,171.4072777520758,0.5147093505117516,,False,"estimate < 1200; CV bound outside [0, 0.33]; proportion CV unassessed or > 0.33",,2.010709680982836,0.4395855636776083,10
Other ball sports,65-74,Lower leg,92,,278.4668597454046,0.4996823270529659,,False,"estimate < 1200; CV bound outside [0, 0.33]; proportion CV unassessed or > 0.33",,2.6617514899699346,0.3477356604614424,10
Other ball sports,65-74,Ankle,47,,144.57357710203246,0.5762364298204976,,False,"estimate < 1200; CV bound outside [0, 0.33]; proportion CV unassessed or > 0.33",,1.605988208516041,0.4660316247688388,10
Other ball sports,65-74,Foot/toes,30,,109.90455059554839,0.6758129286794669,,False,"estimate < 1200; CV bound outside [0, 0.33]; proportion CV unassessed or > 0.33",,1.3128192795072424,0.587728862985575,10
Other ball sports,65-74,Multiple/systemic,65,,209.42626753032127,0.6044618743960541,,False,"estimate < 1200; CV bound outside [0, 0.33]; proportion CV unassessed or > 0.33",,2.050411558254559,0.4308638465896511,10
Other ball sports,65-74,Internal/systemic,0,,0.0,,,False,CV unassessed; proportion CV unassessed or > 0.33,,0.0,,10
Other ball sports,65-74,Not stated/other,13,,49.31831149908049,0.6577051691512443,,False,"n < 20; estimate < 1200; CV bound outside [0, 0.33]; proportion CV unassessed or > 0.33",,0.8661684591270744,0.8409819471119163,10
Other ball sports,75+,Head/face,174,,345.0119759346688,0.3669030989002836,,False,"estimate < 1200; CV bound outside [0, 0.33]",,5.894603614709455,0.23409092375285553,10
Other ball sports,75+,Neck,8,,41.5938838791294,0.9188050923232135,,False,"n < 20; estimate < 1200; CV bound outside [0, 0.33]; proportion CV unassessed or > 0.33",,1.107639274983711,0.9137029457565304,10
Other ball sports,75+,Shoulder/upper arm,47,,145.22674291966524,0.5430990854005733,,False,"estimate < 1200; CV bound outside [0, 0.33]; proportion CV unassessed or > 0.33",,3.149249697099205,0.4397970685469693,10
Other ball sports,75+,Elbow/forearm,27,,101.71649455801787,0.6817466731734959,,False,"estimate < 1200; CV bound outside [0, 0.33]; proportion CV unassessed or > 0.33",,2.336078122903977,0.584698210686321,10
Other ball sports,75+,Wrist/hand,88,,209.32668482580803,0.4299522040073421,,False,"estimate < 1200; CV bound outside [0, 0.33]",,4.021467940341552,0.3084558099142101,10
Other ball sports,75+,Trunk/spine,187,,454.25548616597115,0.4283804582918368,,False,"estimate < 1200; CV bound outside [0, 0.33]",,5.754402630244877,0.20264807176436853,10
Other ball sports,75+,Hip/thigh,18,,75.63593529255442,0.768333523556767,,False,"n < 20; estimate < 1200; CV bound outside [0, 0.33]; proportion CV unassessed or > 0.33",,1.959849369432485,0.743459053247943,10
Other ball sports,75+,Knee,29,,119.40310633390763,0.6783306950737863,,False,"estimate < 1200; CV bound outside [0, 0.33]; proportion CV unassessed or > 0.33",,3.0010993994086,0.6366767404763014,10
Other ball sports,75+,Lower leg,18,,74.97902990099816,0.7258231117827373,,False,"n < 20; estimate < 1200; CV bound outside [0, 0.33]; proportion CV unassessed or > 0.33",,2.1378970063642155,0.772841642609618,10
Other ball sports,75+,Ankle,12,,58.66888955501132,0.7477329200270207,,False,"n < 20; estimate < 1200; CV bound outside [0, 0.33]; proportion CV unassessed or > 0.33",,1.6370810643061313,0.7791509029305925,10
Other ball sports,75+,Foot/toes,7,,24.113345975059744,0.9026205669759235,,False,"n < 20; estimate < 1200; CV bound outside [0, 0.33]; proportion CV unassessed or > 0.33",,0.7832055343204594,1.0948036967518684,10
Other ball sports,75+,Multiple/systemic,44,,186.10784174400837,0.6389737358664206,,False,"estimate < 1200; CV bound outside [0, 0.33]; proportion CV unassessed or > 0.33",,3.8047139669428875,0.48781270504573293,10
Other ball sports,75+,Internal/systemic,1,,2.55462,1.0,,False,"n < 20; estimate < 1200; CV bound outside [0, 0.33]; proportion CV unassessed or > 0.33",,0.08976458338195673,1.3121741308944384,10
Other ball sports,75+,Not stated/other,2,,8.09879,1.0,,False,"n < 20; estimate < 1200; CV bound outside [0, 0.33]; proportion CV unassessed or > 0.33",,0.27134157092104216,1.2511487804996435,10
Gymnastics/cheerleading,0-4,Head/face,223,,173.9164282184424,0.34808183240997104,,False,"estimate < 1200; CV bound outside [0, 0.33]",,8.525524366191375,0.2501334256457026,10
Gymnastics/cheerleading,0-4,Neck,31,,39.68454550349064,0.6751055199969557,,False,"estimate < 1200; CV bound outside [0, 0.33]; proportion CV unassessed or > 0.33",,2.7347760883630077,0.6819961204415692,10
Gymnastics/cheerleading,0-4,Shoulder/upper arm,27,,32.86378325811184,0.6958775222521102,,False,"estimate < 1200; CV bound outside [0, 0.33]; proportion CV unassessed or > 0.33",,2.4057419290890083,0.7467481755789998,10
Gymnastics/cheerleading,0-4,Elbow/forearm,156,,129.92026523194434,0.42500254661432724,,False,"estimate < 1200; CV bound outside [0, 0.33]; proportion CV unassessed or > 0.33",,8.133540886957098,0.39003552951455717,10
Gymnastics/cheerleading,0-4,Wrist/hand,72,,97.82913355859519,0.500074725916676,,False,"estimate < 1200; CV bound outside [0, 0.33]; proportion CV unassessed or > 0.33",,6.2831381643780455,0.4708181432486818,10
Gymnastics/cheerleading,0-4,Trunk/spine,24,,38.26711658337898,0.8048494959663839,,False,"estimate < 1200; CV bound outside [0, 0.33]; proportion CV unassessed or > 0.33",,2.738632044948313,0.8443694358189117,10
Gymnastics/cheerleading,0-4,Hip/thigh,27,,30.857301497755202,0.7885544195556928,,False,"estimate < 1200; CV bound outside [0, 0.33]; proportion CV unassessed or > 0.33",,2.2467105844166384,0.8416484724618576,10
Gymnastics/cheerleading,0-4,Knee,20,,34.59807476148088,0.838637316964635,,False,"estimate < 1200; CV bound outside [0, 0.33]; proportion CV unassessed or > 0.33",,2.4228218479037262,0.8609017960156715,10
Gymnastics/cheerleading,0-4,Lower leg,58,,65.8340379096657,0.579097438446331,,False,"estimate < 1200; CV bound outside [0, 0.33]; proportion CV unassessed or > 0.33",,4.400221285605581,0.5673950598888873,10
Gymnastics/cheerleading,0-4,Ankle,23,,33.07537481714511,0.7331570263165502,,False,"estimate < 1200; CV bound outside [0, 0.33]; proportion CV unassessed or > 0.33",,2.276286444521504,0.739654699215674,10
Gymnastics/cheerleading,0-4,Foot/toes,32,,41.447318375937066,0.7113378870359605,,False,"estimate < 1200; CV bound outside [0, 0.33]; proportion CV unassessed or > 0.33",,2.913229379953991,0.7329326465028942,10
Gymnastics/cheerleading,0-4,Multiple/systemic,4,,11.993040000000004,1.0000000000000002,,False,"n < 20; estimate < 1200; CV bound outside [0, 0.33]; proportion CV unassessed or > 0.33",,0.9410826855412792,1.1502927511042684,10
Gymnastics/cheerleading,0-4,Internal/systemic,1,,0.7609199999999999,0.9999999999999999,,False,"n < 20; estimate < 1200; CV bound outside [0, 0.33]; proportion CV unassessed or > 0.33",,0.06257728905704629,1.2055566629639993,10
Gymnastics/cheerleading,0-4,Not stated/other,2,,1.19483,1.0,,False,"n < 20; estimate < 1200; CV bound outside [0, 0.33]; proportion CV unassessed or > 0.33",,0.09813102560364176,1.203954575138279,10
Gymnastics/cheerleading,5-9,Head/face,739,1900.0,450.09397014983404,0.23092678870102723,1900.0,True,passes conservative screen,14.6,2.3291885770027805,0.1597464430204601,10
Gymnastics/cheerleading,5-9,Neck,243,,227.8086895081915,0.3325461518399363,,False,"estimate < 1200; CV bound outside [0, 0.33]",,1.4633633582247583,0.28555465286365345,10
Gymnastics/cheerleading,5-9,Shoulder/upper arm,360,,300.30576565116274,0.3316875104291384,,False,"estimate < 1200; CV bound outside [0, 0.33]",,1.6180135415272647,0.23889277978780002,10
Gymnastics/cheerleading,5-9,Elbow/forearm,1329,3200.0,634.6974599184073,0.1976084647045156,3200.0,True,passes conservative screen,24.0,2.807879873831247,0.11686184306960656,10
Gymnastics/cheerleading,5-9,Wrist/hand,729,2200.0,487.3422632713264,0.2178110039764766,2200.0,True,passes conservative screen,16.7,2.5455347523435154,0.15208283345433132,10
Gymnastics/cheerleading,5-9,Trunk/spine,357,,290.5822791178297,0.2879208396484137,,False,estimate < 1200,,1.7187179066530687,0.22764808426543032,10
Gymnastics/cheerleading,5-9,Hip/thigh,101,,93.69620640752206,0.4234181996917556,,False,"estimate < 1200; CV bound outside [0, 0.33]; proportion CV unassessed or > 0.33",,0.7158253311903948,0.43242420980611973,10
Gymnastics/cheerleading,5-9,Knee,192,,201.53121965693927,0.35536375995565617,,False,"estimate < 1200; CV bound outside [0, 0.33]",,1.3788088473087163,0.32500518404068546,10
Gymnastics/cheerleading,5-9,Lower leg,100,,118.45926359801767,0.49010586368194375,,False,"estimate < 1200; CV bound outside [0, 0.33]; proportion CV unassessed or > 0.33",,0.8147175179515455,0.4505918666614501,10
Gymnastics/cheerleading,5-9,Ankle,357,,319.9813503118168,0.31213153559524,,False,estimate < 1200,,1.7085233242298,0.22278672943408132,10
Gymnastics/cheerleading,5-9,Foot/toes,387,1200.0,361.06608133470485,0.2990389944510714,1200.0,True,passes conservative screen,9.0,2.075669237667812,0.22980247607031343,10
Gymnastics/cheerleading,5-9,Multiple/systemic,28,,63.85020488294839,0.7891801326355824,,False,"estimate < 1200; CV bound outside [0, 0.33]; proportion CV unassessed or > 0.33",,0.45349231384628486,0.7492714811902782,10
Gymnastics/cheerleading,5-9,Internal/systemic,2,,2.52557,1.0000000000000002,,False,"n < 20; estimate < 1200; CV bound outside [0, 0.33]; proportion CV unassessed or > 0.33",,0.02158889893633374,1.1426849485860975,10
Gymnastics/cheerleading,5-9,Not stated/other,15,,17.121936482053126,0.729883226863704,,False,"n < 20; estimate < 1200; CV bound outside [0, 0.33]; proportion CV unassessed or > 0.33",,0.14134833999777707,0.8054649339370563,10
Gymnastics/cheerleading,10-14,Head/face,1292,3900.0,797.2408215622163,0.2043810630701756,3900.0,True,passes conservative screen,16.7,2.07303161739954,0.12435808566744139,10
Gymnastics/cheerleading,10-14,Neck,359,,249.28709629263386,0.26053324027293406,,False,estimate < 1200,,0.9296064586940505,0.22734188191441473,10
Gymnastics/cheerleading,10-14,Shoulder/upper arm,497,1500.0,381.2908336900866,0.2567532534847342,1500.0,True,passes conservative screen,6.3,1.2069449247159312,0.1901796395139565,10
Gymnastics/cheerleading,10-14,Elbow/forearm,1209,3000.0,603.0675140340746,0.201597835332381,3000.0,True,passes conservative screen,12.8,1.808111487835047,0.14143669901621544,10
Gymnastics/cheerleading,10-14,Wrist/hand,1265,4200.0,868.5071632013791,0.20845407615920244,4200.0,True,passes conservative screen,17.8,1.9401325014366781,0.10896458134330665,10
Gymnastics/cheerleading,10-14,Trunk/spine,739,2000.0,459.11261515360036,0.23238780306703907,2000.0,True,passes conservative screen,8.4,1.37486492823583,0.16284375720393127,10
Gymnastics/cheerleading,10-14,Hip/thigh,103,,117.7060294171605,0.4729271680336273,,False,"estimate < 1200; CV bound outside [0, 0.33]; proportion CV unassessed or > 0.33",,0.4818552261123458,0.4530322336624478,10
Gymnastics/cheerleading,10-14,Knee,728,2100.0,483.5564651758297,0.23573140843868925,2100.0,True,passes conservative screen,8.8,1.5455524571870196,0.1763075794945535,10
Gymnastics/cheerleading,10-14,Lower leg,211,,157.52861789122386,0.3380798153316943,,False,"estimate < 1200; CV bound outside [0, 0.33]; proportion CV unassessed or > 0.33",,0.6806198288659152,0.3418073156931489,10
Gymnastics/cheerleading,10-14,Ankle,982,3100.0,636.3595223675906,0.2048475400750895,3100.0,True,passes conservative screen,13.3,1.741474242851913,0.13117837227930054,10
Gymnastics/cheerleading,10-14,Foot/toes,594,1800.0,461.3840865876485,0.2538803329860775,1800.0,True,passes conservative screen,7.8,1.301030431963831,0.1675216258702835,10
Gymnastics/cheerleading,10-14,Multiple/systemic,67,,109.78215671716796,0.5885827626762649,,False,"estimate < 1200; CV bound outside [0, 0.33]; proportion CV unassessed or > 0.33",,0.45551888564619697,0.571477510867879,10
Gymnastics/cheerleading,10-14,Internal/systemic,0,,0.0,,,False,CV unassessed; proportion CV unassessed or > 0.33,,0.0,,10
Gymnastics/cheerleading,10-14,Not stated/other,22,,35.148272604699144,0.7409191855580299,,False,"estimate < 1200; CV bound outside [0, 0.33]; proportion CV unassessed or > 0.33",,0.15922905877556912,0.785427601000421,10
Gymnastics/cheerleading,15-17,Head/face,1119,3600.0,720.1833882700794,0.19845965966091567,3600.0,True,passes conservative screen,26.0,3.111489239807827,0.11955252581856504,10
Gymnastics/cheerleading,15-17,Neck,271,,260.53817944351624,0.29314169811207313,,False,estimate < 1200,,1.7734195308157463,0.27821402689747443,10
Gymnastics/cheerleading,15-17,Shoulder/upper arm,222,,266.03127588860434,0.3245364400334906,,False,estimate < 1200,,1.7031447315981953,0.2896967586919115,10
Gymnastics/cheerleading,15-17,Elbow/forearm,263,,231.70166053808356,0.29687423973042365,,False,estimate < 1200,,1.5154631626396404,0.27073852761251316,10
Gymnastics/cheerleading,15-17,Wrist/hand,470,1800.0,414.3267935156259,0.2359676074704859,1800.0,True,passes conservative screen,12.6,2.1564616875541667,0.17124284200842022,10
Gymnastics/cheerleading,15-17,Trunk/spine,512,1600.0,353.5333240377631,0.2194611866261892,1600.0,True,passes conservative screen,11.6,2.0883161853489316,0.1807527572931968,10
Gymnastics/cheerleading,15-17,Hip/thigh,44,,94.40845951953118,0.5990416415895311,,False,"estimate < 1200; CV bound outside [0, 0.33]; proportion CV unassessed or > 0.33",,0.694800954438729,0.6147065178113224,10
Gymnastics/cheerleading,15-17,Knee,417,1300.0,295.42335555548453,0.2310620082414918,1300.0,True,passes conservative screen,9.2,1.8490356154319265,0.20164632127290022,10
Gymnastics/cheerleading,15-17,Lower leg,88,,99.3385515655459,0.46939253589563734,,False,"estimate < 1200; CV bound outside [0, 0.33]; proportion CV unassessed or > 0.33",,0.6863409215510149,0.45218854820958815,10
Gymnastics/cheerleading,15-17,Ankle,548,1900.0,414.5362550426315,0.21720559746754423,1900.0,True,passes conservative screen,13.7,2.2967952767478677,0.16780005150098853,10
Gymnastics/cheerleading,15-17,Foot/toes,185,,234.01252361894134,0.34831731125057447,,False,"estimate < 1200; CV bound outside [0, 0.33]",,1.4216107981446695,0.29503801861550966,10
Gymnastics/cheerleading,15-17,Multiple/systemic,52,,110.04882619163357,0.5923416761819136,,False,"estimate < 1200; CV bound outside [0, 0.33]; proportion CV unassessed or > 0.33",,0.7321701331582318,0.5494905076380625,10
Gymnastics/cheerleading,15-17,Internal/systemic,1,,0.65801,1.0,,False,"n < 20; estimate < 1200; CV bound outside [0, 0.33]; proportion CV unassessed or > 0.33",,0.005354930633882203,1.1347042088387773,10
Gymnastics/cheerleading,15-17,Not stated/other,16,,36.34006363759545,0.8261435472503824,,False,"n < 20; estimate < 1200; CV bound outside [0, 0.33]; proportion CV unassessed or > 0.33",,0.2781136918603598,0.8815633200639622,10
Gymnastics/cheerleading,18-24,Head/face,297,1200.0,320.66574310666783,0.26151981501655325,1200.0,True,passes conservative screen,28.5,5.604799329661213,0.19680159567284208,10
Gymnastics/cheerleading,18-24,Neck,76,,135.62557534601348,0.47198738592661726,,False,"estimate < 1200; CV bound outside [0, 0.33]; proportion CV unassessed or > 0.33",,2.9729711326761317,0.445446964986716,10
Gymnastics/cheerleading,18-24,Shoulder/upper arm,58,,130.18198973339224,0.4681240706645543,,False,"estimate < 1200; CV bound outside [0, 0.33]; proportion CV unassessed or > 0.33",,2.817118352504827,0.43614577937375637,10
Gymnastics/cheerleading,18-24,Elbow/forearm,43,,111.78829470983617,0.5551218466588751,,False,"estimate < 1200; CV bound outside [0, 0.33]; proportion CV unassessed or > 0.33",,2.5597501006443224,0.5472755803872578,10
Gymnastics/cheerleading,18-24,Wrist/hand,102,,174.72473468818242,0.3922127555754734,,False,"estimate < 1200; CV bound outside [0, 0.33]; proportion CV unassessed or > 0.33",,3.7067239755388637,0.3582400069094812,10
Gymnastics/cheerleading,18-24,Trunk/spine,103,,195.922459625596,0.39775357243492715,,False,"estimate < 1200; CV bound outside [0, 0.33]; proportion CV unassessed or > 0.33",,4.053750849275736,0.3543263339257382,10
Gymnastics/cheerleading,18-24,Hip/thigh,13,,58.99000546984418,0.8561362565593568,,False,"n < 20; estimate < 1200; CV bound outside [0, 0.33]; proportion CV unassessed or > 0.33",,1.4051540938227594,0.8780210327635063,10
Gymnastics/cheerleading,18-24,Knee,106,,155.81788462933736,0.38215040691977126,,False,"estimate < 1200; CV bound outside [0, 0.33]; proportion CV unassessed or > 0.33",,3.412321700101135,0.3603159635806185,10
Gymnastics/cheerleading,18-24,Lower leg,26,,67.6020533002106,0.7408590339339363,,False,"estimate < 1200; CV bound outside [0, 0.33]; proportion CV unassessed or > 0.33",,1.5918309780387403,0.7510851222631733,10
Gymnastics/cheerleading,18-24,Ankle,126,,205.9350313156628,0.35877796328829736,,False,"estimate < 1200; CV bound outside [0, 0.33]",,4.070453645463749,0.3053197209764647,10
Gymnastics/cheerleading,18-24,Foot/toes,43,,100.19672181940689,0.5624533480732754,,False,"estimate < 1200; CV bound outside [0, 0.33]; proportion CV unassessed or > 0.33",,2.3028718565122723,0.5565693410704061,10
Gymnastics/cheerleading,18-24,Multiple/systemic,7,,28.190746666666666,0.8908374366386667,,False,"n < 20; estimate < 1200; CV bound outside [0, 0.33]; proportion CV unassessed or > 0.33",,0.695375853245601,0.946080301453994,10
Gymnastics/cheerleading,18-24,Internal/systemic,0,,0.0,,,False,CV unassessed; proportion CV unassessed or > 0.33,,0.0,,10
Gymnastics/cheerleading,18-24,Not stated/other,5,,18.91659044379852,0.8324784270802518,,False,"n < 20; estimate < 1200; CV bound outside [0, 0.33]; proportion CV unassessed or > 0.33",,0.49282256659338197,0.9337642153056904,10
Gymnastics/cheerleading,25-34,Head/face,33,,82.7645539952741,0.61441620528801,,False,"estimate < 1200; CV bound outside [0, 0.33]; proportion CV unassessed or > 0.33",,7.547917947589681,0.5566059230133616,10
Gymnastics/cheerleading,25-34,Neck,10,,40.79729496021241,0.8373339195102998,,False,"n < 20; estimate < 1200; CV bound outside [0, 0.33]; proportion CV unassessed or > 0.33",,4.339588047211201,0.8847451502584959,10
Gymnastics/cheerleading,25-34,Shoulder/upper arm,29,,68.39280111851843,0.5757599346807233,,False,"estimate < 1200; CV bound outside [0, 0.33]; proportion CV unassessed or > 0.33",,7.085401482937524,0.5925130001667894,10
Gymnastics/cheerleading,25-34,Elbow/forearm,12,,42.85388126791982,0.7321562477754514,,False,"n < 20; estimate < 1200; CV bound outside [0, 0.33]; proportion CV unassessed or > 0.33",,4.642531831324363,0.7878995842338183,10
Gymnastics/cheerleading,25-34,Wrist/hand,24,,72.98898261299314,0.6067218856919132,,False,"estimate < 1200; CV bound outside [0, 0.33]; proportion CV unassessed or > 0.33",,7.06437082993493,0.5833218037271733,10
Gymnastics/cheerleading,25-34,Trunk/spine,35,,98.71972250553247,0.5738265673236268,,False,"estimate < 1200; CV bound outside [0, 0.33]; proportion CV unassessed or > 0.33",,9.198256179687874,0.5311101447728335,10
Gymnastics/cheerleading,25-34,Hip/thigh,2,,4.176220000000001,1.0000000000000002,,False,"n < 20; estimate < 1200; CV bound outside [0, 0.33]; proportion CV unassessed or > 0.33",,0.49995799108578703,1.1891934702624027,10
Gymnastics/cheerleading,25-34,Knee,22,,53.31068408888302,0.6288121805275612,,False,"estimate < 1200; CV bound outside [0, 0.33]; proportion CV unassessed or > 0.33",,5.617774410311411,0.6582234585929945,10
Gymnastics/cheerleading,25-34,Lower leg,10,,29.647881808880715,0.8584476943279543,,False,"n < 20; estimate < 1200; CV bound outside [0, 0.33]; proportion CV unassessed or > 0.33",,3.206578543937102,0.9222834607840238,10
Gymnastics/cheerleading,25-34,Ankle,27,,68.60810793641684,0.6005872448280041,,False,"estimate < 1200; CV bound outside [0, 0.33]; proportion CV unassessed or > 0.33",,6.852714190460382,0.5958893878844208,10
Gymnastics/cheerleading,25-34,Foot/toes,18,,53.3098867068086,0.5884075270717551,,False,"n < 20; estimate < 1200; CV bound outside [0, 0.33]; proportion CV unassessed or > 0.33",,5.647962906614605,0.619248076654875,10
Gymnastics/cheerleading,25-34,Multiple/systemic,2,,11.93861,1.0,,False,"n < 20; estimate < 1200; CV bound outside [0, 0.33]; proportion CV unassessed or > 0.33",,1.4355124821648946,1.1944159062031678,10
Gymnastics/cheerleading,25-34,Internal/systemic,0,,0.0,,,False,CV unassessed; proportion CV unassessed or > 0.33,,0.0,,10
Gymnastics/cheerleading,25-34,Not stated/other,0,,0.0,,,False,CV unassessed; proportion CV unassessed or > 0.33,,0.0,,10
Gymnastics/cheerleading,35-44,Head/face,14,,22.4384626208261,0.7132290038625111,,False,"n < 20; estimate < 1200; CV bound outside [0, 0.33]; proportion CV unassessed or > 0.33",,5.716817077026017,0.8207051168827867,10
Gymnastics/cheerleading,35-44,Neck,2,,5.814061004323914,0.7475603615001343,,False,"n < 20; estimate < 1200; CV bound outside [0, 0.33]; proportion CV unassessed or > 0.33",,1.8068484240603007,1.049265393533092,10
Gymnastics/cheerleading,35-44,Shoulder/upper arm,6,,31.816377407097242,0.8326074206040477,,False,"n < 20; estimate < 1200; CV bound outside [0, 0.33]; proportion CV unassessed or > 0.33",,8.389390957731715,0.9915552726299472,10
Gymnastics/cheerleading,35-44,Elbow/forearm,5,,22.798644063884012,0.9353704313415327,,False,"n < 20; estimate < 1200; CV bound outside [0, 0.33]; proportion CV unassessed or > 0.33",,5.895429093653066,1.0924133176924693,10
Gymnastics/cheerleading,35-44,Wrist/hand,15,,60.675889762484985,0.7741563511657594,,False,"n < 20; estimate < 1200; CV bound outside [0, 0.33]; proportion CV unassessed or > 0.33",,13.065151615042195,0.7528768240680431,10
Gymnastics/cheerleading,35-44,Trunk/spine,17,,77.94207245538375,0.7664943341543582,,False,"n < 20; estimate < 1200; CV bound outside [0, 0.33]; proportion CV unassessed or > 0.33",,16.122292291806154,0.7160786694069082,10
Gymnastics/cheerleading,35-44,Hip/thigh,2,,11.796579999999997,0.9999999999999998,,False,"n < 20; estimate < 1200; CV bound outside [0, 0.33]; proportion CV unassessed or > 0.33",,3.2664052756499826,1.250578327609792,10
Gymnastics/cheerleading,35-44,Knee,13,,54.57825231180772,0.8676677274947671,,False,"n < 20; estimate < 1200; CV bound outside [0, 0.33]; proportion CV unassessed or > 0.33",,11.843765737199435,0.8503947598950259,10
Gymnastics/cheerleading,35-44,Lower leg,7,,20.504960744371402,0.8620995725597196,,False,"n < 20; estimate < 1200; CV bound outside [0, 0.33]; proportion CV unassessed or > 0.33",,5.2780945743788354,1.0022420093074953,10
Gymnastics/cheerleading,35-44,Ankle,11,,24.24715949594583,0.7035601556644775,,False,"n < 20; estimate < 1200; CV bound outside [0, 0.33]; proportion CV unassessed or > 0.33",,6.076515956123982,0.7963279457073182,10
Gymnastics/cheerleading,35-44,Foot/toes,10,,33.11074226392133,0.8995132865789252,,False,"n < 20; estimate < 1200; CV bound outside [0, 0.33]; proportion CV unassessed or > 0.33",,8.00544651293982,0.9822480451757303,10
Gymnastics/cheerleading,35-44,Multiple/systemic,0,,0.0,,,False,CV unassessed; proportion CV unassessed or > 0.33,,0.0,,10
Gymnastics/cheerleading,35-44,Internal/systemic,0,,0.0,,,False,CV unassessed; proportion CV unassessed or > 0.33,,0.0,,10
Gymnastics/cheerleading,35-44,Not stated/other,0,,0.0,,,False,CV unassessed; proportion CV unassessed or > 0.33,,0.0,,10
Gymnastics/cheerleading,45-54,Head/face,4,,14.914760000000001,1.0,,False,"n < 20; estimate < 1200; CV bound outside [0, 0.33]; proportion CV unassessed or > 0.33",,9.975900432499587,1.2561375717574428,10
Gymnastics/cheerleading,45-54,Neck,4,,7.636426500528074,0.7939823017679649,,False,"n < 20; estimate < 1200; CV bound outside [0, 0.33]; proportion CV unassessed or > 0.33",,5.9047554986197675,1.1529857354526558,10
Gymnastics/cheerleading,45-54,Shoulder/upper arm,7,,26.52961428659618,0.8852074540888697,,False,"n < 20; estimate < 1200; CV bound outside [0, 0.33]; proportion CV unassessed or > 0.33",,16.568987730636078,1.0382727887619336,10
Gymnastics/cheerleading,45-54,Elbow/forearm,1,,1.5999200000000005,1.0000000000000002,,False,"n < 20; estimate < 1200; CV bound outside [0, 0.33]; proportion CV unassessed or > 0.33",,1.305049771097551,1.5318991551861834,10
Gymnastics/cheerleading,45-54,Wrist/hand,5,,21.764682796070943,0.9436839371974257,,False,"n < 20; estimate < 1200; CV bound outside [0, 0.33]; proportion CV unassessed or > 0.33",,13.954778968262563,1.1363145091784,10
Gymnastics/cheerleading,45-54,Trunk/spine,7,,51.6716374037116,0.9722867980867161,,False,"n < 20; estimate < 1200; CV bound outside [0, 0.33]; proportion CV unassessed or > 0.33",,26.02221490406933,0.9195763497595385,10
Gymnastics/cheerleading,45-54,Hip/thigh,1,,1.5768799999999996,0.9999999999999997,,False,"n < 20; estimate < 1200; CV bound outside [0, 0.33]; proportion CV unassessed or > 0.33",,1.2618657443296342,1.5028508285314424,10
Gymnastics/cheerleading,45-54,Knee,1,,1.564,1.0,,False,"n < 20; estimate < 1200; CV bound outside [0, 0.33]; proportion CV unassessed or > 0.33",,1.2439243845197157,1.4936835628117897,10
Gymnastics/cheerleading,45-54,Lower leg,4,,10.61557,1.0,,False,"n < 20; estimate < 1200; CV bound outside [0, 0.33]; proportion CV unassessed or > 0.33",,7.690317666800289,1.3605118553400914,10
Gymnastics/cheerleading,45-54,Ankle,2,,15.120610000000003,1.0000000000000002,,False,"n < 20; estimate < 1200; CV bound outside [0, 0.33]; proportion CV unassessed or > 0.33",,11.000794922154805,1.3663316416255546,10
Gymnastics/cheerleading,45-54,Foot/toes,5,,24.186996278161228,0.9087741326840206,,False,"n < 20; estimate < 1200; CV bound outside [0, 0.33]; proportion CV unassessed or > 0.33",,15.784109097010301,1.113769862859615,10
Gymnastics/cheerleading,45-54,Multiple/systemic,0,,0.0,,,False,CV unassessed; proportion CV unassessed or > 0.33,,0.0,,10
Gymnastics/cheerleading,45-54,Internal/systemic,0,,0.0,,,False,CV unassessed; proportion CV unassessed or > 0.33,,0.0,,10
Gymnastics/cheerleading,45-54,Not stated/other,0,,0.0,,,False,CV unassessed; proportion CV unassessed or > 0.33,,0.0,,10
Gymnastics/cheerleading,55-64,Head/face,2,,7.541409999999999,1.0,,False,"n < 20; estimate < 1200; CV bound outside [0, 0.33]; proportion CV unassessed or > 0.33",,13.358843319094493,1.4175433286527124,10
Gymnastics/cheerleading,55-64,Neck,3,,6.75556,1.0,,False,"n < 20; estimate < 1200; CV bound outside [0, 0.33]; proportion CV unassessed or > 0.33",,11.927380378785049,1.412875039725322,10
Gymnastics/cheerleading,55-64,Shoulder/upper arm,6,,28.32759739450814,0.902369466888168,,False,"n < 20; estimate < 1200; CV bound outside [0, 0.33]; proportion CV unassessed or > 0.33",,32.362247042564725,0.8249608864180499,10
Gymnastics/cheerleading,55-64,Elbow/forearm,0,,0.0,,,False,CV unassessed; proportion CV unassessed or > 0.33,,0.0,,10
Gymnastics/cheerleading,55-64,Wrist/hand,3,,11.549681670784455,0.893488699244533,,False,"n < 20; estimate < 1200; CV bound outside [0, 0.33]; proportion CV unassessed or > 0.33",,19.76587199775241,1.2236439485655508,10
Gymnastics/cheerleading,55-64,Trunk/spine,3,,9.112640000000003,1.0000000000000002,,False,"n < 20; estimate < 1200; CV bound outside [0, 0.33]; proportion CV unassessed or > 0.33",,13.786542463724915,1.2106850733216983,10
Gymnastics/cheerleading,55-64,Hip/thigh,0,,0.0,,,False,CV unassessed; proportion CV unassessed or > 0.33,,0.0,,10
Gymnastics/cheerleading,55-64,Knee,2,,4.223740000000001,1.0000000000000002,,False,"n < 20; estimate < 1200; CV bound outside [0, 0.33]; proportion CV unassessed or > 0.33",,7.559137360864838,1.4321717383180628,10
Gymnastics/cheerleading,55-64,Lower leg,0,,0.0,,,False,CV unassessed; proportion CV unassessed or > 0.33,,0.0,,10
Gymnastics/cheerleading,55-64,Ankle,0,,0.0,,,False,CV unassessed; proportion CV unassessed or > 0.33,,0.0,,10
Gymnastics/cheerleading,55-64,Foot/toes,1,,5.312949999999999,0.9999999999999998,,False,"n < 20; estimate < 1200; CV bound outside [0, 0.33]; proportion CV unassessed or > 0.33",,9.491396064919691,1.429599561530394,10
Gymnastics/cheerleading,55-64,Multiple/systemic,0,,0.0,,,False,CV unassessed; proportion CV unassessed or > 0.33,,0.0,,10
Gymnastics/cheerleading,55-64,Internal/systemic,1,,2.7587000000000006,1.0000000000000002,,False,"n < 20; estimate < 1200; CV bound outside [0, 0.33]; proportion CV unassessed or > 0.33",,5.056014017140354,1.4666410391382863,10
Gymnastics/cheerleading,55-64,Not stated/other,0,,0.0,,,False,CV unassessed; proportion CV unassessed or > 0.33,,0.0,,10
Gymnastics/cheerleading,65-74,Head/face,3,,14.119110000000003,1.0000000000000002,,False,"n < 20; estimate < 1200; CV bound outside [0, 0.33]; proportion CV unassessed or > 0.33",,39.829619371933575,0.6573709121382116,10
Gymnastics/cheerleading,65-74,Neck,0,,0.0,,,False,CV unassessed; proportion CV unassessed or > 0.33,,0.0,,10
Gymnastics/cheerleading,65-74,Shoulder/upper arm,1,,1.5768799999999994,0.9999999999999996,,False,"n < 20; estimate < 1200; CV bound outside [0, 0.33]; proportion CV unassessed or > 0.33",,10.639871854242791,1.5723506380999268,10
Gymnastics/cheerleading,65-74,Elbow/forearm,0,,0.0,,,False,CV unassessed; proportion CV unassessed or > 0.33,,0.0,,10
Gymnastics/cheerleading,65-74,Wrist/hand,0,,0.0,,,False,CV unassessed; proportion CV unassessed or > 0.33,,0.0,,10
Gymnastics/cheerleading,65-74,Trunk/spine,3,,6.030120000000001,1.0000000000000002,,False,"n < 20; estimate < 1200; CV bound outside [0, 0.33]; proportion CV unassessed or > 0.33",,29.60982683438491,1.144251687567417,10
Gymnastics/cheerleading,65-74,Hip/thigh,0,,0.0,,,False,CV unassessed; proportion CV unassessed or > 0.33,,0.0,,10
Gymnastics/cheerleading,65-74,Knee,1,,1.57688,1.0,,False,"n < 20; estimate < 1200; CV bound outside [0, 0.33]; proportion CV unassessed or > 0.33",,11.198308597802932,1.654875914917532,10
Gymnastics/cheerleading,65-74,Lower leg,0,,0.0,,,False,CV unassessed; proportion CV unassessed or > 0.33,,0.0,,10
Gymnastics/cheerleading,65-74,Ankle,0,,0.0,,,False,CV unassessed; proportion CV unassessed or > 0.33,,0.0,,10
Gymnastics/cheerleading,65-74,Foot/toes,0,,0.0,,,False,CV unassessed; proportion CV unassessed or > 0.33,,0.0,,10
Gymnastics/cheerleading,65-74,Multiple/systemic,0,,0.0,,,False,CV unassessed; proportion CV unassessed or > 0.33,,0.0,,10
Gymnastics/cheerleading,65-74,Internal/systemic,0,,0.0,,,False,CV unassessed; proportion CV unassessed or > 0.33,,0.0,,10
Gymnastics/cheerleading,65-74,Not stated/other,0,,0.0,,,False,CV unassessed; proportion CV unassessed or > 0.33,,0.0,,10
Gymnastics/cheerleading,75+,Head/face,0,,0.0,,,False,CV unassessed; proportion CV unassessed or > 0.33,,0.0,,10
Gymnastics/cheerleading,75+,Neck,0,,0.0,,,False,CV unassessed; proportion CV unassessed or > 0.33,,0.0,,10
Gymnastics/cheerleading,75+,Shoulder/upper arm,1,,5.222760000000001,1.0000000000000002,,False,"n < 20; estimate < 1200; CV bound outside [0, 0.33]; proportion CV unassessed or > 0.33",,18.833906481601666,1.2684737491614264,10
Gymnastics/cheerleading,75+,Elbow/forearm,1,,2.758700000000001,1.0000000000000004,,False,"n < 20; estimate < 1200; CV bound outside [0, 0.33]; proportion CV unassessed or > 0.33",,11.572429837853623,1.475574784614162,10
Gymnastics/cheerleading,75+,Wrist/hand,2,,11.46727,1.0,,False,"n < 20; estimate < 1200; CV bound outside [0, 0.33]; proportion CV unassessed or > 0.33",,34.08619391303069,1.0455856537967496,10
Gymnastics/cheerleading,75+,Trunk/spine,1,,10.504080000000004,1.0000000000000002,,False,"n < 20; estimate < 1200; CV bound outside [0, 0.33]; proportion CV unassessed or > 0.33",,32.1385969381904,1.07624224710884,10
Gymnastics/cheerleading,75+,Hip/thigh,0,,0.0,,,False,CV unassessed; proportion CV unassessed or > 0.33,,0.0,,10
Gymnastics/cheerleading,75+,Knee,1,,5.222760000000002,1.0000000000000002,,False,"n < 20; estimate < 1200; CV bound outside [0, 0.33]; proportion CV unassessed or > 0.33",,18.833906481601666,1.2684737491614264,10
Gymnastics/cheerleading,75+,Lower leg,0,,0.0,,,False,CV unassessed; proportion CV unassessed or > 0.33,,0.0,,10
Gymnastics/cheerleading,75+,Ankle,0,,0.0,,,False,CV unassessed; proportion CV unassessed or > 0.33,,0.0,,10
Gymnastics/cheerleading,75+,Foot/toes,0,,0.0,,,False,CV unassessed; proportion CV unassessed or > 0.33,,0.0,,10
Gymnastics/cheerleading,75+,Multiple/systemic,0,,0.0,,,False,CV unassessed; proportion CV unassessed or > 0.33,,0.0,,10
Gymnastics/cheerleading,75+,Internal/systemic,0,,0.0,,,False,CV unassessed; proportion CV unassessed or > 0.33,,0.0,,10
Gymnastics/cheerleading,75+,Not stated/other,0,,0.0,,,False,CV unassessed; proportion CV unassessed or > 0.33,,0.0,,10
Volleyball,0-4,Head/face,15,,25.132083239928214,0.8917354451221257,,False,"n < 20; estimate < 1200; CV bound outside [0, 0.33]; proportion CV unassessed or > 0.33",,36.51279851233992,0.5915116008355992,10
Volleyball,0-4,Neck,0,,0.0,,,False,CV unassessed; proportion CV unassessed or > 0.33,,0.0,,10
Volleyball,0-4,Shoulder/upper arm,0,,0.0,,,False,CV unassessed; proportion CV unassessed or > 0.33,,0.0,,10
Volleyball,0-4,Elbow/forearm,2,,6.540482796070944,0.8343165546125682,,False,"n < 20; estimate < 1200; CV bound outside [0, 0.33]; proportion CV unassessed or > 0.33",,22.66372284655625,1.3199665018196538,10
Volleyball,0-4,Wrist/hand,1,,5.752459999999998,0.9999999999999998,,False,"n < 20; estimate < 1200; CV bound outside [0, 0.33]; proportion CV unassessed or > 0.33",,19.116923082664854,1.517312344525781,10
Volleyball,0-4,Trunk/spine,0,,0.0,,,False,CV unassessed; proportion CV unassessed or > 0.33,,0.0,,10
Volleyball,0-4,Hip/thigh,0,,0.0,,,False,CV unassessed; proportion CV unassessed or > 0.33,,0.0,,10
Volleyball,0-4,Knee,2,,1.2637999999999998,0.9999999999999999,,False,"n < 20; estimate < 1200; CV bound outside [0, 0.33]; proportion CV unassessed or > 0.33",,4.574198595897616,1.6525220803957907,10
Volleyball,0-4,Lower leg,1,,1.65988,1.0,,False,"n < 20; estimate < 1200; CV bound outside [0, 0.33]; proportion CV unassessed or > 0.33",,6.139275033951797,1.6886941681244956,10
Volleyball,0-4,Ankle,0,,0.0,,,False,CV unassessed; proportion CV unassessed or > 0.33,,0.0,,10
Volleyball,0-4,Foot/toes,1,,0.47569999999999996,1.0,,False,"n < 20; estimate < 1200; CV bound outside [0, 0.33]; proportion CV unassessed or > 0.33",,1.7682867836042278,1.6971887932841003,10
Volleyball,0-4,Multiple/systemic,1,,0.48283,1.0,,False,"n < 20; estimate < 1200; CV bound outside [0, 0.33]; proportion CV unassessed or > 0.33",,1.8283450786720155,1.7289185198569883,10
Volleyball,0-4,Internal/systemic,0,,0.0,,,False,CV unassessed; proportion CV unassessed or > 0.33,,0.0,,10
Volleyball,0-4,Not stated/other,0,,0.0,,,False,CV unassessed; proportion CV unassessed or > 0.33,,0.0,,10
Volleyball,5-9,Head/face,81,,90.57132792464321,0.503555179345985,,False,"estimate < 1200; CV bound outside [0, 0.33]; proportion CV unassessed or > 0.33",,11.0173441645589,0.4591245662266606,10
Volleyball,5-9,Neck,5,,14.386891431366347,0.8115523364877152,,False,"n < 20; estimate < 1200; CV bound outside [0, 0.33]; proportion CV unassessed or > 0.33",,2.3474110645602058,0.9925125252580954,10
Volleyball,5-9,Shoulder/upper arm,8,,19.890100049080083,0.8485628067313041,,False,"n < 20; estimate < 1200; CV bound outside [0, 0.33]; proportion CV unassessed or > 0.33",,3.0501690673036226,0.9753673637419275,10
Volleyball,5-9,Elbow/forearm,27,,63.88803474203441,0.647661208553673,,False,"estimate < 1200; CV bound outside [0, 0.33]; proportion CV unassessed or > 0.33",,8.472509122816993,0.6437803026680238,10
Volleyball,5-9,Wrist/hand,92,,117.5255090005065,0.4560328922771218,,False,"estimate < 1200; CV bound outside [0, 0.33]; proportion CV unassessed or > 0.33",,11.891530744403394,0.3458589933422044,10
Volleyball,5-9,Trunk/spine,13,,30.578816892514386,0.8887571042288045,,False,"n < 20; estimate < 1200; CV bound outside [0, 0.33]; proportion CV unassessed or > 0.33",,4.22894560407225,0.9212803083230436,10
Volleyball,5-9,Hip/thigh,4,,26.410559999999997,1.0,,False,"n < 20; estimate < 1200; CV bound outside [0, 0.33]; proportion CV unassessed or > 0.33",,4.012330147696625,1.1387183881867546,10
Volleyball,5-9,Knee,13,,34.938816015678235,0.9368544599477991,,False,"n < 20; estimate < 1200; CV bound outside [0, 0.33]; proportion CV unassessed or > 0.33",,4.892198857365394,0.9832531113971618,10
Volleyball,5-9,Lower leg,1,,1.6841300000000008,1.0000000000000004,,False,"n < 20; estimate < 1200; CV bound outside [0, 0.33]; proportion CV unassessed or > 0.33",,0.2878539226121551,1.2811318331270451,10
Volleyball,5-9,Ankle,8,,21.955227466056584,0.8239299141837036,,False,"n < 20; estimate < 1200; CV bound outside [0, 0.33]; proportion CV unassessed or > 0.33",,3.35960820392186,0.9450140072633201,10
Volleyball,5-9,Foot/toes,11,,30.67310216487757,0.8362836272901771,,False,"n < 20; estimate < 1200; CV bound outside [0, 0.33]; proportion CV unassessed or > 0.33",,4.625463928961276,0.9452538922761796,10
Volleyball,5-9,Multiple/systemic,2,,2.56507,1.0,,False,"n < 20; estimate < 1200; CV bound outside [0, 0.33]; proportion CV unassessed or > 0.33",,0.41517608372252474,1.2131943784906372,10
Volleyball,5-9,Internal/systemic,0,,0.0,,,False,CV unassessed; proportion CV unassessed or > 0.33,,0.0,,10
Volleyball,5-9,Not stated/other,1,,6.47151,1.0,,False,"n < 20; estimate < 1200; CV bound outside [0, 0.33]; proportion CV unassessed or > 0.33",,1.089927005607814,1.262376989098873,10
Volleyball,10-14,Head/face,978,2700.0,521.0734127204475,0.19002527505973765,2700.0,True,passes conservative screen,16.2,2.4852056416676325,0.1538770996133408,10
Volleyball,10-14,Neck,45,,65.59344300641155,0.6683659021713215,,False,"estimate < 1200; CV bound outside [0, 0.33]; proportion CV unassessed or > 0.33",,0.37500427665985264,0.648767795874743,10
Volleyball,10-14,Shoulder/upper arm,212,,201.8577207516917,0.3121856786685548,,False,estimate < 1200,,1.1193538466065616,0.29392343363642454,10
Volleyball,10-14,Elbow/forearm,286,,236.2978348854123,0.2913129998925871,,False,estimate < 1200,,1.2174626476514068,0.2548325935659606,10
Volleyball,10-14,Wrist/hand,1603,5200.0,884.9732606591627,0.17145540531786088,5200.0,True,passes conservative screen,30.4,2.918358389085424,0.09599726551088185,10
Volleyball,10-14,Trunk/spine,377,,298.1925984237504,0.27141090236211934,,False,estimate < 1200,,1.4886127090687995,0.23004423671979915,10
Volleyball,10-14,Hip/thigh,35,,30.859178302049223,0.5432086514010741,,False,"estimate < 1200; CV bound outside [0, 0.33]; proportion CV unassessed or > 0.33",,0.1898893298838128,0.5675211976403927,10
Volleyball,10-14,Knee,583,1800.0,408.366435434348,0.22530527895055652,1800.0,True,passes conservative screen,10.7,1.908794667059736,0.17880503606645806,10
Volleyball,10-14,Lower leg,108,,120.17092946565603,0.4523946821717821,,False,"estimate < 1200; CV bound outside [0, 0.33]; proportion CV unassessed or > 0.33",,0.6795850477439169,0.4343712687049462,10
Volleyball,10-14,Ankle,1106,3400.0,586.8529296769273,0.17028062916468467,3400.0,True,passes conservative screen,20.3,2.354641252640354,0.1160005165216566,10
Volleyball,10-14,Foot/toes,231,,224.79038252441615,0.32405798637871247,,False,estimate < 1200,,1.2381401150755054,0.3030498007825579,10
Volleyball,10-14,Multiple/systemic,43,,69.21399594230445,0.5747205794661182,,False,"estimate < 1200; CV bound outside [0, 0.33]; proportion CV unassessed or > 0.33",,0.40862078185409795,0.5760795799171731,10
Volleyball,10-14,Internal/systemic,2,,1.24143,1.0,,False,"n < 20; estimate < 1200; CV bound outside [0, 0.33]; proportion CV unassessed or > 0.33",,0.008077577554994482,1.1047349802488216,10
Volleyball,10-14,Not stated/other,15,,19.669065993668344,0.8335406050880321,,False,"n < 20; estimate < 1200; CV bound outside [0, 0.33]; proportion CV unassessed or > 0.33",,0.12148104483469188,0.8740791228846269,10
Volleyball,15-17,Head/face,871,2600.0,466.6854640921835,0.17951752629044646,2600.0,True,passes conservative screen,16.0,2.2818324557679777,0.14251367089970565,10
Volleyball,15-17,Neck,48,,89.18167789934355,0.5296190811034989,,False,"estimate < 1200; CV bound outside [0, 0.33]; proportion CV unassessed or > 0.33",,0.5516654036429648,0.5319293162026946,10
Volleyball,15-17,Shoulder/upper arm,246,,238.70521282024288,0.2930938141872245,,False,estimate < 1200,,1.2904677885562492,0.2572658321688757,10
Volleyball,15-17,Elbow/forearm,157,,189.46711521485608,0.33324663643871694,,False,"estimate < 1200; CV bound outside [0, 0.33]",,1.072658908103734,0.3063259355071857,10
Volleyball,15-17,Wrist/hand,922,3100.0,573.0999804456117,0.18570760534711014,3100.0,True,passes conservative screen,19.0,2.455830254375825,0.12920753297372128,10
Volleyball,15-17,Trunk/spine,354,,322.76971653818543,0.27788029701284955,,False,estimate < 1200,,1.6938641390152787,0.2367738521885278,10
Volleyball,15-17,Hip/thigh,32,,64.2567778153614,0.7537845414260498,,False,"estimate < 1200; CV bound outside [0, 0.33]; proportion CV unassessed or > 0.33",,0.4031953396515402,0.7679518293400347,10
Volleyball,15-17,Knee,595,2000.0,431.5427125223724,0.22043524020589506,2000.0,True,passes conservative screen,12.1,1.9743330072640448,0.16374492051982972,10
Volleyball,15-17,Lower leg,99,,121.30977368091172,0.4478037243596699,,False,"estimate < 1200; CV bound outside [0, 0.33]; proportion CV unassessed or > 0.33",,0.7501252061196273,0.44958919021167515,10
Volleyball,15-17,Ankle,1314,4600.0,726.445200213999,0.15789959658424235,4600.0,True,passes conservative screen,28.3,2.703869942339489,0.09542323868788341,10
Volleyball,15-17,Foot/toes,195,,222.03429657204657,0.32103787683778673,,False,estimate < 1200,,1.1585620795546923,0.2719854763825182,10
Volleyball,15-17,Multiple/systemic,47,,121.24105240353131,0.6546262647963544,,False,"estimate < 1200; CV bound outside [0, 0.33]; proportion CV unassessed or > 0.33",,0.7243223264426741,0.634988402453922,10
Volleyball,15-17,Internal/systemic,1,,0.4851599999999999,0.9999999999999998,,False,"n < 20; estimate < 1200; CV bound outside [0, 0.33]; proportion CV unassessed or > 0.33",,0.003346027596073102,1.1197852016127938,10
Volleyball,15-17,Not stated/other,18,,37.90452523405742,0.8241620964627973,,False,"n < 20; estimate < 1200; CV bound outside [0, 0.33]; proportion CV unassessed or > 0.33",,0.24578819307953192,0.8677063697183693,10
Volleyball,18-24,Head/face,264,,340.30654355807314,0.28989660299854925,,False,estimate < 1200,,3.64456372574863,0.22921789979079482,10
Volleyball,18-24,Neck,16,,52.446204145089496,0.8034713107823618,,False,"n < 20; estimate < 1200; CV bound outside [0, 0.33]; proportion CV unassessed or > 0.33",,0.7293722379764815,0.8249653279327528,10
Volleyball,18-24,Shoulder/upper arm,130,,198.6575374278224,0.3357256588618678,,False,"estimate < 1200; CV bound outside [0, 0.33]",,2.26444303613406,0.28253421047116534,10
Volleyball,18-24,Elbow/forearm,43,,109.51090135190081,0.5467616749926809,,False,"estimate < 1200; CV bound outside [0, 0.33]; proportion CV unassessed or > 0.33",,1.4832404283707064,0.5467419790905976,10
Volleyball,18-24,Wrist/hand,293,1200.0,323.93550667169546,0.26088652949015484,1200.0,True,passes conservative screen,16.8,3.483925997315624,0.20715345331436463,10
Volleyball,18-24,Trunk/spine,135,,194.6664387144372,0.32250925624369625,,False,estimate < 1200,,2.371339015901435,0.29005135658019393,10
Volleyball,18-24,Hip/thigh,16,,67.18698548509307,0.7458365542813659,,False,"n < 20; estimate < 1200; CV bound outside [0, 0.33]; proportion CV unassessed or > 0.33",,0.9385537079608002,0.7692150859794756,10
Volleyball,18-24,Knee,262,,295.2728216253572,0.2605467587932541,,False,estimate < 1200,,3.250545743499411,0.2117622959880272,10
Volleyball,18-24,Lower leg,26,,67.53380811925152,0.713944561987535,,False,"estimate < 1200; CV bound outside [0, 0.33]; proportion CV unassessed or > 0.33",,0.9245095265089268,0.7215805117493821,10
Volleyball,18-24,Ankle,398,1700.0,397.0858668673509,0.23647286534349712,1700.0,True,passes conservative screen,22.7,3.957393010698677,0.17399478053399484,10
Volleyball,18-24,Foot/toes,96,,157.63544342551035,0.3878487905627843,,False,"estimate < 1200; CV bound outside [0, 0.33]; proportion CV unassessed or > 0.33",,1.998796986947543,0.36308424900732006,10
Volleyball,18-24,Multiple/systemic,15,,62.36025664190879,0.7647009866136036,,False,"n < 20; estimate < 1200; CV bound outside [0, 0.33]; proportion CV unassessed or > 0.33",,0.8866909089795757,0.8027608178290928,10
Volleyball,18-24,Internal/systemic,0,,0.0,,,False,CV unassessed; proportion CV unassessed or > 0.33,,0.0,,10
Volleyball,18-24,Not stated/other,6,,16.265475106415092,0.761516879825008,,False,"n < 20; estimate < 1200; CV bound outside [0, 0.33]; proportion CV unassessed or > 0.33",,0.25375392989188245,0.8771133319313418,10
Volleyball,25-34,Head/face,82,,140.1154118450724,0.4303887237320815,,False,"estimate < 1200; CV bound outside [0, 0.33]; proportion CV unassessed or > 0.33",,3.04759313703266,0.3980836851090276,10
Volleyball,25-34,Neck,15,,60.57303015660415,0.7020610860714217,,False,"n < 20; estimate < 1200; CV bound outside [0, 0.33]; proportion CV unassessed or > 0.33",,1.4601595671353704,0.7196781805026218,10
Volleyball,25-34,Shoulder/upper arm,93,,153.40759721293261,0.39430228315401383,,False,"estimate < 1200; CV bound outside [0, 0.33]; proportion CV unassessed or > 0.33",,3.304136031790142,0.3611459580778697,10
Volleyball,25-34,Elbow/forearm,27,,78.67670021396306,0.6576674147568021,,False,"estimate < 1200; CV bound outside [0, 0.33]; proportion CV unassessed or > 0.33",,1.8652493866322035,0.663039663693447,10
Volleyball,25-34,Wrist/hand,134,,181.3334732397435,0.3167878430005963,,False,estimate < 1200,,3.952765873623028,0.2936527239379349,10
Volleyball,25-34,Trunk/spine,99,,185.7762480249096,0.35345195291743325,,False,"estimate < 1200; CV bound outside [0, 0.33]",,3.8910689713825213,0.3148121915066105,10
Volleyball,25-34,Hip/thigh,9,,31.75175817394222,0.7777592801493564,,False,"n < 20; estimate < 1200; CV bound outside [0, 0.33]; proportion CV unassessed or > 0.33",,0.8012156791761559,0.8345825089541157,10
Volleyball,25-34,Knee,157,,219.45879504959885,0.30993452960715606,,False,estimate < 1200,,4.4212314896088145,0.26552330380060074,10
Volleyball,25-34,Lower leg,63,,111.27111989937593,0.43332683200101413,,False,"estimate < 1200; CV bound outside [0, 0.33]; proportion CV unassessed or > 0.33",,2.3735552353396288,0.39307450934536914,10
Volleyball,25-34,Ankle,190,,215.36681627625006,0.2705041167188448,,False,estimate < 1200,,4.264792243059295,0.22779038365363904,10
Volleyball,25-34,Foot/toes,83,,144.8484974176737,0.38468910694068065,,False,"estimate < 1200; CV bound outside [0, 0.33]; proportion CV unassessed or > 0.33",,3.3828273132770073,0.38204818286555786,10
Volleyball,25-34,Multiple/systemic,7,,36.389743952864755,0.8014565943529565,,False,"n < 20; estimate < 1200; CV bound outside [0, 0.33]; proportion CV unassessed or > 0.33",,0.9333590322054744,0.8741624694640794,10
Volleyball,25-34,Internal/systemic,0,,0.0,,,False,CV unassessed; proportion CV unassessed or > 0.33,,0.0,,10
Volleyball,25-34,Not stated/other,1,,10.141870000000004,1.0000000000000004,,False,"n < 20; estimate < 1200; CV bound outside [0, 0.33]; proportion CV unassessed or > 0.33",,0.2680993901174341,1.1241394841964796,10
Volleyball,35-44,Head/face,49,,114.09562049285879,0.5131775214978755,,False,"estimate < 1200; CV bound outside [0, 0.33]; proportion CV unassessed or > 0.33",,3.587220233009061,0.45924524590100907,10
Volleyball,35-44,Neck,13,,74.94438008253326,0.8719381139586209,,False,"n < 20; estimate < 1200; CV bound outside [0, 0.33]; proportion CV unassessed or > 0.33",,2.691564029029003,0.8913315601522396,10
Volleyball,35-44,Shoulder/upper arm,46,,118.56458787190027,0.5158695893848287,,False,"estimate < 1200; CV bound outside [0, 0.33]; proportion CV unassessed or > 0.33",,3.9104678649043803,0.48428568345327516,10
Volleyball,35-44,Elbow/forearm,24,,84.68903988167908,0.7245228385266678,,False,"estimate < 1200; CV bound outside [0, 0.33]; proportion CV unassessed or > 0.33",,2.8891664432444193,0.7035345190150598,10
Volleyball,35-44,Wrist/hand,84,,172.74081301837788,0.4019330038921699,,False,"estimate < 1200; CV bound outside [0, 0.33]; proportion CV unassessed or > 0.33",,5.054065609640099,0.33472454766415766,10
Volleyball,35-44,Trunk/spine,71,,155.2640722586704,0.466352011740344,,False,"estimate < 1200; CV bound outside [0, 0.33]; proportion CV unassessed or > 0.33",,5.025445014710366,0.4296406706821893,10
Volleyball,35-44,Hip/thigh,6,,23.60762877502791,0.7863309488456465,,False,"n < 20; estimate < 1200; CV bound outside [0, 0.33]; proportion CV unassessed or > 0.33",,0.9458670512069851,0.8967493643818766,10
Volleyball,35-44,Knee,82,,165.6569245168616,0.395069981979365,,False,"estimate < 1200; CV bound outside [0, 0.33]; proportion CV unassessed or > 0.33",,4.97042445390968,0.3374006337283886,10
Volleyball,35-44,Lower leg,63,,140.1938695592748,0.48283102324039234,,False,"estimate < 1200; CV bound outside [0, 0.33]; proportion CV unassessed or > 0.33",,4.560163806903381,0.44702783447057864,10
Volleyball,35-44,Ankle,99,,175.59087727893353,0.37243712093552067,,False,"estimate < 1200; CV bound outside [0, 0.33]; proportion CV unassessed or > 0.33",,5.6829705126604635,0.3430950032061508,10
Volleyball,35-44,Foot/toes,53,,98.9631656504525,0.529389119959677,,False,"estimate < 1200; CV bound outside [0, 0.33]; proportion CV unassessed or > 0.33",,3.450664360497192,0.52540249281516,10
Volleyball,35-44,Multiple/systemic,5,,20.76225496963142,0.931830073911386,,False,"n < 20; estimate < 1200; CV bound outside [0, 0.33]; proportion CV unassessed or > 0.33",,0.8355141355532355,1.0673429428458772,10
Volleyball,35-44,Internal/systemic,1,,5.49889,1.0,,False,"n < 20; estimate < 1200; CV bound outside [0, 0.33]; proportion CV unassessed or > 0.33",,0.22947033503521375,1.187789538707576,10
Volleyball,35-44,Not stated/other,1,,2.7587000000000006,1.0000000000000002,,False,"n < 20; estimate < 1200; CV bound outside [0, 0.33]; proportion CV unassessed or > 0.33",,0.11477906061306664,1.184257570030789,10
Volleyball,45-54,Head/face,29,,85.79864498627082,0.6636899032936775,,False,"estimate < 1200; CV bound outside [0, 0.33]; proportion CV unassessed or > 0.33",,4.857743165232271,0.590183801722251,10
Volleyball,45-54,Neck,4,,20.335214328297642,0.8236955420170481,,False,"n < 20; estimate < 1200; CV bound outside [0, 0.33]; proportion CV unassessed or > 0.33",,1.5252094635296627,0.9703209477354815,10
Volleyball,45-54,Shoulder/upper arm,43,,128.00449684530557,0.5849969942050568,,False,"estimate < 1200; CV bound outside [0, 0.33]; proportion CV unassessed or > 0.33",,7.146463910781431,0.5129648031590882,10
Volleyball,45-54,Elbow/forearm,10,,47.798702852705375,0.871469887850913,,False,"n < 20; estimate < 1200; CV bound outside [0, 0.33]; proportion CV unassessed or > 0.33",,3.047315501909627,0.8726129420753336,10
Volleyball,45-54,Wrist/hand,58,,113.02992317407752,0.5056016938186136,,False,"estimate < 1200; CV bound outside [0, 0.33]; proportion CV unassessed or > 0.33",,6.146882511274952,0.4318550024155138,10
Volleyball,45-54,Trunk/spine,41,,102.73260311646277,0.5754782732709341,,False,"estimate < 1200; CV bound outside [0, 0.33]; proportion CV unassessed or > 0.33",,5.621465915737291,0.49458185079362554,10
Volleyball,45-54,Hip/thigh,4,,20.213431822321205,0.7873736149707719,,False,"n < 20; estimate < 1200; CV bound outside [0, 0.33]; proportion CV unassessed or > 0.33",,1.462941233764192,0.8950259739584365,10
Volleyball,45-54,Knee,54,,135.28965374892164,0.4439994861582064,,False,"estimate < 1200; CV bound outside [0, 0.33]; proportion CV unassessed or > 0.33",,7.671417600310837,0.3954225763192571,10
Volleyball,45-54,Lower leg,33,,93.70924574090884,0.6269313836168474,,False,"estimate < 1200; CV bound outside [0, 0.33]; proportion CV unassessed or > 0.33",,5.910776138501044,0.6210835611165316,10
Volleyball,45-54,Ankle,38,,90.74721440594354,0.6153507875405748,,False,"estimate < 1200; CV bound outside [0, 0.33]; proportion CV unassessed or > 0.33",,5.668797321497879,0.6037377645469962,10
Volleyball,45-54,Foot/toes,17,,61.37776787757341,0.6216948382012596,,False,"n < 20; estimate < 1200; CV bound outside [0, 0.33]; proportion CV unassessed or > 0.33",,4.067368927528812,0.6470646765334578,10
Volleyball,45-54,Multiple/systemic,3,,14.862290000000005,1.0000000000000002,,False,"n < 20; estimate < 1200; CV bound outside [0, 0.33]; proportion CV unassessed or > 0.33",,1.1179444172434871,1.1814148754787748,10
Volleyball,45-54,Internal/systemic,0,,0.0,,,False,CV unassessed; proportion CV unassessed or > 0.33,,0.0,,10
Volleyball,45-54,Not stated/other,0,,0.0,,,False,CV unassessed; proportion CV unassessed or > 0.33,,0.0,,10
Volleyball,55-64,Head/face,26,,82.2168043254643,0.6553516285105802,,False,"estimate < 1200; CV bound outside [0, 0.33]; proportion CV unassessed or > 0.33",,9.48491523293766,0.6513489277064939,10
Volleyball,55-64,Neck,4,,15.812677281817338,0.7998464960321654,,False,"n < 20; estimate < 1200; CV bound outside [0, 0.33]; proportion CV unassessed or > 0.33",,2.313095211066603,1.0080015648513114,10
Volleyball,55-64,Shoulder/upper arm,13,,50.2579651495184,0.7417442580311663,,False,"n < 20; estimate < 1200; CV bound outside [0, 0.33]; proportion CV unassessed or > 0.33",,6.152804175695461,0.782327944085363,10
Volleyball,55-64,Elbow/forearm,11,,59.871639749212264,0.8596300081080726,,False,"n < 20; estimate < 1200; CV bound outside [0, 0.33]; proportion CV unassessed or > 0.33",,6.704004665849217,0.8292608845191928,10
Volleyball,55-64,Wrist/hand,42,,103.28440428158085,0.5511644227734376,,False,"estimate < 1200; CV bound outside [0, 0.33]; proportion CV unassessed or > 0.33",,10.856418889950591,0.49911368452802735,10
Volleyball,55-64,Trunk/spine,22,,77.0956568274599,0.698340409017377,,False,"estimate < 1200; CV bound outside [0, 0.33]; proportion CV unassessed or > 0.33",,8.691664321902289,0.6782763324281122,10
Volleyball,55-64,Hip/thigh,6,,45.90416,0.9999999999999999,,False,"n < 20; estimate < 1200; CV bound outside [0, 0.33]; proportion CV unassessed or > 0.33",,5.7083531447665,1.071334883027063,10
Volleyball,55-64,Knee,18,,56.74659147318137,0.7256674396055784,,False,"n < 20; estimate < 1200; CV bound outside [0, 0.33]; proportion CV unassessed or > 0.33",,6.8562629831491195,0.7553561710863815,10
Volleyball,55-64,Lower leg,8,,32.50187666666667,0.9039259175824763,,False,"n < 20; estimate < 1200; CV bound outside [0, 0.33]; proportion CV unassessed or > 0.33",,3.97777527765494,0.953083833308341,10
Volleyball,55-64,Ankle,13,,49.13822297926136,0.8240357306238338,,False,"n < 20; estimate < 1200; CV bound outside [0, 0.33]; proportion CV unassessed or > 0.33",,6.120326691395896,0.8842349140634669,10
Volleyball,55-64,Foot/toes,10,,36.03665209631944,0.8918852948833214,,False,"n < 20; estimate < 1200; CV bound outside [0, 0.33]; proportion CV unassessed or > 0.33",,4.593624745722001,0.9794596264623777,10
Volleyball,55-64,Multiple/systemic,2,,10.1995,1.0,,False,"n < 20; estimate < 1200; CV bound outside [0, 0.33]; proportion CV unassessed or > 0.33",,1.4691068088271098,1.240911893624694,10
Volleyball,55-64,Internal/systemic,1,,10.806560000000005,1.0000000000000004,,False,"n < 20; estimate < 1200; CV bound outside [0, 0.33]; proportion CV unassessed or > 0.33",,1.5847333228316365,1.263383436687736,10
Volleyball,55-64,Not stated/other,0,,0.0,,,False,CV unassessed; proportion CV unassessed or > 0.33,,0.0,,10
Volleyball,65-74,Head/face,17,,58.47194681597534,0.7266047378963554,,False,"n < 20; estimate < 1200; CV bound outside [0, 0.33]; proportion CV unassessed or > 0.33",,11.275816029430567,0.6775648703501239,10
Volleyball,65-74,Neck,1,,5.181709999999998,0.9999999999999996,,False,"n < 20; estimate < 1200; CV bound outside [0, 0.33]; proportion CV unassessed or > 0.33",,1.4677849818949409,1.3697508045800135,10
Volleyball,65-74,Shoulder/upper arm,10,,53.94955381066107,0.8713412258711355,,False,"n < 20; estimate < 1200; CV bound outside [0, 0.33]; proportion CV unassessed or > 0.33",,11.905054105306242,0.92978814953597,10
Volleyball,65-74,Elbow/forearm,3,,10.457680000000002,1.0000000000000002,,False,"n < 20; estimate < 1200; CV bound outside [0, 0.33]; proportion CV unassessed or > 0.33",,2.7636231779957035,1.2778965742416875,10
Volleyball,65-74,Wrist/hand,21,,76.83002956847874,0.7802533874538872,,False,"estimate < 1200; CV bound outside [0, 0.33]; proportion CV unassessed or > 0.33",,12.969554043507877,0.6369156696263957,10
Volleyball,65-74,Trunk/spine,17,,80.08853960860066,0.6611558576315415,,False,"n < 20; estimate < 1200; CV bound outside [0, 0.33]; proportion CV unassessed or > 0.33",,13.612492600345336,0.5434046622271257,10
Volleyball,65-74,Hip/thigh,0,,0.0,,,False,CV unassessed; proportion CV unassessed or > 0.33,,0.0,,10
Volleyball,65-74,Knee,3,,14.895980000000003,1.0,,False,"n < 20; estimate < 1200; CV bound outside [0, 0.33]; proportion CV unassessed or > 0.33",,3.893605493773622,1.263965131755376,10
Volleyball,65-74,Lower leg,5,,16.70476235670755,0.7484276235643382,,False,"n < 20; estimate < 1200; CV bound outside [0, 0.33]; proportion CV unassessed or > 0.33",,4.621548560860272,1.001265507499891,10
Volleyball,65-74,Ankle,3,,20.962970000000002,1.0,,False,"n < 20; estimate < 1200; CV bound outside [0, 0.33]; proportion CV unassessed or > 0.33",,5.4961736967754256,1.2678266151658268,10
Volleyball,65-74,Foot/toes,5,,24.62710566473611,0.9456019413702476,,False,"n < 20; estimate < 1200; CV bound outside [0, 0.33]; proportion CV unassessed or > 0.33",,6.017076478965578,1.117204666253865,10
Volleyball,65-74,Multiple/systemic,5,,20.708945144730937,0.9539103400548485,,False,"n < 20; estimate < 1200; CV bound outside [0, 0.33]; proportion CV unassessed or > 0.33",,5.324599602758555,1.1860111231478088,10
Volleyball,65-74,Internal/systemic,0,,0.0,,,False,CV unassessed; proportion CV unassessed or > 0.33,,0.0,,10
Volleyball,65-74,Not stated/other,0,,0.0,,,False,CV unassessed; proportion CV unassessed or > 0.33,,0.0,,10
Volleyball,75+,Head/face,21,,82.87050127092775,0.7257551242488213,,False,"estimate < 1200; CV bound outside [0, 0.33]; proportion CV unassessed or > 0.33",,24.00025730209227,0.5598261326079185,10
Volleyball,75+,Neck,1,,5.0929800000000025,1.0000000000000004,,False,"n < 20; estimate < 1200; CV bound outside [0, 0.33]; proportion CV unassessed or > 0.33",,2.7567203403108658,1.4416766503269898,10
Volleyball,75+,Shoulder/upper arm,6,,25.83873915810791,0.9457346952275368,,False,"n < 20; estimate < 1200; CV bound outside [0, 0.33]; proportion CV unassessed or > 0.33",,10.280165744912564,1.002178878484955,10
Volleyball,75+,Elbow/forearm,0,,0.0,,,False,CV unassessed; proportion CV unassessed or > 0.33,,0.0,,10
Volleyball,75+,Wrist/hand,10,,34.34485152829221,0.8757431616974424,,False,"n < 20; estimate < 1200; CV bound outside [0, 0.33]; proportion CV unassessed or > 0.33",,13.965400169469161,0.9484525768097343,10
Volleyball,75+,Trunk/spine,10,,35.5426746282448,0.8549802490909555,,False,"n < 20; estimate < 1200; CV bound outside [0, 0.33]; proportion CV unassessed or > 0.33",,14.511552707731992,0.9297517073527473,10
Volleyball,75+,Hip/thigh,0,,0.0,,,False,CV unassessed; proportion CV unassessed or > 0.33,,0.0,,10
Volleyball,75+,Knee,2,,9.21696,1.0,,False,"n < 20; estimate < 1200; CV bound outside [0, 0.33]; proportion CV unassessed or > 0.33",,4.5359110765070545,1.310762336401343,10
Volleyball,75+,Lower leg,2,,6.646749999999999,0.9999999999999998,,False,"n < 20; estimate < 1200; CV bound outside [0, 0.33]; proportion CV unassessed or > 0.33",,3.5149537646160223,1.4085017701336782,10
Volleyball,75+,Ankle,1,,1.73778,1.0,,False,"n < 20; estimate < 1200; CV bound outside [0, 0.33]; proportion CV unassessed or > 0.33",,0.9371471025396448,1.4363493981881694,10
Volleyball,75+,Foot/toes,0,,0.0,,,False,CV unassessed; proportion CV unassessed or > 0.33,,0.0,,10
Volleyball,75+,Multiple/systemic,4,,21.356270000000002,1.0,,False,"n < 20; estimate < 1200; CV bound outside [0, 0.33]; proportion CV unassessed or > 0.33",,9.891082177736886,1.2335749222777066,10
Volleyball,75+,Internal/systemic,0,,0.0,,,False,CV unassessed; proportion CV unassessed or > 0.33,,0.0,,10
Volleyball,75+,Not stated/other,0,,0.0,,,False,CV unassessed; proportion CV unassessed or > 0.33,,0.0,,10
Snow sports,0-4,Head/face,19,,59.77751328271199,0.6457632182547075,,False,"n < 20; estimate < 1200; CV bound outside [0, 0.33]; proportion CV unassessed or > 0.33",,22.266555295283403,0.5727603100036136,10
Snow sports,0-4,Neck,1,,0.75201,0.9999999999999999,,False,"n < 20; estimate < 1200; CV bound outside [0, 0.33]; proportion CV unassessed or > 0.33",,0.48212621774868175,1.5265869764719704,10
Snow sports,0-4,Shoulder/upper arm,4,,6.346197940404546,0.9469817116174807,,False,"n < 20; estimate < 1200; CV bound outside [0, 0.33]; proportion CV unassessed or > 0.33",,3.9785107270149873,1.413620815145032,10
Snow sports,0-4,Elbow/forearm,4,,7.341589999999999,1.0,,False,"n < 20; estimate < 1200; CV bound outside [0, 0.33]; proportion CV unassessed or > 0.33",,4.247205804059732,1.3775190028457784,10
Snow sports,0-4,Wrist/hand,0,,0.0,,,False,CV unassessed; proportion CV unassessed or > 0.33,,0.0,,10
Snow sports,0-4,Trunk/spine,1,,5.64501,1.0,,False,"n < 20; estimate < 1200; CV bound outside [0, 0.33]; proportion CV unassessed or > 0.33",,3.5711902042471086,1.506373565965054,10
Snow sports,0-4,Hip/thigh,3,,7.392840000000001,1.0,,False,"n < 20; estimate < 1200; CV bound outside [0, 0.33]; proportion CV unassessed or > 0.33",,4.5406447411384825,1.4624823620028582,10
Snow sports,0-4,Knee,5,,6.745311515748372,0.9558990939924087,,False,"n < 20; estimate < 1200; CV bound outside [0, 0.33]; proportion CV unassessed or > 0.33",,3.871192607432698,1.306288905694599,10
Snow sports,0-4,Lower leg,20,,94.12437785810846,0.9222896201396701,,False,"estimate < 1200; CV bound outside [0, 0.33]; proportion CV unassessed or > 0.33",,24.74560318685478,0.57736129539271,10
Snow sports,0-4,Ankle,1,,0.48516000000000004,1.0,,False,"n < 20; estimate < 1200; CV bound outside [0, 0.33]; proportion CV unassessed or > 0.33",,0.3292408319933506,1.6158949476838924,10
Snow sports,0-4,Foot/toes,1,,8.1152,1.0,,False,"n < 20; estimate < 1200; CV bound outside [0, 0.33]; proportion CV unassessed or > 0.33",,5.2587701986687625,1.5430122912930773,10
Snow sports,0-4,Multiple/systemic,0,,0.0,,,False,CV unassessed; proportion CV unassessed or > 0.33,,0.0,,10
Snow sports,0-4,Internal/systemic,0,,0.0,,,False,CV unassessed; proportion CV unassessed or > 0.33,,0.0,,10
Snow sports,0-4,Not stated/other,0,,0.0,,,False,CV unassessed; proportion CV unassessed or > 0.33,,0.0,,10
Snow sports,5-9,Head/face,156,,406.9229738669589,0.5971621852685499,,False,"estimate < 1200; CV bound outside [0, 0.33]",,8.171697736815215,0.2827405877162559,10
Snow sports,5-9,Neck,15,,30.68771105154143,0.8598856553016767,,False,"n < 20; estimate < 1200; CV bound outside [0, 0.33]; proportion CV unassessed or > 0.33",,1.4145832951592785,0.9345456198997723,10
Snow sports,5-9,Shoulder/upper arm,37,,130.0805603892828,0.7400290104531652,,False,"estimate < 1200; CV bound outside [0, 0.33]; proportion CV unassessed or > 0.33",,4.5399216193495215,0.6089483727802669,10
Snow sports,5-9,Elbow/forearm,50,,122.9441167896775,0.6816758417196457,,False,"estimate < 1200; CV bound outside [0, 0.33]; proportion CV unassessed or > 0.33",,4.4590931824856055,0.5829247203541916,10
Snow sports,5-9,Wrist/hand,46,,111.26617417230045,0.6391221832726803,,False,"estimate < 1200; CV bound outside [0, 0.33]; proportion CV unassessed or > 0.33",,4.635042248055906,0.6277261295510026,10
Snow sports,5-9,Trunk/spine,54,,146.2262737854589,0.6346204212430608,,False,"estimate < 1200; CV bound outside [0, 0.33]; proportion CV unassessed or > 0.33",,4.898983546089944,0.5012915499902044,10
Snow sports,5-9,Hip/thigh,37,,135.25371207160123,0.8109657066651231,,False,"estimate < 1200; CV bound outside [0, 0.33]; proportion CV unassessed or > 0.33",,4.442756197290978,0.6280606018809501,10
Snow sports,5-9,Knee,52,,145.7248741734374,0.6751463023190186,,False,"estimate < 1200; CV bound outside [0, 0.33]; proportion CV unassessed or > 0.33",,3.9150406729125766,0.42765766074877365,10
Snow sports,5-9,Lower leg,112,,224.68153105089354,0.5718919250008445,,False,"estimate < 1200; CV bound outside [0, 0.33]; proportion CV unassessed or > 0.33",,5.902222596606442,0.3542076589942749,10
Snow sports,5-9,Ankle,16,,53.69372869075395,0.8623352789924876,,False,"n < 20; estimate < 1200; CV bound outside [0, 0.33]; proportion CV unassessed or > 0.33",,2.594341903136419,0.9823710907831021,10
Snow sports,5-9,Foot/toes,4,,14.84614,0.9999999999999998,,False,"n < 20; estimate < 1200; CV bound outside [0, 0.33]; proportion CV unassessed or > 0.33",,0.8643097894206992,1.3726242071517694,10
Snow sports,5-9,Multiple/systemic,0,,0.0,,,False,CV unassessed; proportion CV unassessed or > 0.33,,0.0,,10
Snow sports,5-9,Internal/systemic,0,,0.0,,,False,CV unassessed; proportion CV unassessed or > 0.33,,0.0,,10
Snow sports,5-9,Not stated/other,4,,27.373660000000008,1.0000000000000004,,False,"n < 20; estimate < 1200; CV bound outside [0, 0.33]; proportion CV unassessed or > 0.33",,1.3828225904619935,1.1910482914301261,10
Snow sports,10-14,Head/face,530,,880.5561222666723,0.38649982432460644,,False,"CV bound outside [0, 0.33]",,2.967985213194354,0.1357332578946819,10
Snow sports,10-14,Neck,42,,94.97796852362569,0.6431379010708812,,False,"estimate < 1200; CV bound outside [0, 0.33]; proportion CV unassessed or > 0.33",,0.7000034949356809,0.4938712174640297,10
Snow sports,10-14,Shoulder/upper arm,287,,579.2917310861295,0.4324004346176276,,False,"CV bound outside [0, 0.33]",,2.8020963325304136,0.21792353473673973,10
Snow sports,10-14,Elbow/forearm,330,,512.9769234645794,0.4384226479881494,,False,"estimate < 1200; CV bound outside [0, 0.33]",,3.179806044335319,0.2831574960093231,10
Snow sports,10-14,Wrist/hand,516,,931.2871571816904,0.3985384461927957,,False,"CV bound outside [0, 0.33]",,3.5141364664274097,0.15668864050774695,10
Snow sports,10-14,Trunk/spine,189,,404.501447233538,0.48472244470734294,,False,"estimate < 1200; CV bound outside [0, 0.33]",,1.6560175825808074,0.20676178558386685,10
Snow sports,10-14,Hip/thigh,59,,161.75896822285645,0.6229552391052959,,False,"estimate < 1200; CV bound outside [0, 0.33]; proportion CV unassessed or > 0.33",,1.1851747777666812,0.4755576315382564,10
Snow sports,10-14,Knee,190,,312.45117339434694,0.44846526046317686,,False,"estimate < 1200; CV bound outside [0, 0.33]",,1.8119783544451984,0.2709766894653169,10
Snow sports,10-14,Lower leg,179,,422.06719863330454,0.5355364535528696,,False,"estimate < 1200; CV bound outside [0, 0.33]",,1.9672452180642965,0.2600747652481845,10
Snow sports,10-14,Ankle,79,,189.24740597916565,0.45439973375572074,,False,"estimate < 1200; CV bound outside [0, 0.33]; proportion CV unassessed or > 0.33",,1.6833052274151419,0.42111749618135047,10
Snow sports,10-14,Foot/toes,22,,78.62696456861704,0.6902658795472201,,False,"estimate < 1200; CV bound outside [0, 0.33]; proportion CV unassessed or > 0.33",,0.829940344625468,0.7591438074771912,10
Snow sports,10-14,Multiple/systemic,2,,11.760150000000007,1.0000000000000007,,False,"n < 20; estimate < 1200; CV bound outside [0, 0.33]; proportion CV unassessed or > 0.33",,0.14750764995981963,1.3068747385679766,10
Snow sports,10-14,Internal/systemic,0,,0.0,,,False,CV unassessed; proportion CV unassessed or > 0.33,,0.0,,10
Snow sports,10-14,Not stated/other,6,,25.52512,1.0,,False,"n < 20; estimate < 1200; CV bound outside [0, 0.33]; proportion CV unassessed or > 0.33",,0.2842891936838264,1.160445742915776,10
Snow sports,15-17,Head/face,417,,620.4800700056505,0.33228323816472344,,False,"CV bound outside [0, 0.33]",,4.153579665567256,0.15110795664615523,10
Snow sports,15-17,Neck,30,,76.14878406386953,0.6717592748930441,,False,"estimate < 1200; CV bound outside [0, 0.33]; proportion CV unassessed or > 0.33",,1.2971945531369555,0.7773918896031695,10
Snow sports,15-17,Shoulder/upper arm,239,,429.5494688065966,0.39037419278559665,,False,"estimate < 1200; CV bound outside [0, 0.33]",,3.3948274677157038,0.20958963959167193,10
Snow sports,15-17,Elbow/forearm,115,,217.9803140093473,0.48415328471110025,,False,"estimate < 1200; CV bound outside [0, 0.33]; proportion CV unassessed or > 0.33",,2.6168372397253625,0.3948448800072934,10
Snow sports,15-17,Wrist/hand,267,,441.8149115733043,0.3464683686885163,,False,"CV bound outside [0, 0.33]",,4.063530079594692,0.21647656655085917,10
Snow sports,15-17,Trunk/spine,153,,258.86113177014056,0.40332277520713566,,False,"estimate < 1200; CV bound outside [0, 0.33]",,2.992784362785581,0.316771074525398,10
Snow sports,15-17,Hip/thigh,17,,60.69927627370835,0.8144012036873673,,False,"n < 20; estimate < 1200; CV bound outside [0, 0.33]; proportion CV unassessed or > 0.33",,0.8586345795751644,0.7826137235193253,10
Snow sports,15-17,Knee,143,,350.2361550848388,0.4758733672242463,,False,"estimate < 1200; CV bound outside [0, 0.33]",,3.28430274959379,0.3031501570847808,10
Snow sports,15-17,Lower leg,42,,116.36900583533966,0.6435013732257437,,False,"estimate < 1200; CV bound outside [0, 0.33]; proportion CV unassessed or > 0.33",,1.4658139874631622,0.5506494453454442,10
Snow sports,15-17,Ankle,42,,124.4298241282327,0.5223378744912737,,False,"estimate < 1200; CV bound outside [0, 0.33]; proportion CV unassessed or > 0.33",,1.7662370745035774,0.5036863915742462,10
Snow sports,15-17,Foot/toes,13,,50.647463827573965,0.7555186776489224,,False,"n < 20; estimate < 1200; CV bound outside [0, 0.33]; proportion CV unassessed or > 0.33",,0.8574506496785835,0.8689220669661056,10
Snow sports,15-17,Multiple/systemic,3,,22.375,1.0,,False,"n < 20; estimate < 1200; CV bound outside [0, 0.33]; proportion CV unassessed or > 0.33",,0.38213132072124184,1.1602024597509195,10
Snow sports,15-17,Internal/systemic,0,,0.0,,,False,CV unassessed; proportion CV unassessed or > 0.33,,0.0,,10
Snow sports,15-17,Not stated/other,4,,25.38921246781531,0.9731873571342445,,False,"n < 20; estimate < 1200; CV bound outside [0, 0.33]; proportion CV unassessed or > 0.33",,0.4563942339471858,1.1884244216270736,10
Snow sports,18-24,Head/face,656,3300.0,878.356072012584,0.267368856722108,3300.0,True,passes conservative screen,22.4,2.7479204837241755,0.12265729105363193,10
Snow sports,18-24,Neck,66,,135.3094272637677,0.4691731130031949,,False,"estimate < 1200; CV bound outside [0, 0.33]; proportion CV unassessed or > 0.33",,0.8815876137230508,0.44824921349603086,10
Snow sports,18-24,Shoulder/upper arm,602,3300.0,994.9903199974048,0.30203752550645346,3300.0,True,passes conservative screen,22.5,3.2668928362793386,0.1454206002103904,10
Snow sports,18-24,Elbow/forearm,149,,312.59525493384945,0.3912632309576792,,False,"estimate < 1200; CV bound outside [0, 0.33]",,1.408126165879345,0.2584504070681797,10
Snow sports,18-24,Wrist/hand,401,2000.0,600.5856580793776,0.2957170803683177,2000.0,True,passes conservative screen,13.8,2.3018828463216296,0.16620101262509618,10
Snow sports,18-24,Trunk/spine,331,1700.0,535.947471549728,0.31601100655680864,1700.0,True,passes conservative screen,11.6,2.4551469181830097,0.21227872228976355,10
Snow sports,18-24,Hip/thigh,33,,130.62164991003172,0.6515504575611756,,False,"estimate < 1200; CV bound outside [0, 0.33]; proportion CV unassessed or > 0.33",,0.7060540807198478,0.5164399765244132,10
Snow sports,18-24,Knee,395,,651.1844218403243,0.3377211677776634,,False,"CV bound outside [0, 0.33]",,2.6559266879120496,0.20198511182443224,10
Snow sports,18-24,Lower leg,98,,209.45044295353665,0.4353772050728657,,False,"estimate < 1200; CV bound outside [0, 0.33]",,0.9808792039172367,0.29898467417810476,10
Snow sports,18-24,Ankle,88,,196.5161750936116,0.4158474812511319,,False,"estimate < 1200; CV bound outside [0, 0.33]; proportion CV unassessed or > 0.33",,1.2194672347133622,0.3784032911248627,10
Snow sports,18-24,Foot/toes,28,,91.01342617823406,0.6281801322975417,,False,"estimate < 1200; CV bound outside [0, 0.33]; proportion CV unassessed or > 0.33",,0.615112413686064,0.6225614444145364,10
Snow sports,18-24,Multiple/systemic,4,,26.976840000000017,1.0000000000000004,,False,"n < 20; estimate < 1200; CV bound outside [0, 0.33]; proportion CV unassessed or > 0.33",,0.20516631974223085,1.1152288310617127,10
Snow sports,18-24,Internal/systemic,0,,0.0,,,False,CV unassessed; proportion CV unassessed or > 0.33,,0.0,,10
Snow sports,18-24,Not stated/other,4,,13.780811981405657,0.8602985010840907,,False,"n < 20; estimate < 1200; CV bound outside [0, 0.33]; proportion CV unassessed or > 0.33",,0.11150419359795603,1.0207386423635953,10
Snow sports,25-34,Head/face,400,1900.0,562.2831337692131,0.30110418896536256,1900.0,True,passes conservative screen,19.3,2.909303355304997,0.15084836421931994,10
Snow sports,25-34,Neck,44,,105.83128970028471,0.5558476699734975,,False,"estimate < 1200; CV bound outside [0, 0.33]; proportion CV unassessed or > 0.33",,1.0799444255691277,0.5492030802745718,10
Snow sports,25-34,Shoulder/upper arm,377,1900.0,571.164718421621,0.3084636615227521,1900.0,True,passes conservative screen,19.1,3.309065223837305,0.17303653928575224,10
Snow sports,25-34,Elbow/forearm,74,,163.1262628411436,0.46822348684728743,,False,"estimate < 1200; CV bound outside [0, 0.33]; proportion CV unassessed or > 0.33",,1.4658322204949474,0.4073834935286491,10
Snow sports,25-34,Wrist/hand,241,,372.3436480171229,0.3161880576982465,,False,estimate < 1200,,2.654210030076159,0.21823613207543638,10
Snow sports,25-34,Trunk/spine,328,1500.0,416.0637182879629,0.279164720191039,1500.0,True,passes conservative screen,15.4,3.0096579093950804,0.19552742369564544,10
Snow sports,25-34,Hip/thigh,44,,107.52843236274055,0.5789380440726204,,False,"estimate < 1200; CV bound outside [0, 0.33]; proportion CV unassessed or > 0.33",,1.0200239894735914,0.5317518597322093,10
Snow sports,25-34,Knee,336,,523.89790292908,0.3396455158457294,,False,"CV bound outside [0, 0.33]",,3.1563698379469414,0.1981330688176205,10
Snow sports,25-34,Lower leg,101,,193.7378300200943,0.42880309326906907,,False,"estimate < 1200; CV bound outside [0, 0.33]",,1.3987319193574486,0.29975595569034635,10
Snow sports,25-34,Ankle,89,,174.21163621419066,0.41802878570434804,,False,"estimate < 1200; CV bound outside [0, 0.33]; proportion CV unassessed or > 0.33",,1.5676149109506703,0.36421537156131234,10
Snow sports,25-34,Foot/toes,24,,72.57943146434113,0.6842812305160625,,False,"estimate < 1200; CV bound outside [0, 0.33]; proportion CV unassessed or > 0.33",,0.7634695137948343,0.6969516041896763,10
Snow sports,25-34,Multiple/systemic,4,,23.970031852132387,0.9220704147015752,,False,"n < 20; estimate < 1200; CV bound outside [0, 0.33]; proportion CV unassessed or > 0.33",,0.2818515394434731,1.0497980074152558,10
Snow sports,25-34,Internal/systemic,0,,0.0,,,False,CV unassessed; proportion CV unassessed or > 0.33,,0.0,,10
Snow sports,25-34,Not stated/other,7,,25.034965580969413,0.8976976660893357,,False,"n < 20; estimate < 1200; CV bound outside [0, 0.33]; proportion CV unassessed or > 0.33",,0.28642426691002604,0.994449569420849,10
Snow sports,35-44,Head/face,174,,381.058816551194,0.4103988191031798,,False,"estimate < 1200; CV bound outside [0, 0.33]",,3.7679573903534216,0.24374391467944123,10
Snow sports,35-44,Neck,18,,72.902712468921,0.754229320312802,,False,"n < 20; estimate < 1200; CV bound outside [0, 0.33]; proportion CV unassessed or > 0.33",,1.2491184936478135,0.776206138963504,10
Snow sports,35-44,Shoulder/upper arm,189,,454.7246338528157,0.4426758903235082,,False,"estimate < 1200; CV bound outside [0, 0.33]",,4.0487439984582,0.2367398758754365,10
Snow sports,35-44,Elbow/forearm,47,,122.70363702660924,0.5442390567131262,,False,"estimate < 1200; CV bound outside [0, 0.33]; proportion CV unassessed or > 0.33",,1.9677299754006026,0.5242174600066347,10
Snow sports,35-44,Wrist/hand,118,,314.25970099283353,0.48152292456095397,,False,"estimate < 1200; CV bound outside [0, 0.33]",,3.416499679597431,0.31442956164197855,10
Snow sports,35-44,Trunk/spine,188,,352.28988437329906,0.35905485484619915,,False,"estimate < 1200; CV bound outside [0, 0.33]",,3.792553680077833,0.23216998727518626,10
Snow sports,35-44,Hip/thigh,21,,100.07379442680497,0.7531243044987666,,False,"estimate < 1200; CV bound outside [0, 0.33]; proportion CV unassessed or > 0.33",,1.714555547008703,0.7750176029507279,10
Snow sports,35-44,Knee,222,,463.68951711798434,0.391829105375778,,False,"estimate < 1200; CV bound outside [0, 0.33]",,3.8072533192522275,0.19323905265676306,10
Snow sports,35-44,Lower leg,75,,228.8069408507914,0.5603939823711753,,False,"estimate < 1200; CV bound outside [0, 0.33]; proportion CV unassessed or > 0.33",,2.820065426200384,0.41485579734459316,10
Snow sports,35-44,Ankle,43,,131.35061399330604,0.5260971778184771,,False,"estimate < 1200; CV bound outside [0, 0.33]; proportion CV unassessed or > 0.33",,1.7106543393562859,0.4115379018430089,10
Snow sports,35-44,Foot/toes,14,,58.46614870550228,0.7914005586530101,,False,"n < 20; estimate < 1200; CV bound outside [0, 0.33]; proportion CV unassessed or > 0.33",,1.1041388227913511,0.8976959315510463,10
Snow sports,35-44,Multiple/systemic,5,,28.34873776768054,0.9303999574550522,,False,"n < 20; estimate < 1200; CV bound outside [0, 0.33]; proportion CV unassessed or > 0.33",,0.5447088806908685,1.07377706099537,10
Snow sports,35-44,Internal/systemic,0,,0.0,,,False,CV unassessed; proportion CV unassessed or > 0.33,,0.0,,10
Snow sports,35-44,Not stated/other,2,,11.42982074016911,0.7071079844550797,,False,"n < 20; estimate < 1200; CV bound outside [0, 0.33]; proportion CV unassessed or > 0.33",,0.25925091441310966,0.9633416329975114,10
Snow sports,45-54,Head/face,123,,268.06490637178274,0.4265735573406351,,False,"estimate < 1200; CV bound outside [0, 0.33]",,4.104026134949863,0.316227716632818,10
Snow sports,45-54,Neck,24,,105.62794794494599,0.8051386262903942,,False,"estimate < 1200; CV bound outside [0, 0.33]; proportion CV unassessed or > 0.33",,1.9323969316300447,0.7132208073374978,10
Snow sports,45-54,Shoulder/upper arm,136,,400.2836243434039,0.5164468729680493,,False,"estimate < 1200; CV bound outside [0, 0.33]",,4.265099637271582,0.2664543752549443,10
Snow sports,45-54,Elbow/forearm,20,,85.90456551011766,0.7887091272310965,,False,"estimate < 1200; CV bound outside [0, 0.33]; proportion CV unassessed or > 0.33",,1.5885318060258995,0.7062075915801672,10
Snow sports,45-54,Wrist/hand,92,,241.5901800375897,0.4765061857150848,,False,"estimate < 1200; CV bound outside [0, 0.33]",,3.315402447264953,0.31663678332877515,10
Snow sports,45-54,Trunk/spine,186,,441.5488072196605,0.4257537353322698,,False,"estimate < 1200; CV bound outside [0, 0.33]",,4.617686126084679,0.21559565625644067,10
Snow sports,45-54,Hip/thigh,26,,105.37197636265664,0.7024474361759886,,False,"estimate < 1200; CV bound outside [0, 0.33]; proportion CV unassessed or > 0.33",,1.894487081742515,0.6115277933807439,10
Snow sports,45-54,Knee,164,,390.2095786548351,0.4493676631530039,,False,"estimate < 1200; CV bound outside [0, 0.33]",,4.408177235306873,0.24580956848373045,10
Snow sports,45-54,Lower leg,90,,235.96423204674096,0.5152571600413861,,False,"estimate < 1200; CV bound outside [0, 0.33]; proportion CV unassessed or > 0.33",,3.313445891944511,0.35034311552359515,10
Snow sports,45-54,Ankle,19,,84.5065982797408,0.7227559455697006,,False,"n < 20; estimate < 1200; CV bound outside [0, 0.33]; proportion CV unassessed or > 0.33",,1.7099239533448753,0.7081311435268243,10
Snow sports,45-54,Foot/toes,9,,47.75961305112512,0.8014989133044212,,False,"n < 20; estimate < 1200; CV bound outside [0, 0.33]; proportion CV unassessed or > 0.33",,1.141801964075298,0.9278307677503498,10
Snow sports,45-54,Multiple/systemic,1,,1.5999199999999998,0.9999999999999999,,False,"n < 20; estimate < 1200; CV bound outside [0, 0.33]; proportion CV unassessed or > 0.33",,0.04507660871759156,1.364233825803574,10
Snow sports,45-54,Internal/systemic,0,,0.0,,,False,CV unassessed; proportion CV unassessed or > 0.33,,0.0,,10
Snow sports,45-54,Not stated/other,0,,0.0,,,False,CV unassessed; proportion CV unassessed or > 0.33,,0.0,,10
Snow sports,55-64,Head/face,104,,278.70806593132824,0.4786582163260736,,False,"estimate < 1200; CV bound outside [0, 0.33]",,4.379342596173517,0.3025445875353582,10
Snow sports,55-64,Neck,15,,53.01111868056552,0.8107431009613935,,False,"n < 20; estimate < 1200; CV bound outside [0, 0.33]; proportion CV unassessed or > 0.33",,1.357852460884415,0.8353593967383887,10
Snow sports,55-64,Shoulder/upper arm,103,,314.4538824640617,0.48957415695664486,,False,"estimate < 1200; CV bound outside [0, 0.33]",,5.153197163391568,0.32273254930568235,10
Snow sports,55-64,Elbow/forearm,15,,63.68449155385116,0.7354545090165486,,False,"n < 20; estimate < 1200; CV bound outside [0, 0.33]; proportion CV unassessed or > 0.33",,1.594029440587869,0.7404964030639669,10
Snow sports,55-64,Wrist/hand,60,,201.9615264915921,0.5366920458529468,,False,"estimate < 1200; CV bound outside [0, 0.33]; proportion CV unassessed or > 0.33",,3.520214092366959,0.3762964120236512,10
Snow sports,55-64,Trunk/spine,161,,401.53120462323,0.43796432704188026,,False,"estimate < 1200; CV bound outside [0, 0.33]",,5.6871264452769905,0.24952657551419438,10
Snow sports,55-64,Hip/thigh,28,,95.93059764873638,0.6000049514250224,,False,"estimate < 1200; CV bound outside [0, 0.33]; proportion CV unassessed or > 0.33",,2.1276978014762595,0.5353183306289724,10
Snow sports,55-64,Knee,97,,271.05953785988527,0.4864919601168618,,False,"estimate < 1200; CV bound outside [0, 0.33]",,4.085512436439944,0.29495923392795775,10
Snow sports,55-64,Lower leg,66,,178.4500924462085,0.5098050718570761,,False,"estimate < 1200; CV bound outside [0, 0.33]; proportion CV unassessed or > 0.33",,3.267967401039921,0.3755515649955357,10
Snow sports,55-64,Ankle,26,,95.36745748949625,0.6833138120447587,,False,"estimate < 1200; CV bound outside [0, 0.33]; proportion CV unassessed or > 0.33",,2.668525848353613,0.7691231699753797,10
Snow sports,55-64,Foot/toes,9,,45.93476237425589,0.809067848519309,,False,"n < 20; estimate < 1200; CV bound outside [0, 0.33]; proportion CV unassessed or > 0.33",,1.3108849320539169,0.9287792976914674,10
Snow sports,55-64,Multiple/systemic,3,,21.45979,1.0,,False,"n < 20; estimate < 1200; CV bound outside [0, 0.33]; proportion CV unassessed or > 0.33",,0.6912375070530474,1.2957055333172225,10
Snow sports,55-64,Internal/systemic,0,,0.0,,,False,CV unassessed; proportion CV unassessed or > 0.33,,0.0,,10
Snow sports,55-64,Not stated/other,9,,59.966053993900005,0.8816215316510021,,False,"n < 20; estimate < 1200; CV bound outside [0, 0.33]; proportion CV unassessed or > 0.33",,1.3853152087154306,0.8192751929644374,10
Snow sports,65-74,Head/face,78,,287.2334591111684,0.5888578624189492,,False,"estimate < 1200; CV bound outside [0, 0.33]",,5.163905087288048,0.2770361407709082,10
Snow sports,65-74,Neck,11,,57.51423215690139,0.8824731143515903,,False,"n < 20; estimate < 1200; CV bound outside [0, 0.33]; proportion CV unassessed or > 0.33",,2.208739567112438,0.8868565861146016,10
Snow sports,65-74,Shoulder/upper arm,65,,250.0464382445291,0.5963683814229714,,False,"estimate < 1200; CV bound outside [0, 0.33]; proportion CV unassessed or > 0.33",,6.579925828343004,0.41067442977455615,10
Snow sports,65-74,Elbow/forearm,8,,48.966588168963234,0.7855741430871834,,False,"n < 20; estimate < 1200; CV bound outside [0, 0.33]; proportion CV unassessed or > 0.33",,1.8279982502203436,0.7674424869394219,10
Snow sports,65-74,Wrist/hand,19,,83.99337106681288,0.6908300621879433,,False,"n < 20; estimate < 1200; CV bound outside [0, 0.33]; proportion CV unassessed or > 0.33",,3.0354465109866693,0.653328386236231,10
Snow sports,65-74,Trunk/spine,119,,367.4406406701237,0.5063478171148897,,False,"estimate < 1200; CV bound outside [0, 0.33]",,6.510850800456337,0.23479142054843435,10
Snow sports,65-74,Hip/thigh,16,,71.35711335884307,0.7088045646520584,,False,"n < 20; estimate < 1200; CV bound outside [0, 0.33]; proportion CV unassessed or > 0.33",,2.6597150844250237,0.6913645015385493,10
Snow sports,65-74,Knee,42,,192.28708249708424,0.6584254742825266,,False,"estimate < 1200; CV bound outside [0, 0.33]; proportion CV unassessed or > 0.33",,4.984440818889456,0.44663801706267625,10
Snow sports,65-74,Lower leg,34,,107.42209628095536,0.604601683671702,,False,"estimate < 1200; CV bound outside [0, 0.33]; proportion CV unassessed or > 0.33",,3.3925392281344466,0.4996700685057466,10
Snow sports,65-74,Ankle,11,,38.25205891332202,0.770713009445552,,False,"n < 20; estimate < 1200; CV bound outside [0, 0.33]; proportion CV unassessed or > 0.33",,1.538209336053799,0.8110283666739646,10
Snow sports,65-74,Foot/toes,4,,13.668020000000004,1.0000000000000002,,False,"n < 20; estimate < 1200; CV bound outside [0, 0.33]; proportion CV unassessed or > 0.33",,0.6643331559660276,1.2719295292043273,10
Snow sports,65-74,Multiple/systemic,12,,67.72843490512807,0.8663155222070344,,False,"n < 20; estimate < 1200; CV bound outside [0, 0.33]; proportion CV unassessed or > 0.33",,2.545254770970236,0.8519596841805994,10
Snow sports,65-74,Internal/systemic,1,,10.446340000000003,1.0000000000000002,,False,"n < 20; estimate < 1200; CV bound outside [0, 0.33]; proportion CV unassessed or > 0.33",,0.5182957017800585,1.2983631415109798,10
Snow sports,65-74,Not stated/other,2,,12.73946,1.0,,False,"n < 20; estimate < 1200; CV bound outside [0, 0.33]; proportion CV unassessed or > 0.33",,0.6186686818636542,1.270836968491789,10
Snow sports,75+,Head/face,25,,122.86990009398114,0.7934087682102935,,False,"estimate < 1200; CV bound outside [0, 0.33]; proportion CV unassessed or > 0.33",,10.966998194450706,0.5020535568904987,10
Snow sports,75+,Neck,4,,21.960849999999997,0.9999999999999999,,False,"n < 20; estimate < 1200; CV bound outside [0, 0.33]; proportion CV unassessed or > 0.33",,4.016332988497582,1.2965562187505226,10
Snow sports,75+,Shoulder/upper arm,10,,63.56323934056843,0.91216810333334,,False,"n < 20; estimate < 1200; CV bound outside [0, 0.33]; proportion CV unassessed or > 0.33",,8.424963521265518,0.8571319320113898,10
Snow sports,75+,Elbow/forearm,5,,25.3985674170551,0.8471014793779225,,False,"n < 20; estimate < 1200; CV bound outside [0, 0.33]; proportion CV unassessed or > 0.33",,4.2804816657307825,1.0121144977352527,10
Snow sports,75+,Wrist/hand,5,,27.405731845021045,0.8666372950197765,,False,"n < 20; estimate < 1200; CV bound outside [0, 0.33]; proportion CV unassessed or > 0.33",,4.61746650638233,1.035167218185441,10
Snow sports,75+,Trunk/spine,35,,144.48606277826545,0.6438176086096541,,False,"estimate < 1200; CV bound outside [0, 0.33]; proportion CV unassessed or > 0.33",,10.663812707054475,0.33686833370437436,10
Snow sports,75+,Hip/thigh,3,,20.395970000000002,1.0000000000000002,,False,"n < 20; estimate < 1200; CV bound outside [0, 0.33]; proportion CV unassessed or > 0.33",,3.4010717616437716,1.1821762137238816,10
Snow sports,75+,Knee,12,,64.08390789041388,0.8155994486437717,,False,"n < 20; estimate < 1200; CV bound outside [0, 0.33]; proportion CV unassessed or > 0.33",,8.50056000708258,0.7669839204617503,10
Snow sports,75+,Lower leg,4,,27.805109999999992,0.9999999999999996,,False,"n < 20; estimate < 1200; CV bound outside [0, 0.33]; proportion CV unassessed or > 0.33",,4.299559960548618,1.0962514431678396,10
Snow sports,75+,Ankle,4,,23.367249548685415,0.9422023497222218,,False,"n < 20; estimate < 1200; CV bound outside [0, 0.33]; proportion CV unassessed or > 0.33",,4.583956240562506,1.31035157558694,10
Snow sports,75+,Foot/toes,0,,0.0,,,False,CV unassessed; proportion CV unassessed or > 0.33,,0.0,,10
Snow sports,75+,Multiple/systemic,1,,1.4650400000000003,1.0000000000000002,,False,"n < 20; estimate < 1200; CV bound outside [0, 0.33]; proportion CV unassessed or > 0.33",,0.32168139543671287,1.5566366356022738,10
Snow sports,75+,Internal/systemic,0,,0.0,,,False,CV unassessed; proportion CV unassessed or > 0.33,,0.0,,10
Snow sports,75+,Not stated/other,3,,19.394794851753044,0.8299741676849293,,False,"n < 20; estimate < 1200; CV bound outside [0, 0.33]; proportion CV unassessed or > 0.33",,3.5648037114156614,1.081498178574896,10
Hockey,0-4,Head/face,51,,93.85027148632248,0.5512087057852166,,False,"estimate < 1200; CV bound outside [0, 0.33]",,17.342232339006415,0.21145600260667854,10
Hockey,0-4,Neck,2,,6.038000000000001,1.0000000000000002,,False,"n < 20; estimate < 1200; CV bound outside [0, 0.33]; proportion CV unassessed or > 0.33",,4.1723978958280385,1.4345876632174985,10
Hockey,0-4,Shoulder/upper arm,0,,0.0,,,False,CV unassessed; proportion CV unassessed or > 0.33,,0.0,,10
Hockey,0-4,Elbow/forearm,2,,3.086640000000001,1.0000000000000004,,False,"n < 20; estimate < 1200; CV bound outside [0, 0.33]; proportion CV unassessed or > 0.33",,2.070320805186044,1.392470968271546,10
Hockey,0-4,Wrist/hand,6,,20.357930000000003,1.0000000000000002,,False,"n < 20; estimate < 1200; CV bound outside [0, 0.33]; proportion CV unassessed or > 0.33",,12.104148463780403,1.2343408667910112,10
Hockey,0-4,Trunk/spine,1,,0.45055999999999996,0.9999999999999998,,False,"n < 20; estimate < 1200; CV bound outside [0, 0.33]; proportion CV unassessed or > 0.33",,0.31850106999967964,1.4675494544695975,10
Hockey,0-4,Hip/thigh,0,,0.0,,,False,CV unassessed; proportion CV unassessed or > 0.33,,0.0,,10
Hockey,0-4,Knee,0,,0.0,,,False,CV unassessed; proportion CV unassessed or > 0.33,,0.0,,10
Hockey,0-4,Lower leg,3,,1.7753299999999999,1.0,,False,"n < 20; estimate < 1200; CV bound outside [0, 0.33]; proportion CV unassessed or > 0.33",,1.171710721970335,1.3701742290988348,10
Hockey,0-4,Ankle,0,,0.0,,,False,CV unassessed; proportion CV unassessed or > 0.33,,0.0,,10
Hockey,0-4,Foot/toes,2,,5.63227,1.0,,False,"n < 20; estimate < 1200; CV bound outside [0, 0.33]; proportion CV unassessed or > 0.33",,3.771564575659177,1.3901848933770007,10
Hockey,0-4,Multiple/systemic,0,,0.0,,,False,CV unassessed; proportion CV unassessed or > 0.33,,0.0,,10
Hockey,0-4,Internal/systemic,0,,0.0,,,False,CV unassessed; proportion CV unassessed or > 0.33,,0.0,,10
Hockey,0-4,Not stated/other,0,,0.0,,,False,CV unassessed; proportion CV unassessed or > 0.33,,0.0,,10
Hockey,5-9,Head/face,514,1200.0,355.04386862785594,0.29127121561694835,1200.0,True,passes conservative screen,60.9,7.280589850449289,0.11946061501427585,10
Hockey,5-9,Neck,21,,24.65154528710968,0.7394310813077145,,False,"estimate < 1200; CV bound outside [0, 0.33]; proportion CV unassessed or > 0.33",,1.31585660200882,0.7894138585458761,10
Hockey,5-9,Shoulder/upper arm,25,,61.361894489229215,0.7209639103756406,,False,"estimate < 1200; CV bound outside [0, 0.33]; proportion CV unassessed or > 0.33",,2.9892117509763407,0.7024478312230892,10
Hockey,5-9,Elbow/forearm,49,,64.45696544915916,0.6613416083501557,,False,"estimate < 1200; CV bound outside [0, 0.33]; proportion CV unassessed or > 0.33",,3.061856904641568,0.6283238005557797,10
Hockey,5-9,Wrist/hand,75,,74.3619329994932,0.5602709859917301,,False,"estimate < 1200; CV bound outside [0, 0.33]; proportion CV unassessed or > 0.33",,3.447680407410245,0.5195377297489525,10
Hockey,5-9,Trunk/spine,43,,69.6912568659386,0.6162164379949125,,False,"estimate < 1200; CV bound outside [0, 0.33]; proportion CV unassessed or > 0.33",,3.3886095357825483,0.5992653125005316,10
Hockey,5-9,Hip/thigh,27,,48.29655681976192,0.7125303908465319,,False,"estimate < 1200; CV bound outside [0, 0.33]; proportion CV unassessed or > 0.33",,2.5446145180185944,0.7508476959815655,10
Hockey,5-9,Knee,39,,74.4585021974383,0.6850883842283916,,False,"estimate < 1200; CV bound outside [0, 0.33]; proportion CV unassessed or > 0.33",,3.736232583457746,0.6875572106245854,10
Hockey,5-9,Lower leg,38,,43.34232884298263,0.6183379251038503,,False,"estimate < 1200; CV bound outside [0, 0.33]; proportion CV unassessed or > 0.33",,2.344720875367376,0.6690328163144674,10
Hockey,5-9,Ankle,18,,43.71847295119548,0.8717780117063114,,False,"n < 20; estimate < 1200; CV bound outside [0, 0.33]; proportion CV unassessed or > 0.33",,2.2156550669291732,0.8836610373344477,10
Hockey,5-9,Foot/toes,12,,13.514374991320881,0.9758073069664874,,False,"n < 20; estimate < 1200; CV bound outside [0, 0.33]; proportion CV unassessed or > 0.33",,0.7119543221810897,1.0281651056141976,10
Hockey,5-9,Multiple/systemic,2,,8.819260000000005,1.0000000000000007,,False,"n < 20; estimate < 1200; CV bound outside [0, 0.33]; proportion CV unassessed or > 0.33",,0.5294551660262382,1.2007142728007063,10
Hockey,5-9,Internal/systemic,0,,0.0,,,False,CV unassessed; proportion CV unassessed or > 0.33,,0.0,,10
Hockey,5-9,Not stated/other,0,,0.0,,,False,CV unassessed; proportion CV unassessed or > 0.33,,0.0,,10
Hockey,10-14,Head/face,1343,3100.0,806.2666520172311,0.2578616580315464,3100.0,True,passes conservative screen,30.5,3.3233144843064326,0.1088258335138428,10
Hockey,10-14,Neck,133,,153.46711670863607,0.4595383829964791,,False,"estimate < 1200; CV bound outside [0, 0.33]; proportion CV unassessed or > 0.33",,1.1811178870880574,0.3621197341135886,10
Hockey,10-14,Shoulder/upper arm,442,,425.3024840058877,0.34670110365320783,,False,"CV bound outside [0, 0.33]",,2.473735695391608,0.20647291492342792,10
Hockey,10-14,Elbow/forearm,340,,271.7206512078323,0.36116694659895554,,False,"estimate < 1200; CV bound outside [0, 0.33]",,1.7401657805996225,0.2368255002393923,10
Hockey,10-14,Wrist/hand,730,1900.0,547.1102234912244,0.28567090026644243,1900.0,True,passes conservative screen,18.7,2.641850220599827,0.14123809563792103,10
Hockey,10-14,Trunk/spine,326,,305.75177872747236,0.3482462010204931,,False,"estimate < 1200; CV bound outside [0, 0.33]",,1.9713335304989377,0.22989524695576835,10
Hockey,10-14,Hip/thigh,79,,114.78907003696699,0.5548661660905773,,False,"estimate < 1200; CV bound outside [0, 0.33]; proportion CV unassessed or > 0.33",,1.0405183691460596,0.5149795058510338,10
Hockey,10-14,Knee,255,,229.7372321321521,0.3749534050756612,,False,"estimate < 1200; CV bound outside [0, 0.33]",,1.6759124078158378,0.2800591214854484,10
Hockey,10-14,Lower leg,105,,137.84096041902185,0.4801312104012396,,False,"estimate < 1200; CV bound outside [0, 0.33]; proportion CV unassessed or > 0.33",,1.1561556844844323,0.4123352412133338,10
Hockey,10-14,Ankle,195,,247.52887095764012,0.38439999311366024,,False,"estimate < 1200; CV bound outside [0, 0.33]",,1.8355523298586596,0.2918614722925691,10
Hockey,10-14,Foot/toes,64,,116.22683797630923,0.6255866237205845,,False,"estimate < 1200; CV bound outside [0, 0.33]; proportion CV unassessed or > 0.33",,1.0155323962916774,0.5596639095881264,10
Hockey,10-14,Multiple/systemic,14,,31.561636714101052,0.7809850569896778,,False,"n < 20; estimate < 1200; CV bound outside [0, 0.33]; proportion CV unassessed or > 0.33",,0.3395014850376212,0.8601562994977386,10
Hockey,10-14,Internal/systemic,1,,5.181709999999998,0.9999999999999996,,False,"n < 20; estimate < 1200; CV bound outside [0, 0.33]; proportion CV unassessed or > 0.33",,0.06189025419783521,1.2229301471329772,10
Hockey,10-14,Not stated/other,6,,22.814692573663756,0.9513947127205359,,False,"n < 20; estimate < 1200; CV bound outside [0, 0.33]; proportion CV unassessed or > 0.33",,0.260387064433233,1.111777821593846,10
Hockey,15-17,Head/face,1072,2700.0,797.5966989337049,0.29606891861631046,2700.0,True,passes conservative screen,30.3,3.8227695155021753,0.12601039991962326,10
Hockey,15-17,Neck,98,,81.9788040103962,0.4548730246561989,,False,"estimate < 1200; CV bound outside [0, 0.33]; proportion CV unassessed or > 0.33",,0.7736753254213546,0.3812116435015764,10
Hockey,15-17,Shoulder/upper arm,486,,504.3077542054033,0.36212710911681606,,False,"CV bound outside [0, 0.33]",,2.9856853868031803,0.19038303264447876,10
Hockey,15-17,Elbow/forearm,210,,197.23693747275948,0.3848540477732177,,False,"estimate < 1200; CV bound outside [0, 0.33]",,1.8240947896830702,0.3160632613914381,10
Hockey,15-17,Wrist/hand,476,1500.0,431.0636533894118,0.2971760752146587,1500.0,True,passes conservative screen,16.3,2.7236965847445536,0.16674390566105138,10
Hockey,15-17,Trunk/spine,304,,305.5601312059342,0.3541893803599177,,False,"estimate < 1200; CV bound outside [0, 0.33]",,2.1622827649934324,0.22257180133458807,10
Hockey,15-17,Hip/thigh,65,,98.90329633201355,0.4805165829637603,,False,"estimate < 1200; CV bound outside [0, 0.33]; proportion CV unassessed or > 0.33",,1.1143998781533466,0.4807922691411053,10
Hockey,15-17,Knee,210,,214.59979504267568,0.3282172761330457,,False,estimate < 1200,,2.0417795886476893,0.27730633960089685,10
Hockey,15-17,Lower leg,80,,96.15895226159716,0.5002388971692868,,False,"estimate < 1200; CV bound outside [0, 0.33]; proportion CV unassessed or > 0.33",,1.02328831975045,0.47272063322086194,10
Hockey,15-17,Ankle,184,,216.82094520945634,0.39308988132543904,,False,"estimate < 1200; CV bound outside [0, 0.33]",,1.7257038091526296,0.27782779697585785,10
Hockey,15-17,Foot/toes,46,,74.85779669025347,0.6388649264460436,,False,"estimate < 1200; CV bound outside [0, 0.33]; proportion CV unassessed or > 0.33",,0.8007724663076887,0.6068759736926184,10
Hockey,15-17,Multiple/systemic,14,,33.54666105857069,0.8387055262712388,,False,"n < 20; estimate < 1200; CV bound outside [0, 0.33]; proportion CV unassessed or > 0.33",,0.39359236565675226,0.8738274354338142,10
Hockey,15-17,Internal/systemic,0,,0.0,,,False,CV unassessed; proportion CV unassessed or > 0.33,,0.0,,10
Hockey,15-17,Not stated/other,7,,26.939860000000003,1.0000000000000002,,False,"n < 20; estimate < 1200; CV bound outside [0, 0.33]; proportion CV unassessed or > 0.33",,0.34316817218256485,1.1311767582030114,10
Hockey,18-24,Head/face,615,2500.0,638.6455565781237,0.25829695367881916,2500.0,True,passes conservative screen,35.1,4.511829281453699,0.12857148626594259,10
Hockey,18-24,Neck,39,,90.1141468762211,0.569558801387793,,False,"estimate < 1200; CV bound outside [0, 0.33]; proportion CV unassessed or > 0.33",,1.249146625432676,0.556277670717084,10
Hockey,18-24,Shoulder/upper arm,266,,355.34927006550373,0.31573353043359287,,False,estimate < 1200,,2.9587211834543026,0.18522599472907925,10
Hockey,18-24,Elbow/forearm,82,,164.06664475148983,0.4510822159900433,,False,"estimate < 1200; CV bound outside [0, 0.33]; proportion CV unassessed or > 0.33",,1.9700546893322537,0.3816333395077876,10
Hockey,18-24,Wrist/hand,213,,296.3919601930925,0.32208380945101944,,False,estimate < 1200,,2.953756063877781,0.22615683515588042,10
Hockey,18-24,Trunk/spine,151,,249.69206788737037,0.37225319311903127,,False,"estimate < 1200; CV bound outside [0, 0.33]",,2.7559853197167303,0.2894964230730231,10
Hockey,18-24,Hip/thigh,33,,95.57905767632406,0.658307028638939,,False,"estimate < 1200; CV bound outside [0, 0.33]; proportion CV unassessed or > 0.33",,1.2951762904414506,0.6285317918859818,10
Hockey,18-24,Knee,83,,145.48837681059896,0.4328579433891985,,False,"estimate < 1200; CV bound outside [0, 0.33]; proportion CV unassessed or > 0.33",,1.7850239915716677,0.3741913701436061,10
Hockey,18-24,Lower leg,47,,106.70142222888084,0.5418118680042057,,False,"estimate < 1200; CV bound outside [0, 0.33]; proportion CV unassessed or > 0.33",,1.4297211716889602,0.5115195895414895,10
Hockey,18-24,Ankle,102,,187.04217510414205,0.39884556003552135,,False,"estimate < 1200; CV bound outside [0, 0.33]; proportion CV unassessed or > 0.33",,2.2709330058235553,0.3411946058668687,10
Hockey,18-24,Foot/toes,26,,84.16491986145152,0.630058437659089,,False,"estimate < 1200; CV bound outside [0, 0.33]; proportion CV unassessed or > 0.33",,1.2248618618475866,0.6460549325570971,10
Hockey,18-24,Multiple/systemic,12,,19.856035245131935,0.765285457024917,,False,"n < 20; estimate < 1200; CV bound outside [0, 0.33]; proportion CV unassessed or > 0.33",,0.3153632814512364,0.8563960742328073,10
Hockey,18-24,Internal/systemic,0,,0.0,,,False,CV unassessed; proportion CV unassessed or > 0.33,,0.0,,10
Hockey,18-24,Not stated/other,7,,22.434714712831475,0.795780755191936,,False,"n < 20; estimate < 1200; CV bound outside [0, 0.33]; proportion CV unassessed or > 0.33",,0.372681086582262,0.931414190834426,10
Hockey,25-34,Head/face,454,1900.0,613.8403697214835,0.32962752811001905,1900.0,True,passes conservative screen,43.1,6.116236356377203,0.14178711999782223,10
Hockey,25-34,Neck,21,,80.2140104246736,0.7465426123168774,,False,"estimate < 1200; CV bound outside [0, 0.33]; proportion CV unassessed or > 0.33",,1.6845121915008816,0.6768041682562683,10
Hockey,25-34,Shoulder/upper arm,142,,251.3477924996742,0.4056700116695093,,False,"estimate < 1200; CV bound outside [0, 0.33]",,3.930103151389973,0.2738333079028072,10
Hockey,25-34,Elbow/forearm,37,,87.42448916245829,0.6260903052184497,,False,"estimate < 1200; CV bound outside [0, 0.33]; proportion CV unassessed or > 0.33",,1.909042120128917,0.5902063536531391,10
Hockey,25-34,Wrist/hand,80,,173.43673971311324,0.47757272764252007,,False,"estimate < 1200; CV bound outside [0, 0.33]; proportion CV unassessed or > 0.33",,3.3808638261923067,0.40189313692102274,10
Hockey,25-34,Trunk/spine,96,,155.41415357826696,0.4021901622538562,,False,"estimate < 1200; CV bound outside [0, 0.33]; proportion CV unassessed or > 0.33",,3.052224233529063,0.3409901282879113,10
Hockey,25-34,Hip/thigh,20,,45.515823228495236,0.6992994875608713,,False,"estimate < 1200; CV bound outside [0, 0.33]; proportion CV unassessed or > 0.33",,1.074032841702426,0.7123654757974012,10
Hockey,25-34,Knee,65,,133.6121969321906,0.488903120586426,,False,"estimate < 1200; CV bound outside [0, 0.33]; proportion CV unassessed or > 0.33",,2.783512313044865,0.43969785334768574,10
Hockey,25-34,Lower leg,27,,65.38105534720731,0.668834995271862,,False,"estimate < 1200; CV bound outside [0, 0.33]; proportion CV unassessed or > 0.33",,1.5161626243974584,0.6695720903525665,10
Hockey,25-34,Ankle,74,,155.5541331822819,0.45351515396374076,,False,"estimate < 1200; CV bound outside [0, 0.33]; proportion CV unassessed or > 0.33",,2.842060656588741,0.3577075321891184,10
Hockey,25-34,Foot/toes,12,,37.39660563975206,0.8000061105424718,,False,"n < 20; estimate < 1200; CV bound outside [0, 0.33]; proportion CV unassessed or > 0.33",,0.9253382581876581,0.8545670281074021,10
Hockey,25-34,Multiple/systemic,3,,9.450841172388541,0.8734337282124058,,False,"n < 20; estimate < 1200; CV bound outside [0, 0.33]; proportion CV unassessed or > 0.33",,0.27043297722039616,1.0789557590998855,10
Hockey,25-34,Internal/systemic,0,,0.0,,,False,CV unassessed; proportion CV unassessed or > 0.33,,0.0,,10
Hockey,25-34,Not stated/other,1,,1.8543899999999987,0.9999999999999992,,False,"n < 20; estimate < 1200; CV bound outside [0, 0.33]; proportion CV unassessed or > 0.33",,0.053495485095109714,1.2453761594423571,10
Hockey,35-44,Head/face,207,,289.49233054205195,0.3326254147854615,,False,"estimate < 1200; CV bound outside [0, 0.33]",,6.906483086558146,0.21162898185752474,10
Hockey,35-44,Neck,4,,15.561869148050885,0.7543937990097535,,False,"n < 20; estimate < 1200; CV bound outside [0, 0.33]; proportion CV unassessed or > 0.33",,0.7242689258168367,0.9363452821743945,10
Hockey,35-44,Shoulder/upper arm,90,,169.8868069696967,0.43630552112574006,,False,"estimate < 1200; CV bound outside [0, 0.33]",,4.627723125566031,0.3169554659666196,10
Hockey,35-44,Elbow/forearm,29,,88.2353091533138,0.6367218939219617,,False,"estimate < 1200; CV bound outside [0, 0.33]; proportion CV unassessed or > 0.33",,2.971546585916571,0.5718600243585575,10
Hockey,35-44,Wrist/hand,51,,121.29253054281385,0.5130279285952005,,False,"estimate < 1200; CV bound outside [0, 0.33]; proportion CV unassessed or > 0.33",,3.820868579426526,0.4309916684813012,10
Hockey,35-44,Trunk/spine,90,,188.77449896601493,0.4207205093608136,,False,"estimate < 1200; CV bound outside [0, 0.33]",,5.44633729512025,0.3237089556825208,10
Hockey,35-44,Hip/thigh,6,,33.57918000000001,1.0000000000000004,,False,"n < 20; estimate < 1200; CV bound outside [0, 0.33]; proportion CV unassessed or > 0.33",,1.353140908196115,1.074664148389238,10
Hockey,35-44,Knee,38,,104.04742025547594,0.5731660325811843,,False,"estimate < 1200; CV bound outside [0, 0.33]; proportion CV unassessed or > 0.33",,3.5323428144911655,0.5189336065566476,10
Hockey,35-44,Lower leg,27,,55.44157121174643,0.6184395420168505,,False,"estimate < 1200; CV bound outside [0, 0.33]; proportion CV unassessed or > 0.33",,2.091330369315024,0.622134359956859,10
Hockey,35-44,Ankle,40,,100.5503742704216,0.5597786807032709,,False,"estimate < 1200; CV bound outside [0, 0.33]; proportion CV unassessed or > 0.33",,3.273788789923218,0.48605245764894833,10
Hockey,35-44,Foot/toes,14,,39.31560462197285,0.7300088461631974,,False,"n < 20; estimate < 1200; CV bound outside [0, 0.33]; proportion CV unassessed or > 0.33",,1.659116906637564,0.8215613052377009,10
Hockey,35-44,Multiple/systemic,4,,24.593190000000007,1.0000000000000004,,False,"n < 20; estimate < 1200; CV bound outside [0, 0.33]; proportion CV unassessed or > 0.33",,1.0587037094127922,1.1480462731437535,10
Hockey,35-44,Internal/systemic,0,,0.0,,,False,CV unassessed; proportion CV unassessed or > 0.33,,0.0,,10
Hockey,35-44,Not stated/other,0,,0.0,,,False,CV unassessed; proportion CV unassessed or > 0.33,,0.0,,10
Hockey,45-54,Head/face,126,,246.60875174133838,0.39822089701796326,,False,"estimate < 1200; CV bound outside [0, 0.33]",,9.258865334759571,0.24550030648576113,10
Hockey,45-54,Neck,11,,39.703506001783836,0.8205017638565516,,False,"n < 20; estimate < 1200; CV bound outside [0, 0.33]; proportion CV unassessed or > 0.33",,2.7244467298093173,0.9245016503592098,10
Hockey,45-54,Shoulder/upper arm,40,,124.15756669582515,0.5990091198022669,,False,"estimate < 1200; CV bound outside [0, 0.33]; proportion CV unassessed or > 0.33",,6.195589497166309,0.49081924901052104,10
Hockey,45-54,Elbow/forearm,15,,42.9978297561359,0.6692799438295719,,False,"n < 20; estimate < 1200; CV bound outside [0, 0.33]; proportion CV unassessed or > 0.33",,2.937412488118897,0.7507665619778444,10
Hockey,45-54,Wrist/hand,35,,79.46998780898001,0.6508204606533644,,False,"estimate < 1200; CV bound outside [0, 0.33]; proportion CV unassessed or > 0.33",,4.415552753550027,0.593774905195541,10
Hockey,45-54,Trunk/spine,70,,129.84271363128596,0.4778456648585752,,False,"estimate < 1200; CV bound outside [0, 0.33]; proportion CV unassessed or > 0.33",,6.653325283117936,0.4020569126156476,10
Hockey,45-54,Hip/thigh,8,,26.19284154858322,0.8494521983988063,,False,"n < 20; estimate < 1200; CV bound outside [0, 0.33]; proportion CV unassessed or > 0.33",,1.6493559141573448,0.8783132221957388,10
Hockey,45-54,Knee,12,,41.023102411285784,0.739894226056227,,False,"n < 20; estimate < 1200; CV bound outside [0, 0.33]; proportion CV unassessed or > 0.33",,2.5627407686314805,0.7589698510090601,10
Hockey,45-54,Lower leg,15,,36.18483294067331,0.7414320090425681,,False,"n < 20; estimate < 1200; CV bound outside [0, 0.33]; proportion CV unassessed or > 0.33",,2.601931312390902,0.875425709444749,10
Hockey,45-54,Ankle,29,,85.97672893121323,0.6832244217062667,,False,"estimate < 1200; CV bound outside [0, 0.33]; proportion CV unassessed or > 0.33",,5.037813142417738,0.6573599312255012,10
Hockey,45-54,Foot/toes,7,,27.018834023082405,0.9323928719278765,,False,"n < 20; estimate < 1200; CV bound outside [0, 0.33]; proportion CV unassessed or > 0.33",,1.7992551742066214,1.0195389247336275,10
Hockey,45-54,Multiple/systemic,4,,19.105230000000006,1.0000000000000002,,False,"n < 20; estimate < 1200; CV bound outside [0, 0.33]; proportion CV unassessed or > 0.33",,1.395701875475019,1.199552061517388,10
Hockey,45-54,Internal/systemic,0,,0.0,,,False,CV unassessed; proportion CV unassessed or > 0.33,,0.0,,10
Hockey,45-54,Not stated/other,0,,0.0,,,False,CV unassessed; proportion CV unassessed or > 0.33,,0.0,,10
Hockey,55-64,Head/face,81,,157.51416799438044,0.41582426179519455,,False,"estimate < 1200; CV bound outside [0, 0.33]; proportion CV unassessed or > 0.33",,11.576366461100246,0.3516602120924754,10
Hockey,55-64,Neck,5,,20.9281385981841,0.939107763705399,,False,"n < 20; estimate < 1200; CV bound outside [0, 0.33]; proportion CV unassessed or > 0.33",,2.1113910213905256,1.0902202996563768,10
Hockey,55-64,Shoulder/upper arm,32,,100.0187916236483,0.6521531068451754,,False,"estimate < 1200; CV bound outside [0, 0.33]; proportion CV unassessed or > 0.33",,7.649139476005456,0.5739067199583135,10
Hockey,55-64,Elbow/forearm,11,,44.74322492619389,0.8799374161832287,,False,"n < 20; estimate < 1200; CV bound outside [0, 0.33]; proportion CV unassessed or > 0.33",,4.278269066923032,0.9681738803068043,10
Hockey,55-64,Wrist/hand,31,,56.744658176886205,0.6677643531000328,,False,"estimate < 1200; CV bound outside [0, 0.33]; proportion CV unassessed or > 0.33",,4.735362029608988,0.6412275902462413,10
Hockey,55-64,Trunk/spine,71,,145.09179925020496,0.47407488581519125,,False,"estimate < 1200; CV bound outside [0, 0.33]; proportion CV unassessed or > 0.33",,9.485572887398588,0.3566386556121255,10
Hockey,55-64,Hip/thigh,3,,4.93771,1.0,,False,"n < 20; estimate < 1200; CV bound outside [0, 0.33]; proportion CV unassessed or > 0.33",,0.5225330769754094,1.2177243018170747,10
Hockey,55-64,Knee,9,,30.220797474043383,0.8675521514852889,,False,"n < 20; estimate < 1200; CV bound outside [0, 0.33]; proportion CV unassessed or > 0.33",,2.8147157384412025,0.929790228924696,10
Hockey,55-64,Lower leg,9,,37.45399871000808,0.7645634545435039,,False,"n < 20; estimate < 1200; CV bound outside [0, 0.33]; proportion CV unassessed or > 0.33",,3.647241375879045,0.8567233738475983,10
Hockey,55-64,Ankle,6,,26.735110191439155,0.9092090472113109,,False,"n < 20; estimate < 1200; CV bound outside [0, 0.33]; proportion CV unassessed or > 0.33",,2.7809419279160745,1.0882644835164137,10
Hockey,55-64,Foot/toes,2,,6.792170000000001,1.0000000000000002,,False,"n < 20; estimate < 1200; CV bound outside [0, 0.33]; proportion CV unassessed or > 0.33",,0.7310141482486877,1.2384486411106548,10
Hockey,55-64,Multiple/systemic,3,,12.081010000000001,1.0,,False,"n < 20; estimate < 1200; CV bound outside [0, 0.33]; proportion CV unassessed or > 0.33",,1.2761287296887576,1.2154917291462288,10
Hockey,55-64,Internal/systemic,0,,0.0,,,False,CV unassessed; proportion CV unassessed or > 0.33,,0.0,,10
Hockey,55-64,Not stated/other,3,,17.32898,1.0000000000000002,,False,"n < 20; estimate < 1200; CV bound outside [0, 0.33]; proportion CV unassessed or > 0.33",,1.764259655835683,1.1715215134203798,10
Hockey,65-74,Head/face,18,,49.185535347754026,0.6526652076603766,,False,"n < 20; estimate < 1200; CV bound outside [0, 0.33]; proportion CV unassessed or > 0.33",,13.704876196886866,0.6264889544955575,10
Hockey,65-74,Neck,2,,3.19848,1.0,,False,"n < 20; estimate < 1200; CV bound outside [0, 0.33]; proportion CV unassessed or > 0.33",,1.2729005464987837,1.3709956476298244,10
Hockey,65-74,Shoulder/upper arm,13,,58.87395425922855,0.693786932030046,,False,"n < 20; estimate < 1200; CV bound outside [0, 0.33]; proportion CV unassessed or > 0.33",,15.356112689286903,0.6234037957793485,10
Hockey,65-74,Elbow/forearm,4,,18.61102402308241,0.9047592297904832,,False,"n < 20; estimate < 1200; CV bound outside [0, 0.33]; proportion CV unassessed or > 0.33",,6.943883250984135,1.1629215150178664,10
Hockey,65-74,Wrist/hand,2,,7.43659,1.0,,False,"n < 20; estimate < 1200; CV bound outside [0, 0.33]; proportion CV unassessed or > 0.33",,2.8790639123253716,1.3337140005757042,10
Hockey,65-74,Trunk/spine,21,,65.6126655263104,0.678423729558783,,False,"estimate < 1200; CV bound outside [0, 0.33]; proportion CV unassessed or > 0.33",,16.55383149107457,0.589653826519146,10
Hockey,65-74,Hip/thigh,1,,5.645009999999999,0.9999999999999999,,False,"n < 20; estimate < 1200; CV bound outside [0, 0.33]; proportion CV unassessed or > 0.33",,2.2656007103853093,1.3826233884962016,10
Hockey,65-74,Knee,1,,1.5443800000000008,1.0000000000000004,,False,"n < 20; estimate < 1200; CV bound outside [0, 0.33]; proportion CV unassessed or > 0.33",,0.6401068559794246,1.4278531782802606,10
Hockey,65-74,Lower leg,7,,25.63824356907528,0.9357292990956774,,False,"n < 20; estimate < 1200; CV bound outside [0, 0.33]; proportion CV unassessed or > 0.33",,8.18388666299645,1.0289797020864548,10
Hockey,65-74,Ankle,2,,3.5170999999999992,0.9999999999999998,,False,"n < 20; estimate < 1200; CV bound outside [0, 0.33]; proportion CV unassessed or > 0.33",,1.3995943859492048,1.370890345003672,10
Hockey,65-74,Foot/toes,1,,6.872330000000001,1.0000000000000002,,False,"n < 20; estimate < 1200; CV bound outside [0, 0.33]; proportion CV unassessed or > 0.33",,2.8162558810485057,1.411735541879721,10
Hockey,65-74,Multiple/systemic,1,,8.62161,1.0000000000000002,,False,"n < 20; estimate < 1200; CV bound outside [0, 0.33]; proportion CV unassessed or > 0.33",,3.547462224071527,1.417472521039589,10
Hockey,65-74,Internal/systemic,0,,0.0,,,False,CV unassessed; proportion CV unassessed or > 0.33,,0.0,,10
Hockey,65-74,Not stated/other,1,,2.7587000000000006,1.0000000000000002,,False,"n < 20; estimate < 1200; CV bound outside [0, 0.33]; proportion CV unassessed or > 0.33",,1.1067058662334526,1.3820157093083232,10
Hockey,75+,Head/face,14,,49.50234605674348,0.8551700188619709,,False,"n < 20; estimate < 1200; CV bound outside [0, 0.33]; proportion CV unassessed or > 0.33",,34.69287591012452,0.6065919385187417,10
Hockey,75+,Neck,0,,0.0,,,False,CV unassessed; proportion CV unassessed or > 0.33,,0.0,,10
Hockey,75+,Shoulder/upper arm,2,,9.951389999999998,0.9999999999999997,,False,"n < 20; estimate < 1200; CV bound outside [0, 0.33]; proportion CV unassessed or > 0.33",,14.101096703910935,1.4341639147828054,10
Hockey,75+,Elbow/forearm,1,,2.8100800000000006,1.0000000000000002,,False,"n < 20; estimate < 1200; CV bound outside [0, 0.33]; proportion CV unassessed or > 0.33",,4.3874215321190375,1.5802300825136273,10
Hockey,75+,Wrist/hand,1,,1.6991899999999998,0.9999999999999998,,False,"n < 20; estimate < 1200; CV bound outside [0, 0.33]; proportion CV unassessed or > 0.33",,2.805898512544542,1.6713201996685259,10
Hockey,75+,Trunk/spine,5,,24.43311240033007,0.8464668201752193,,False,"n < 20; estimate < 1200; CV bound outside [0, 0.33]; proportion CV unassessed or > 0.33",,29.775901278117345,1.0440606050601078,10
Hockey,75+,Hip/thigh,0,,0.0,,,False,CV unassessed; proportion CV unassessed or > 0.33,,0.0,,10
Hockey,75+,Knee,0,,0.0,,,False,CV unassessed; proportion CV unassessed or > 0.33,,0.0,,10
Hockey,75+,Lower leg,0,,0.0,,,False,CV unassessed; proportion CV unassessed or > 0.33,,0.0,,10
Hockey,75+,Ankle,0,,0.0,,,False,CV unassessed; proportion CV unassessed or > 0.33,,0.0,,10
Hockey,75+,Foot/toes,0,,0.0,,,False,CV unassessed; proportion CV unassessed or > 0.33,,0.0,,10
Hockey,75+,Multiple/systemic,0,,0.0,,,False,CV unassessed; proportion CV unassessed or > 0.33,,0.0,,10
Hockey,75+,Internal/systemic,0,,0.0,,,False,CV unassessed; proportion CV unassessed or > 0.33,,0.0,,10
Hockey,75+,Not stated/other,0,,0.0,,,False,CV unassessed; proportion CV unassessed or > 0.33,,0.0,,10
Fishing,0-4,Head/face,137,,182.54719515093606,0.35432144518114866,,False,"estimate < 1200; CV bound outside [0, 0.33]",,8.822340718924796,0.3068187590348105,10
Fishing,0-4,Neck,8,,15.830243688081003,0.9550427161214523,,False,"n < 20; estimate < 1200; CV bound outside [0, 0.33]; proportion CV unassessed or > 0.33",,0.986855841235041,1.0667550830037082,10
Fishing,0-4,Shoulder/upper arm,7,,42.65419517260326,0.9042750975811538,,False,"n < 20; estimate < 1200; CV bound outside [0, 0.33]; proportion CV unassessed or > 0.33",,2.4595665055582185,0.9342717091076606,10
Fishing,0-4,Elbow/forearm,11,,34.629382915699836,0.898424652290747,,False,"n < 20; estimate < 1200; CV bound outside [0, 0.33]; proportion CV unassessed or > 0.33",,2.144354828874729,0.9968030687099108,10
Fishing,0-4,Wrist/hand,115,,198.17808152870288,0.3793389204575603,,False,"estimate < 1200; CV bound outside [0, 0.33]",,8.692826654673981,0.29813201263869776,10
Fishing,0-4,Trunk/spine,13,,46.873688976430145,0.9588568628850574,,False,"n < 20; estimate < 1200; CV bound outside [0, 0.33]; proportion CV unassessed or > 0.33",,2.8179974542074606,1.0328590328342373,10
Fishing,0-4,Hip/thigh,6,,24.24217490019715,0.981332667034113,,False,"n < 20; estimate < 1200; CV bound outside [0, 0.33]; proportion CV unassessed or > 0.33",,1.5344605853092226,1.1129514557552282,10
Fishing,0-4,Knee,8,,27.24052030284064,0.9628602590143821,,False,"n < 20; estimate < 1200; CV bound outside [0, 0.33]; proportion CV unassessed or > 0.33",,1.6258485588518354,1.0296835213026347,10
Fishing,0-4,Lower leg,32,,68.17648996371472,0.5978646413496925,,False,"estimate < 1200; CV bound outside [0, 0.33]; proportion CV unassessed or > 0.33",,3.863628595937444,0.6070708946779423,10
Fishing,0-4,Ankle,2,,11.300390000000004,1.0000000000000002,,False,"n < 20; estimate < 1200; CV bound outside [0, 0.33]; proportion CV unassessed or > 0.33",,0.7528034729906634,1.1936142373599758,10
Fishing,0-4,Foot/toes,63,,160.75511483388877,0.4702800642494429,,False,"estimate < 1200; CV bound outside [0, 0.33]; proportion CV unassessed or > 0.33",,7.742432720747056,0.40583081252693565,10
Fishing,0-4,Multiple/systemic,9,,20.088719989007807,0.7943247824565143,,False,"n < 20; estimate < 1200; CV bound outside [0, 0.33]; proportion CV unassessed or > 0.33",,1.2571922552256742,0.890683388494594,10
Fishing,0-4,Internal/systemic,15,,41.76952179135339,0.726558889191515,,False,"n < 20; estimate < 1200; CV bound outside [0, 0.33]; proportion CV unassessed or > 0.33",,2.4713926009603666,0.7702449650217497,10
Fishing,0-4,Not stated/other,0,,0.0,,,False,CV unassessed; proportion CV unassessed or > 0.33,,0.0,,10
Fishing,5-9,Head/face,272,,346.1479094388642,0.29824862287949283,,False,estimate < 1200,,5.685654371107782,0.21876036680545682,10
Fishing,5-9,Neck,12,,40.525522075186686,0.9126553791290887,,False,"n < 20; estimate < 1200; CV bound outside [0, 0.33]; proportion CV unassessed or > 0.33",,0.9254527986116297,0.9306875961834847,10
Fishing,5-9,Shoulder/upper arm,27,,83.16948264668606,0.6822214114408518,,False,"estimate < 1200; CV bound outside [0, 0.33]; proportion CV unassessed or > 0.33",,1.8705031438979052,0.6851588021267565,10
Fishing,5-9,Elbow/forearm,46,,124.67460374755885,0.5346915624976926,,False,"estimate < 1200; CV bound outside [0, 0.33]; proportion CV unassessed or > 0.33",,2.6555011678813885,0.5085612717341249,10
Fishing,5-9,Wrist/hand,266,1300.0,344.0072003939903,0.2709581040226325,1300.0,True,passes conservative screen,28.4,5.457252682063488,0.1919464693783266,10
Fishing,5-9,Trunk/spine,44,,91.49076181514849,0.5606526006590906,,False,"estimate < 1200; CV bound outside [0, 0.33]; proportion CV unassessed or > 0.33",,2.0870194553485852,0.5711031401855202,10
Fishing,5-9,Hip/thigh,27,,76.10691212994435,0.6558793826705548,,False,"estimate < 1200; CV bound outside [0, 0.33]; proportion CV unassessed or > 0.33",,1.811967675875365,0.6973033902548925,10
Fishing,5-9,Knee,24,,60.04038567503191,0.7863913992468282,,False,"estimate < 1200; CV bound outside [0, 0.33]; proportion CV unassessed or > 0.33",,1.3547941522342126,0.7923919382595197,10
Fishing,5-9,Lower leg,90,,187.3602065721156,0.4362097220556379,,False,"estimate < 1200; CV bound outside [0, 0.33]; proportion CV unassessed or > 0.33",,3.3682091247306194,0.35017769971631835,10
Fishing,5-9,Ankle,9,,31.67366041577194,0.9095427029556847,,False,"n < 20; estimate < 1200; CV bound outside [0, 0.33]; proportion CV unassessed or > 0.33",,0.7495400359403289,0.961149902727578,10
Fishing,5-9,Foot/toes,157,,235.75742322688296,0.3297511848316195,,False,estimate < 1200,,4.47607638652562,0.2795695911085101,10
Fishing,5-9,Multiple/systemic,11,,34.575094102004435,0.9664007644538902,,False,"n < 20; estimate < 1200; CV bound outside [0, 0.33]; proportion CV unassessed or > 0.33",,0.8152502365352091,1.0175512235582245,10
Fishing,5-9,Internal/systemic,7,,22.594343004328863,0.9187310288146688,,False,"n < 20; estimate < 1200; CV bound outside [0, 0.33]; proportion CV unassessed or > 0.33",,0.5558472732910118,1.009289138744778,10
Fishing,5-9,Not stated/other,5,,35.37785601536333,0.871584214238512,,False,"n < 20; estimate < 1200; CV bound outside [0, 0.33]; proportion CV unassessed or > 0.33",,0.8809505388376015,0.9691719243365453,10
Fishing,10-14,Head/face,279,1300.0,373.46428566299875,0.2909044415370249,1300.0,True,passes conservative screen,17.0,3.5451618414039987,0.2088491475836951,10
Fishing,10-14,Neck,15,,42.107192981818216,0.7587626709617108,,False,"n < 20; estimate < 1200; CV bound outside [0, 0.33]; proportion CV unassessed or > 0.33",,0.62338508054624,0.8495744352093202,10
Fishing,10-14,Shoulder/upper arm,49,,130.5800829012623,0.49952422394960555,,False,"estimate < 1200; CV bound outside [0, 0.33]; proportion CV unassessed or > 0.33",,1.5638537880582222,0.4524505553687243,10
Fishing,10-14,Elbow/forearm,76,,166.02530812746437,0.47259017141069,,False,"estimate < 1200; CV bound outside [0, 0.33]; proportion CV unassessed or > 0.33",,2.0635872268103443,0.44425117666816033,10
Fishing,10-14,Wrist/hand,601,3200.0,738.7692865162771,0.22886922184856504,3200.0,True,passes conservative screen,42.7,5.041872045371428,0.11813150757450225,10
Fishing,10-14,Trunk/spine,58,,148.93613852322076,0.4805861073559259,,False,"estimate < 1200; CV bound outside [0, 0.33]; proportion CV unassessed or > 0.33",,1.9872411041440003,0.48497242913607685,10
Fishing,10-14,Hip/thigh,34,,92.89883866580651,0.6260892330904528,,False,"estimate < 1200; CV bound outside [0, 0.33]; proportion CV unassessed or > 0.33",,1.2137981617760685,0.6186824422560866,10
Fishing,10-14,Knee,39,,109.29700797369284,0.5497297371827246,,False,"estimate < 1200; CV bound outside [0, 0.33]; proportion CV unassessed or > 0.33",,1.4518769813067973,0.5522886808188917,10
Fishing,10-14,Lower leg,135,,271.1514667429225,0.36832021887206684,,False,"estimate < 1200; CV bound outside [0, 0.33]",,2.8919618996300755,0.29709923563166235,10
Fishing,10-14,Ankle,24,,85.2961440369352,0.6911988582866878,,False,"estimate < 1200; CV bound outside [0, 0.33]; proportion CV unassessed or > 0.33",,1.1016489776113016,0.6751685663070179,10
Fishing,10-14,Foot/toes,163,,306.5989662135924,0.38276476870080284,,False,"estimate < 1200; CV bound outside [0, 0.33]",,2.9313198640923495,0.2767705309622792,10
Fishing,10-14,Multiple/systemic,6,,31.245375244411445,0.9892015516905486,,False,"n < 20; estimate < 1200; CV bound outside [0, 0.33]; proportion CV unassessed or > 0.33",,0.4579752012225081,1.0965700290692635,10
Fishing,10-14,Internal/systemic,7,,30.29814094421669,0.9847209686679188,,False,"n < 20; estimate < 1200; CV bound outside [0, 0.33]; proportion CV unassessed or > 0.33",,0.4304325001187664,1.0580291309470666,10
Fishing,10-14,Not stated/other,2,,3.0374499999999998,1.0,,False,"n < 20; estimate < 1200; CV bound outside [0, 0.33]; proportion CV unassessed or > 0.33",,0.046795016451381025,1.16516071150474,10
Fishing,15-17,Head/face,114,,230.7246914155151,0.37772449067947117,,False,"estimate < 1200; CV bound outside [0, 0.33]",,5.2920745289472535,0.3160913218104843,10
Fishing,15-17,Neck,5,,27.053628313821264,0.9829604875201203,,False,"n < 20; estimate < 1200; CV bound outside [0, 0.33]; proportion CV unassessed or > 0.33",,0.8517184682274401,1.129047351551619,10
Fishing,15-17,Shoulder/upper arm,16,,80.79081090037077,0.6898623183920518,,False,"n < 20; estimate < 1200; CV bound outside [0, 0.33]; proportion CV unassessed or > 0.33",,2.2088815307268317,0.6881425788453975,10
Fishing,15-17,Elbow/forearm,34,,90.51537193950381,0.5995758634363946,,False,"estimate < 1200; CV bound outside [0, 0.33]; proportion CV unassessed or > 0.33",,2.384540671371323,0.5762780604627818,10
Fishing,15-17,Wrist/hand,309,1800.0,501.8973020582039,0.2838667313801477,1800.0,True,passes conservative screen,48.5,7.789910551970899,0.1607450681539956,10
Fishing,15-17,Trunk/spine,25,,95.91933917612768,0.64403771981499,,False,"estimate < 1200; CV bound outside [0, 0.33]; proportion CV unassessed or > 0.33",,2.6630033719279944,0.6523525920407214,10
Fishing,15-17,Hip/thigh,18,,66.64110785096585,0.7398288036517211,,False,"n < 20; estimate < 1200; CV bound outside [0, 0.33]; proportion CV unassessed or > 0.33",,1.9209681594380141,0.7780629655044531,10
Fishing,15-17,Knee,11,,58.42625173695039,0.7855194291322095,,False,"n < 20; estimate < 1200; CV bound outside [0, 0.33]; proportion CV unassessed or > 0.33",,1.7570116952455903,0.8618448850139692,10
Fishing,15-17,Lower leg,43,,128.91006429240056,0.5826162874701746,,False,"estimate < 1200; CV bound outside [0, 0.33]; proportion CV unassessed or > 0.33",,3.3032037340511957,0.5446740788820629,10
Fishing,15-17,Ankle,10,,29.488029571161444,0.8871397824741164,,False,"n < 20; estimate < 1200; CV bound outside [0, 0.33]; proportion CV unassessed or > 0.33",,0.9043759275336775,0.9926607401010062,10
Fishing,15-17,Foot/toes,51,,201.54674733318913,0.5793242918381049,,False,"estimate < 1200; CV bound outside [0, 0.33]; proportion CV unassessed or > 0.33",,4.319528083447626,0.45298914801442636,10
Fishing,15-17,Multiple/systemic,2,,18.726590000000005,1.0000000000000002,,False,"n < 20; estimate < 1200; CV bound outside [0, 0.33]; proportion CV unassessed or > 0.33",,0.6111168296517938,1.1906142939624105,10
Fishing,15-17,Internal/systemic,1,,5.0929800000000025,1.0000000000000004,,False,"n < 20; estimate < 1200; CV bound outside [0, 0.33]; proportion CV unassessed or > 0.33",,0.17079944460261268,1.2235452454745412,10
Fishing,15-17,Not stated/other,6,,34.31537000000001,1.0000000000000002,,False,"n < 20; estimate < 1200; CV bound outside [0, 0.33]; proportion CV unassessed or > 0.33",,1.024629129790741,1.0893904478401235,10
Fishing,18-24,Head/face,141,,251.20475085916934,0.3250873579517333,,False,estimate < 1200,,3.8586289624997763,0.2925629005772574,10
Fishing,18-24,Neck,16,,71.08000683737968,0.7584965298080645,,False,"n < 20; estimate < 1200; CV bound outside [0, 0.33]; proportion CV unassessed or > 0.33",,1.2350852248503776,0.7721773611088044,10
Fishing,18-24,Shoulder/upper arm,34,,107.4786012700065,0.6149412838434176,,False,"estimate < 1200; CV bound outside [0, 0.33]; proportion CV unassessed or > 0.33",,1.8131676001117967,0.607804058094404,10
Fishing,18-24,Elbow/forearm,53,,166.78359388589357,0.46664464683526613,,False,"estimate < 1200; CV bound outside [0, 0.33]; proportion CV unassessed or > 0.33",,2.835627053793579,0.4648320582060049,10
Fishing,18-24,Wrist/hand,487,2900.0,662.7947332626245,0.23169242832622702,2900.0,True,passes conservative screen,48.8,5.599022753261433,0.11467243275177334,10
Fishing,18-24,Trunk/spine,41,,125.38667178165649,0.5372598539460082,,False,"estimate < 1200; CV bound outside [0, 0.33]; proportion CV unassessed or > 0.33",,2.0972346072642267,0.5264947337908621,10
Fishing,18-24,Hip/thigh,21,,63.14294440906997,0.6971270454140417,,False,"estimate < 1200; CV bound outside [0, 0.33]; proportion CV unassessed or > 0.33",,1.0864331424836415,0.7027552664915401,10
Fishing,18-24,Knee,24,,94.14046011754596,0.6596958176480869,,False,"estimate < 1200; CV bound outside [0, 0.33]; proportion CV unassessed or > 0.33",,1.5644603713703626,0.6423119203169394,10
Fishing,18-24,Lower leg,66,,175.05275923618933,0.4428629621850813,,False,"estimate < 1200; CV bound outside [0, 0.33]; proportion CV unassessed or > 0.33",,2.700609101872584,0.4002912787080875,10
Fishing,18-24,Ankle,26,,97.10658203242681,0.6338184426604316,,False,"estimate < 1200; CV bound outside [0, 0.33]; proportion CV unassessed or > 0.33",,1.627349961151516,0.6223162807463324,10
Fishing,18-24,Foot/toes,82,,222.13575565541214,0.45803607241226396,,False,"estimate < 1200; CV bound outside [0, 0.33]; proportion CV unassessed or > 0.33",,3.0743087179406112,0.371400676245656,10
Fishing,18-24,Multiple/systemic,9,,43.54231572213688,0.8125794895640572,,False,"n < 20; estimate < 1200; CV bound outside [0, 0.33]; proportion CV unassessed or > 0.33",,0.8011221725934609,0.875925332031795,10
Fishing,18-24,Internal/systemic,0,,0.0,,,False,CV unassessed; proportion CV unassessed or > 0.33,,0.0,,10
Fishing,18-24,Not stated/other,8,,42.58507160222715,0.928373982512266,,False,"n < 20; estimate < 1200; CV bound outside [0, 0.33]; proportion CV unassessed or > 0.33",,0.7973559905224782,1.0184315424741979,10
Fishing,25-34,Head/face,162,,248.8728606815328,0.29090748202419764,,False,estimate < 1200,,3.0694634772035765,0.2686581037087865,10
Fishing,25-34,Neck,13,,55.24084767225155,0.7993306746144859,,False,"n < 20; estimate < 1200; CV bound outside [0, 0.33]; proportion CV unassessed or > 0.33",,0.7738127079023519,0.8384209589215178,10
Fishing,25-34,Shoulder/upper arm,39,,109.58896694741331,0.49157889887627176,,False,"estimate < 1200; CV bound outside [0, 0.33]; proportion CV unassessed or > 0.33",,1.4833737026919245,0.49823828771758216,10
Fishing,25-34,Elbow/forearm,66,,176.33456652817543,0.4411996008018286,,False,"estimate < 1200; CV bound outside [0, 0.33]; proportion CV unassessed or > 0.33",,2.153061920189886,0.4033799423668915,10
Fishing,25-34,Wrist/hand,644,3500.0,729.3422822679715,0.20619166297516164,3500.0,True,passes conservative screen,47.2,5.047241219402719,0.1068449239235458,10
Fishing,25-34,Trunk/spine,88,,202.8396848374303,0.3992337880744531,,False,"estimate < 1200; CV bound outside [0, 0.33]; proportion CV unassessed or > 0.33",,2.41461390952875,0.3558624659748782,10
Fishing,25-34,Hip/thigh,22,,72.31015122346352,0.6197007276258896,,False,"estimate < 1200; CV bound outside [0, 0.33]; proportion CV unassessed or > 0.33",,1.0583684512058094,0.6791719564299571,10
Fishing,25-34,Knee,36,,118.03555547015132,0.5277322021722842,,False,"estimate < 1200; CV bound outside [0, 0.33]; proportion CV unassessed or > 0.33",,1.4736162240668202,0.4933387910046994,10
Fishing,25-34,Lower leg,70,,191.9560126385056,0.4742300954075746,,False,"estimate < 1200; CV bound outside [0, 0.33]; proportion CV unassessed or > 0.33",,2.27633865846973,0.42109917331713165,10
Fishing,25-34,Ankle,46,,126.38859443063684,0.4692466438899514,,False,"estimate < 1200; CV bound outside [0, 0.33]; proportion CV unassessed or > 0.33",,1.6382145549262612,0.45543268424563554,10
Fishing,25-34,Foot/toes,109,,284.5426593986964,0.4196521860072957,,False,"estimate < 1200; CV bound outside [0, 0.33]; proportion CV unassessed or > 0.33",,2.9960324607673794,0.33086340996157837,10
Fishing,25-34,Multiple/systemic,25,,97.2795291106523,0.7692534450167928,,False,"estimate < 1200; CV bound outside [0, 0.33]; proportion CV unassessed or > 0.33",,1.2949538624913008,0.766765226344033,10
Fishing,25-34,Internal/systemic,4,,14.969988374041856,0.9095326246654173,,False,"n < 20; estimate < 1200; CV bound outside [0, 0.33]; proportion CV unassessed or > 0.33",,0.22973137992791468,1.0451467232537455,10
Fishing,25-34,Not stated/other,9,,41.060034740298846,0.6846233939300475,,False,"n < 20; estimate < 1200; CV bound outside [0, 0.33]; proportion CV unassessed or > 0.33",,0.6432056059613462,0.8030495941564675,10
Fishing,35-44,Head/face,129,,231.12806815110156,0.31067317611841877,,False,estimate < 1200,,2.741028147204588,0.28783953355128733,10
Fishing,35-44,Neck,9,,52.14846450306832,0.7456588508603829,,False,"n < 20; estimate < 1200; CV bound outside [0, 0.33]; proportion CV unassessed or > 0.33",,0.7396210066204274,0.8262163182593302,10
Fishing,35-44,Shoulder/upper arm,57,,151.83659485744886,0.4481742609835009,,False,"estimate < 1200; CV bound outside [0, 0.33]; proportion CV unassessed or > 0.33",,1.8819804401372506,0.4339817230376508,10
Fishing,35-44,Elbow/forearm,83,,186.969685209661,0.3991774526843283,,False,"estimate < 1200; CV bound outside [0, 0.33]; proportion CV unassessed or > 0.33",,2.1662358566552578,0.3613153602539434,10
Fishing,35-44,Wrist/hand,681,3900.0,736.3594528761138,0.18744094795036323,3900.0,True,passes conservative screen,50.3,4.791330363305379,0.09528325857459478,10
Fishing,35-44,Trunk/spine,104,,205.1688173998828,0.37090447322535464,,False,"estimate < 1200; CV bound outside [0, 0.33]; proportion CV unassessed or > 0.33",,2.4094771087115205,0.3402980021762363,10
Fishing,35-44,Hip/thigh,24,,90.48044099139494,0.658573757982711,,False,"estimate < 1200; CV bound outside [0, 0.33]; proportion CV unassessed or > 0.33",,1.135038852744225,0.6454257968199759,10
Fishing,35-44,Knee,26,,87.43962813676798,0.6170689603378932,,False,"estimate < 1200; CV bound outside [0, 0.33]; proportion CV unassessed or > 0.33",,1.168533618495626,0.6442471256246985,10
Fishing,35-44,Lower leg,88,,205.47779284565632,0.38114941199940594,,False,"estimate < 1200; CV bound outside [0, 0.33]; proportion CV unassessed or > 0.33",,2.2965865586436887,0.33281206331777424,10
Fishing,35-44,Ankle,45,,141.6280086756605,0.49566053364544155,,False,"estimate < 1200; CV bound outside [0, 0.33]; proportion CV unassessed or > 0.33",,1.8276532937681291,0.49970636760783416,10
Fishing,35-44,Foot/toes,92,,206.33410896294677,0.4311489611266903,,False,"estimate < 1200; CV bound outside [0, 0.33]; proportion CV unassessed or > 0.33",,2.193564150476223,0.35809028259210574,10
Fishing,35-44,Multiple/systemic,16,,62.548755925967974,0.7798612495878432,,False,"n < 20; estimate < 1200; CV bound outside [0, 0.33]; proportion CV unassessed or > 0.33",,0.8276491692605199,0.8061777867169659,10
Fishing,35-44,Internal/systemic,0,,0.0,,,False,CV unassessed; proportion CV unassessed or > 0.33,,0.0,,10
Fishing,35-44,Not stated/other,7,,44.59654354112516,0.9486874241336953,,False,"n < 20; estimate < 1200; CV bound outside [0, 0.33]; proportion CV unassessed or > 0.33",,0.6078062408654838,1.0101200173652027,10
Fishing,45-54,Head/face,127,,236.04398708104378,0.3185449073945836,,False,estimate < 1200,,2.5799789268164024,0.2866942389436288,10
Fishing,45-54,Neck,10,,40.265786359903274,0.7515237606754469,,False,"n < 20; estimate < 1200; CV bound outside [0, 0.33]; proportion CV unassessed or > 0.33",,0.5206138336302182,0.8001056141931542,10
Fishing,45-54,Shoulder/upper arm,44,,142.88920333324728,0.5134306515433108,,False,"estimate < 1200; CV bound outside [0, 0.33]; proportion CV unassessed or > 0.33",,1.6798553658373694,0.49702627846472436,10
Fishing,45-54,Elbow/forearm,64,,151.14835313477445,0.47308317733189337,,False,"estimate < 1200; CV bound outside [0, 0.33]; proportion CV unassessed or > 0.33",,1.7616970718122955,0.4540361167322837,10
Fishing,45-54,Wrist/hand,793,4500.0,859.1846779862051,0.19039321377959853,4500.0,True,passes conservative screen,54.8,4.420393982889944,0.0806586600450341,10
Fishing,45-54,Trunk/spine,117,,209.0994367350247,0.34643888731983485,,False,"estimate < 1200; CV bound outside [0, 0.33]",,2.373566058402751,0.323817397386559,10
Fishing,45-54,Hip/thigh,23,,95.52473387440685,0.6764579231335364,,False,"estimate < 1200; CV bound outside [0, 0.33]; proportion CV unassessed or > 0.33",,1.182220743598682,0.6893640152789082,10
Fishing,45-54,Knee,43,,112.00258312307172,0.5224193087090688,,False,"estimate < 1200; CV bound outside [0, 0.33]; proportion CV unassessed or > 0.33",,1.3967016418983342,0.5364384607102424,10
Fishing,45-54,Lower leg,76,,194.01679928243976,0.44638165322834433,,False,"estimate < 1200; CV bound outside [0, 0.33]; proportion CV unassessed or > 0.33",,2.1219267394152905,0.4019966824064016,10
Fishing,45-54,Ankle,38,,118.86029226428946,0.5248792055005644,,False,"estimate < 1200; CV bound outside [0, 0.33]; proportion CV unassessed or > 0.33",,1.4558687327466369,0.529382859190298,10
Fishing,45-54,Foot/toes,78,,222.79956563384263,0.46888729069017343,,False,"estimate < 1200; CV bound outside [0, 0.33]; proportion CV unassessed or > 0.33",,2.3907599648316387,0.4143002341940393,10
Fishing,45-54,Multiple/systemic,29,,109.3805877500262,0.6162445989449878,,False,"estimate < 1200; CV bound outside [0, 0.33]; proportion CV unassessed or > 0.33",,1.2668861422769457,0.5877268635105094,10
Fishing,45-54,Internal/systemic,1,,8.115199999999998,0.9999999999999998,,False,"n < 20; estimate < 1200; CV bound outside [0, 0.33]; proportion CV unassessed or > 0.33",,0.11280909643561268,1.1446427870062659,10
Fishing,45-54,Not stated/other,6,,48.15279000000002,1.0000000000000004,,False,"n < 20; estimate < 1200; CV bound outside [0, 0.33]; proportion CV unassessed or > 0.33",,0.6406451655507507,1.0955221945577744,10
Fishing,55-64,Head/face,109,,215.21416937451787,0.370885383117416,,False,"estimate < 1200; CV bound outside [0, 0.33]; proportion CV unassessed or > 0.33",,2.3908163243688456,0.33860886191110584,10
Fishing,55-64,Neck,19,,74.22159106637498,0.6903367581224673,,False,"n < 20; estimate < 1200; CV bound outside [0, 0.33]; proportion CV unassessed or > 0.33",,0.9239545914206426,0.7062600124344706,10
Fishing,55-64,Shoulder/upper arm,36,,124.8992726903515,0.5473763698583256,,False,"estimate < 1200; CV bound outside [0, 0.33]; proportion CV unassessed or > 0.33",,1.4016976242405006,0.5048515847945956,10
Fishing,55-64,Elbow/forearm,85,,178.86977518832782,0.3805903551476709,,False,"estimate < 1200; CV bound outside [0, 0.33]; proportion CV unassessed or > 0.33",,1.9853248978552567,0.34716477825658565,10
Fishing,55-64,Wrist/hand,772,4600.0,854.4082164120316,0.18730931861520195,4600.0,True,passes conservative screen,55.5,4.903950004639983,0.08835339720205534,10
Fishing,55-64,Trunk/spine,144,,249.35273709340495,0.3193415914534716,,False,estimate < 1200,,2.8250373381912928,0.2973368860001455,10
Fishing,55-64,Hip/thigh,15,,61.921875304511744,0.8241223543008147,,False,"n < 20; estimate < 1200; CV bound outside [0, 0.33]; proportion CV unassessed or > 0.33",,0.7735381389872376,0.8460822349281049,10
Fishing,55-64,Knee,48,,150.61881956408018,0.5173781246338021,,False,"estimate < 1200; CV bound outside [0, 0.33]; proportion CV unassessed or > 0.33",,1.749345377560303,0.4938415595322048,10
Fishing,55-64,Lower leg,72,,161.6832548732379,0.41228907520775493,,False,"estimate < 1200; CV bound outside [0, 0.33]; proportion CV unassessed or > 0.33",,1.869356386622641,0.39175282840168485,10
Fishing,55-64,Ankle,32,,101.65597925610498,0.6758386904572602,,False,"estimate < 1200; CV bound outside [0, 0.33]; proportion CV unassessed or > 0.33",,1.2154849392196128,0.6641144890032151,10
Fishing,55-64,Foot/toes,64,,158.1404660918133,0.4644751733606131,,False,"estimate < 1200; CV bound outside [0, 0.33]; proportion CV unassessed or > 0.33",,1.7576703977116823,0.4242679059865812,10
Fishing,55-64,Multiple/systemic,31,,106.10458974650915,0.5714913336711637,,False,"estimate < 1200; CV bound outside [0, 0.33]; proportion CV unassessed or > 0.33",,1.2572820552715085,0.5565336731727426,10
Fishing,55-64,Internal/systemic,3,,18.215750000000003,1.0,,False,"n < 20; estimate < 1200; CV bound outside [0, 0.33]; proportion CV unassessed or > 0.33",,0.24345297811169805,1.0983766336104175,10
Fishing,55-64,Not stated/other,6,,30.92971113879626,0.8385978539718881,,False,"n < 20; estimate < 1200; CV bound outside [0, 0.33]; proportion CV unassessed or > 0.33",,0.4208211060726928,0.9376886239520725,10
Fishing,65-74,Head/face,108,,212.05146504070245,0.366035990765673,,False,"estimate < 1200; CV bound outside [0, 0.33]; proportion CV unassessed or > 0.33",,3.3283028117899662,0.3363595861067509,10
Fishing,65-74,Neck,6,,31.3949,1.0,,False,"n < 20; estimate < 1200; CV bound outside [0, 0.33]; proportion CV unassessed or > 0.33",,0.5796916099386421,1.0810265880782903,10
Fishing,65-74,Shoulder/upper arm,37,,101.8177248160349,0.5735121629655562,,False,"estimate < 1200; CV bound outside [0, 0.33]; proportion CV unassessed or > 0.33",,1.675659365710689,0.5525905425793813,10
Fishing,65-74,Elbow/forearm,42,,139.52755914533483,0.5373858026347071,,False,"estimate < 1200; CV bound outside [0, 0.33]; proportion CV unassessed or > 0.33",,2.2984636812190073,0.5182774368676899,10
Fishing,65-74,Wrist/hand,522,3200.0,653.9042262807741,0.2074097941274836,3200.0,True,passes conservative screen,53.9,6.367709126171318,0.11824881518608771,10
Fishing,65-74,Trunk/spine,114,,242.7331797826586,0.3585997972801738,,False,"estimate < 1200; CV bound outside [0, 0.33]",,3.737944285078913,0.3233048230007391,10
Fishing,65-74,Hip/thigh,11,,47.961925392940834,0.7436078477702479,,False,"n < 20; estimate < 1200; CV bound outside [0, 0.33]; proportion CV unassessed or > 0.33",,0.8987385505817432,0.8157915284213948,10
Fishing,65-74,Knee,20,,95.71507857054826,0.73687526321086,,False,"estimate < 1200; CV bound outside [0, 0.33]; proportion CV unassessed or > 0.33",,1.6170997879721372,0.7288680319357111,10
Fishing,65-74,Lower leg,36,,113.95127607252414,0.5729182877467808,,False,"estimate < 1200; CV bound outside [0, 0.33]; proportion CV unassessed or > 0.33",,1.8740101972768062,0.5516249575960637,10
Fishing,65-74,Ankle,19,,61.60490194068543,0.6161908049110643,,False,"n < 20; estimate < 1200; CV bound outside [0, 0.33]; proportion CV unassessed or > 0.33",,1.138137197122936,0.6664890598349696,10
Fishing,65-74,Foot/toes,39,,137.65874327619218,0.5731368055245805,,False,"estimate < 1200; CV bound outside [0, 0.33]; proportion CV unassessed or > 0.33",,2.193250291755169,0.5346150236903918,10
Fishing,65-74,Multiple/systemic,40,,124.67531123134154,0.5996555036734924,,False,"estimate < 1200; CV bound outside [0, 0.33]; proportion CV unassessed or > 0.33",,1.9677661176948493,0.5541065785527965,10
Fishing,65-74,Internal/systemic,0,,0.0,,,False,CV unassessed; proportion CV unassessed or > 0.33,,0.0,,10
Fishing,65-74,Not stated/other,6,,34.27744026351378,0.9585775823056457,,False,"n < 20; estimate < 1200; CV bound outside [0, 0.33]; proportion CV unassessed or > 0.33",,0.641482487924771,1.0502728898650922,10
Fishing,75+,Head/face,50,,144.58368120842755,0.48713319913004083,,False,"estimate < 1200; CV bound outside [0, 0.33]; proportion CV unassessed or > 0.33",,4.589170964753398,0.4075633089240191,10
Fishing,75+,Neck,4,,13.602550000000003,1.0,,False,"n < 20; estimate < 1200; CV bound outside [0, 0.33]; proportion CV unassessed or > 0.33",,0.5781680509636232,1.1203820701602016,10
Fishing,75+,Shoulder/upper arm,14,,72.58124256438859,0.7040386231458542,,False,"n < 20; estimate < 1200; CV bound outside [0, 0.33]; proportion CV unassessed or > 0.33",,2.9430750649583133,0.7524988091039165,10
Fishing,75+,Elbow/forearm,39,,119.61663784045865,0.5243579156816428,,False,"estimate < 1200; CV bound outside [0, 0.33]; proportion CV unassessed or > 0.33",,4.223228615872245,0.4879925824463721,10
Fishing,75+,Wrist/hand,184,,350.3400121712336,0.30426325502339935,,False,estimate < 1200,,8.70701230411565,0.19932479046791002,10
Fishing,75+,Trunk/spine,71,,160.80867946493828,0.4196916947964674,,False,"estimate < 1200; CV bound outside [0, 0.33]; proportion CV unassessed or > 0.33",,5.388171282243154,0.3706761760420645,10
Fishing,75+,Hip/thigh,5,,33.53081053260449,0.9601244590333268,,False,"n < 20; estimate < 1200; CV bound outside [0, 0.33]; proportion CV unassessed or > 0.33",,1.4400597353448583,1.0869169989321061,10
Fishing,75+,Knee,7,,30.241043745201374,0.8173111484582399,,False,"n < 20; estimate < 1200; CV bound outside [0, 0.33]; proportion CV unassessed or > 0.33",,1.2948084800446087,0.9224197078904695,10
Fishing,75+,Lower leg,17,,76.06271638911514,0.7313845095977102,,False,"n < 20; estimate < 1200; CV bound outside [0, 0.33]; proportion CV unassessed or > 0.33",,2.92085153172516,0.7403137244377967,10
Fishing,75+,Ankle,6,,32.28394371597432,0.8329231674761646,,False,"n < 20; estimate < 1200; CV bound outside [0, 0.33]; proportion CV unassessed or > 0.33",,1.4249537130585728,0.9690618789226789,10
Fishing,75+,Foot/toes,18,,69.76168107050205,0.6727178415930575,,False,"n < 20; estimate < 1200; CV bound outside [0, 0.33]; proportion CV unassessed or > 0.33",,2.755966748970453,0.7005229596048855,10
Fishing,75+,Multiple/systemic,23,,89.69783725323087,0.6769538249245832,,False,"estimate < 1200; CV bound outside [0, 0.33]; proportion CV unassessed or > 0.33",,3.1927111280620415,0.6351394555725728,10
Fishing,75+,Internal/systemic,0,,0.0,,,False,CV unassessed; proportion CV unassessed or > 0.33,,0.0,,10
Fishing,75+,Not stated/other,2,,8.818589999999993,0.9999999999999992,,False,"n < 20; estimate < 1200; CV bound outside [0, 0.33]; proportion CV unassessed or > 0.33",,0.39437571186775966,1.1788088852593601,10
